스레드 ID,REF 코드,경계 상태,먼 재등장,미확인 범위,반례,비정사,사용자 확인 필요,상태,원문 위치,원천 레지스트리,유사성 판정,인물·관계·사건·표현,자유 이해,조합 가설,현재 질문,확인 범위
TH-REF24-DLG-04 · 발화 내용과 수용 의미의 분리,REF-24,near-exact,초면의 도발적·탐색적 말투가 후반에는 안부 확인과 실무 조정의 말투로 재등장한다. 표면 리듬은 비슷하지만 공동 기억과 관계 권리가 축적되어 수용 의미가 달라진다.,복원된 227개 단위 전체의 모든 대사와 각 장면의 세부 전후 맥락은 전수 확인하지 않음. 현재 결론은 선택한 초·중·후반 범위에서 반복 확인된 대화 수용 메커니즘에 한정,"명령 전달, 정확한 정보 확인, 의례적 보고처럼 말뜻을 명료하게 유지해야 하는 장면도 있다. 모든 발화에 숨은 뜻이나 오해를 강제로 부여하면 인물은 계속 말싸움만 하게 된다.",Yes,No,VERIFIED_THREAD,"복원 단위 8~10, 79~83, 139~140, 162~163, 228의 대화 장면 대조",REF-24 (https://app.notion.com/p/REF-24-11cbaa79eaae827e806701b29b71afd1?pvs=21),,"발화자 의도와 청자 해석을 분리해 읽는다. 관찰 가능한 표현 단서는 호칭, 높임 단계, 문장 완결/중단, 길이, 반복, 침묵, 질문 회피, 공개/비공개 장소, 발화 직전 행동, 답변 뒤 행동이다. 음성 억양은 본문 단서 없이 추정하지 않는다. 관계의 누적은 같은 표현의 허용 범위와 의미를 바꾼다.","REF-24의 대화는 말뜻을 발화문 안에 고정하지 않는다. 청자는 어휘와 높임만 듣는 것이 아니라 지금 왜 이 말을 하는지, 누가 보는 앞인지, 이 사람이 나에게 이런 말을 할 권리가 있는지, 내가 이 사람을 무엇으로 알고 있었는지를 함께 계산한다. 그래서 칭찬은 작업·시험·진심으로, 공손한 조언은 충성·월권·도전으로, 익숙한 독설은 적대·안도·돌봄으로 달리 수용된다.",,같은 말의 사전적 내용이 표현·타이밍·청중·관계·선입견에 따라 어떻게 전혀 다른 뜻으로 받아들여지는가?,"초반의 칭찬·공손한 조언·직무 대화, 중반의 탐색형 잡담·책임 전가/협상, 후반의 부상 뒤 익숙한 독설·침묵·직접 인정, 종반의 생활화된 실무적 핀잔을 교차 확인"
TH-REF24-DLG-05 · 청자별 수용 분기와 후속 행동,REF-24,near-exact,"초반에는 대사를 통해 상대 정체와 위험도를 재분류하고, 후반에는 같은 방식의 건조한 반응이 관계 유지와 실무 협력으로 이어진다. 청자 반응의 습관도 캐릭터 연속성으로 누적된다.",모든 청자 조합과 모든 발화 유형을 전수 분류하지 않음. 현재는 선택 범위에서 행동 변화까지 확인 가능한 사례에 집중,즉답이 필요한 위기·작전·보고 장면에서는 해석 분기를 길게 늘리면 속도와 정보 정확도가 무너진다. 또한 침묵이 언제나 깊은 뜻을 갖는 것은 아니다.,Yes,No,VERIFIED_THREAD,"복원 단위 8~10, 79~83, 139~140, 162~163, 228의 반응·후속 행동 대조",REF-24 (https://app.notion.com/p/REF-24-11cbaa79eaae827e806701b29b71afd1?pvs=21),,"청자는 literal reply, 의도에 답하기, 프레임 거부, 오해, 침묵, 지연 수용, 행동으로 답하기 중 하나를 선택한다. 제삼자는 같은 말을 체면 싸움이나 위계 신호로 다르게 볼 수 있다. 이후 사건과 관계 변화가 어느 해석이 우세했는지를 누적 증명한다.","뉘앙스는 형용사 하나가 아니라 수용 결과의 차이다. 같은 문자 내용도 청자의 지식·욕망·체면·두려움·관계 기억에 따라 다른 행동을 낳는다. 장면은 답변 한 줄에서 끝나지 않고 누가 일을 떠맡았는지, 누가 침묵했는지, 누가 남거나 떠났는지까지 이어져야 해석이 검증된다.",,발화의 뉘앙스를 작가의 설명이 아니라 청자의 반응과 이후 행동으로 어떻게 판별하고 누적시키는가?,"초반의 오인과 지위 갈등, 중반의 계약·업무 전환, 후반의 불안 은폐와 신뢰 확인, 종반의 친밀한 실무 교정까지 반응→행동의 연쇄 확인"
TH-REF24-DLG-02 · 반복 농담의 관계 변주,REF-24,near-exact,첫 대면에서 불쾌함을 드러내던 건조한 재분류가 162의 병상 재회에서는 상대가 예전 상태로 돌아왔음을 확인하는 안도 신호로 바뀐다. 228에서는 관계가 극도로 장기화된 뒤에도 이 역할이 사라지지 않고 실무 조언과 친밀한 거절의 형태로 남는다.,모든 반복 호칭과 농담의 최초 발생·전체 변형을 전수 조사하지 않음. 다른 인물 조합에 동일한 변주가 적용되는지는 별도 스레드 필요.,반복 농담이 있다는 이유만으로 관계가 깊은 것은 아니다. 새로운 사건과 관계 이동 없이 같은 놀림만 되풀이하면 캐릭터가 유행어 기계로 굳는다. 큰 상처나 권력 침해 직후 상대가 농담을 받아줄 근거가 없는데도 평소 리듬을 강제하면 폭력과 불쾌를 가린다.,Yes,No,VERIFIED_THREAD,"복원 단위 79~83, 139~140, 162~163, 228. 원문 줄 21935~23009, 39498~39624, 46583~46850, 66101~66141.",REF-24 (https://app.notion.com/p/REF-24-11cbaa79eaae827e806701b29b71afd1?pvs=21),,"초기 B는 A의 호칭 장난과 수다를 거절하며 자신이 쉽게 휘둘리지 않는다는 선을 긋는다. 중기 B는 A의 위험한 선택을 비판하고, A는 그 반박을 능력 시험과 임무 부여로 전환한다. 위험 이후 A가 일부러 평소의 장난을 걸고 B가 익숙한 독설로 되받는 순간, 독자는 대사 내용보다 관계 리듬의 복원을 읽는다. 이후 짧은 인정이 들어가면서 같은 공방이 더 이상 적대가 아니라 신뢰를 견디는 그릇이 된다.",반복 농담의 맛은 같은 문구를 재사용하는 데 있지 않고 관계가 달라질수록 발화의 위험과 수용 방식이 바뀌는 데 있다. 초기의 비꼼은 경계와 거리 확보다. 중기에는 주인공의 과잉과 윤리적 위험을 제어하는 직무적 반박이 된다. 큰 위험 뒤 재회에서는 평소의 비꼼을 다시 수행할 수 있다는 사실 자체가 생존과 원래 인격의 확인이 된다. 장기 관계에서는 농담이 업무 조율과 친밀한 체면 보존을 동시에 담당한다.,,같은 종류의 비꼼과 호칭이 적대·신뢰·친밀 단계에서 어떻게 다른 감정 기능을 갖는가?,"첫 적대·계약, 중기 가치 충돌·업무 권한, 중상 후 재회, 장기 실무 관계의 네 시점을 대조."
TH-REF24-DLG-03 · 농담 뒤 진심과 행동 정산,REF-24,near-exact,"초기에는 농담 뒤 고용·협력 조건이 붙고, 중기에는 반박 뒤 업무 권한과 책임이 붙는다. 162~163에서는 공방 뒤 직접 인정과 향후 협력 약속이 온다. 장기적으로 농담이 관계를 대신하지 않고 관계 변화의 진입로 역할을 유지한다.","전투 중 군중 농담, 집단 희극, 연애·성적 농담의 전체 변형은 현재 카드의 적용 범위에서 제외.",일상적 안부나 공식 정보 전달처럼 정산할 갈등이 없는 대화는 농담 뒤 행동 변화를 억지로 만들지 않는다. 또한 심각한 상처·강압·권력 침해를 농담으로 덮고 사과나 책임을 생략하면 이 메커니즘이 아니라 관계 피해의 은폐가 된다.,Yes,No,VERIFIED_THREAD,"복원 단위 79~83의 계약·협상, 139~140의 가치 충돌과 임무, 162~163의 병상 재회와 인정. 반례로 8~10의 공식 대화.",REF-24 (https://app.notion.com/p/REF-24-11cbaa79eaae827e806701b29b71afd1?pvs=21),,"A는 농담으로 분위기와 자기 불안을 조절하지만 B는 웃음만 제공하지 않고 조건과 판단을 돌려준다. 중기 가치 충돌에서도 B의 반박은 감탄이나 패배로 끝나지 않고 A가 책임과 자원을 넘기는 계기가 된다. 위험 후 재회에서는 익숙한 말싸움이 정서적 안전을 먼저 회복하고, 이어지는 짧은 인정이 관계의 새 상태를 확정한다. 지문은 대사의 뜻을 반복하기보다 몸 상태, 멈춘 행동, 실제 업무 인수로 변화를 보여준다.","이 작품의 농담은 장면을 멈추는 장식이 아니라 어려운 진심이나 위험한 요구를 통과시키는 완충 구간이다. 그러나 농담만으로 감정을 대신하지 않는다. 충분한 공방 뒤에는 계약 기간, 업무 범위, 예산, 정보 공개, 인정, 사과처럼 되돌릴 수 있는 구체 변화가 온다. 진심은 공방보다 짧고 직접적이며, 그 직후 상대의 표정만이 아니라 수락·거절·임무 수행·관계 권리의 변화가 뒤따른다.",,농담의 가벼움을 유지하면서 어떻게 진심·책임·사건 진행까지 연결하는가?,계약·협상·임무 부여·병상 재회 등 농담 뒤 실제 정산이 있는 연속 장면을 초·중·후반에서 대조.
TH-REF24-DLG-01 · 농담형 공방의 층위,REF-24,near-exact,162~163에서 위험을 넘긴 뒤 초기부터 쓰던 건조한 비꼼과 수다 분류가 안도 확인으로 재사용된다. 228에서는 지위와 관계가 크게 달라진 뒤에도 상대가 주인공의 사기·허세를 실무적으로 분류하는 역할이 남아 있다. 표면 리듬은 익숙하지만 기능은 적대적 견제에서 건강 확인·친밀한 교정·실무 보완으로 이동한다.,나머지 복원 단위 전체의 모든 대화 조합과 성별·연애·집단별 변형은 이번 질문에서 재독하지 않음. 특정 어휘·욕설·성적 농담의 빈도나 효과는 일반화하지 않음.,"8~10의 공식 알현·군사 정보 교환은 상당 부분 담백하고 기능적이다. 작품은 모든 대사를 농담으로 만들지 않는다. 지위 차가 크거나 정보 정확성이 우선인 장면, 상대가 농담에 참여할 관계 권리가 없는 장면에서는 말맛을 절제한다. 따라서 ‘양쪽이 항상 반격한다’는 규칙은 성립하지 않는다.",Yes,No,VERIFIED_THREAD,"복원 단위 79~83 중심, 139~140·162~163·228 대조. 원문 줄 21935~23009, 39498~39624, 46583~46850, 66101~66141.",REF-24 (https://app.notion.com/p/REF-24-11cbaa79eaae827e806701b29b71afd1?pvs=21),,"인물 A는 불리한 분위기와 자기 불안을 가벼운 화제로 덮으면서 상대의 반응을 수집한다. 인물 B는 그 화제를 그대로 받지 않고 A의 수다·허세·계산을 분류해 되돌려준다. 초기에는 적대와 경계가 강해 짧은 거절과 냉소가 많고, 관계가 쌓인 뒤에는 같은 종류의 비꼼이 안부 확인과 걱정 은폐로 바뀐다. 표현상 핵심은 짧은 농담 자체가 아니라 표면 화제, 숨은 탐침, 상대의 재분류, 즉각 반응, 다음 행동이 한 흐름으로 이어지는 데 있다.","이 작품의 농담은 승패를 가르는 말싸움보다 상대를 시험하고 관계의 허용 범위를 재는 접촉에 가깝다. 한쪽이 장난스러운 호칭·과장·엉뚱한 화제로 프레임을 만들면 상대는 정색만 하지 않고 직업적 관찰, 건조한 재분류, 조건 제시로 되받는다. 웃음은 두 사람이 서로를 다르게 읽는 틈에서 생기며, 공격의 세기는 현재 지위·불신·친밀도에 따라 달라진다. 상대가 실제로 불쾌하거나 위험한 선을 넘으면 농담이 멈추고 조건·사과·명령·거절 같은 현실 행동으로 전환된다.",,농담형 대화가 어떻게 단순 말다툼이 되지 않고 재미·인물성·관계 정보를 동시에 만드는가?,"초기 공식·군사 대화 8~10, 첫 대면·계약 79~83, 중기 가치 충돌 139~140, 중상 이후 재회 162~163, 장기 관계 상태 228을 근접 독해."
TH-REF19-DLG-01 · 제도적 문장의 이중 기능,REF-19,near-exact,복원 단위 181에서 협박을 ‘서로 돕는 제안’으로 바꾸며 청자의 선택 범위를 다시 설계한다.,"복원 단위 2~180의 제도 언어 변주와, 말에 속지 않거나 공개적으로 거부하는 청자의 반례",모든 완곡한 문장이 강제인 것은 아니다. 상호 신뢰가 쌓인 관계의 농담과 제안은 실제 선택권을 남기기도 한다.,Yes,No,VERIFIED_SCENE,복원 단위 1 · 원문 8~385행,REF-19 (https://app.notion.com/p/REF-19-4dbbaa79eaae8239b6f48153fb46987e?pvs=21),,"발화 의도=저항 차단과 자백 유도. 청자 수용=무죄 항변에서 횡령 자백과 매수 제안으로 이동. 후속 행동=수색 강도 상승, 조작 증거 제시, 처형. 지문은 주인공의 내적 냉소와 수하들의 복창·가구 파괴를 끼워 넣어 말의 공식성과 실제 폭력의 간극을 보이게 한다.","표면상 공정한 협조 요청이 실제로는 집을 부수고 압박해 별개의 죄를 자백시키는 강제 장치다. 주인공은 상대가 진짜 첩자가 아님을 알면서도 조직의 정당한 문장과 절차를 빌려 제거한다. 말의 뜻은 협조·무죄 확인이지만 장면의 기능은 공포·자백·살해 명분 생산이다. 직후 주인공 자신이 첩자임이 밝혀져, 같은 문장이 직업적 위장과 자기모순까지 함께 드러낸다.",,이 작품은 이후에도 공적 명분의 문장을 사적 목적과 조직 권력의 실행 장치로 반복하는가?,초반 방첩 수색·심문·숙청 장면과 직후 정체 반전
TH-REF08-REL-01 · 질문 난이도와 책임 이동이 협업 관계를 바꾼다,REF-08,exact,"초기의 생활·법적 질문이 U0036~0037에서는 국가 단위의 구조적 질문으로 커지고, 제안자가 혼자 답할 수 없는 영역을 인정하게 한다.",중후반 갈등·실망·권한 충돌과 관계의 최종 형태,질문이 모두 정답 제시를 위한 발판이라면 관계 변화가 아니라 설명의 분할에 불과하다.,Yes,No,VERIFIED_THREAD,U0002~0004 · U0036~0037,REF-08 (https://app.notion.com/p/REF-08-736baa79eaae8216b39f01ee4a4ab92e?pvs=21),,"인물: 발명자는 설명자에서 수정 책임자로, 통치자는 수동 승인자에서 학습·판단자로 변한다. 관계: 친밀함과 권력 차이가 질문을 막지 않고 역할을 분화한다. 사건: 반문·재설계·전문가 검토·시험 시행이 관계 변화를 낳는다. 표현: 감정 서술보다 누가 누구에게 어떤 난도의 문제를 돌려주는지로 관계를 보인다.","협업 관계의 성장은 호칭이나 호감보다 질문의 질로 드러난다. 상대는 처음에는 안전과 합법성을 묻고, 이후에는 자본·인력·교육·엘리트 포획처럼 더 어려운 문제를 맡긴다. 질문이 깊어질수록 책임과 신뢰도 이동한다.",,질문받는 쪽이 거절하거나 모른다고 말한 뒤에도 신뢰가 유지되는 장면이 있는가?,"초기 친족·고객 관계, 통치자와 제안자의 정책 협업 시작"
TH-REF01-WLD-01 · 가격·계약·시간이 세계를 생활로 만드는 방식,REF-01,exact,초반의 5개 영석 조각 미끼와 후반의 수백 영석 전액 투자는 자원 규모가 달라도 불확실성을 비용으로 관리하는 습관을 연결한다.,26~379의 조직 생활·도시 이동·자원 인플레이션·생활 지속성,숫자가 많아도 다음 선택을 바꾸지 않으면 회계 보고에 그친다. 모든 문제를 비용 효율로만 환산하면 윤리·관계·감정이 눌릴 수 있다.,Yes,No,VERIFIED_THREAD,"제공본 5~6 · 19~20 · 원문 1717~2436, 7087~7960행",REF-01 (https://app.notion.com/p/REF-01-b1ebaa79eaae82449d4781d49d57197f?pvs=21),,설정→계산→선택의 순서가 반복된다. 30년·재료 수백 장·하루 20분·매입가 비율 같은 수치는 장식이 아니라 인물의 수련 우선순위와 위험 감수선을 바꾼다. 상인의 친절·문지기의 압박·점포의 무시는 각자의 경제적 이해와 공간 규칙에 맞춰 달라진다.,"세계관은 계급과 제도를 설명하는 명사 목록보다 주인공이 포기하는 시간과 감수하는 가격으로 체화된다. 조직 계약은 월봉보다 30년의 수련 가능 시기를 빼앗는 것이 핵심 비용이다. 기술직은 재능 설명보다 연습 재료의 초기 자본으로 막힌다. 새 영전에서는 비싼 작물보다 관리 시간이 적은 작물을 고르고, 수익이 나지 않는 독 검사용 씨앗에 돈을 쓴다. 살해 보상도 곧바로 자산이 되지 않고 추적 제거·변장·낮은 장물 매입가를 통과한다.",,"자원이 폭증한 뒤에도 가격·관리 시간·노출 비용이 선택을 제한하는가, 아니면 생활 세계가 수치 생산 배경으로 사라지는가?","문파 노동 계약, 기술직 초기 자본, 법술 가격과 부분 학습, 농사 관리 시간, 독 검사 비용, 장물 처리"
TH-REF16-ABS-01 · 부재가 타인의 일과 귀환 재분류를 만든다,REF-16,exact,"U0300의 이탈·귀환이 U0550의 집단적 부재 대응, U0852의 이름과 정체 재호명으로 확대된다.",선택 창 사이의 연속 회차. U0550 이후는 본편 종결부와 외전이 섞이므로 분리 독해 필요. U0852는 저장본 최신 경계이며 외전 종결로 단정하지 않음.,부재를 슬픔과 회상으로만 소비하거나 귀환 즉시 모든 권한을 원상복구하면 타인의 독립 서사는 사라진다.,Yes,No,VERIFIED_THREAD,U0300 → U0550 → U0852,REF-16 (https://app.notion.com/p/REF-16-116baa79eaae839a9f77017ba389acea?pvs=21),,"대체 세계의 인물에게 책임을 넘기고 떠난 뒤, 남은 동료들은 알 수 없는 부분을 남겨둔 채 각자 할 일을 계속한다. 돌아온 사람은 변경된 제도와 타인의 기억 속에서 다른 존재가 된다.","핵심 인물의 부재는 그리움 장면이 아니라 남은 이들이 맡게 된 세계 유지, 원고 작성, 배포, 구조의 빈자리로 가시화된다. 귀환해도 예전 지위로 자동 복원되지 않고 위협이나 다른 이름으로 다시 분류된다.",,부재로 새로 생긴 타인의 권한은 본인이 돌아온 뒤에도 유지되는가?,"U0001-0003, U0050, U0300, U0450, U0550, U0600, U0852"
TH-REF25-REL-01 · 집단의 적대와 개인의 길을 분리해 판단한다,REF-25,exact,"U0300에서는 적대 집단의 개인을 제도와 분리해 인정하고, U0900에서는 오래된 동료가 주인공의 예상을 넘어선 기술을 보여 관계의 위계를 다시 조정한다.",적대 집단 관계의 장기 상환과 동료 관계의 갈등·결별 가능성,주인공에게 인정받은 순간 상대의 서사가 완성되면 독립 인물이 아니라 주인공의 안목을 증명하는 장치가 된다.,Yes,No,VERIFIED_THREAD,U0300 · U0900,REF-25 (https://app.notion.com/p/REF-25-9dfbaa79eaae831d9457819574a9b516?pvs=21),,"인물: 적대자도 자기 목표와 자존심이 있으며 동료도 주인공의 보조가 아니라 독자적 성장을 증명하려 한다. 관계: 보호·존중·경계·경쟁이 동시에 존재한다. 사건: 결투 재설정, 부상자 운반, 관전자들의 상반 해석, 극한 비무가 관계를 갱신한다. 표현: 선언보다 승부 규칙·몸을 맡기는 정도·망설임의 소멸로 신뢰를 보인다.","인물은 어느 문파에 속했는지만으로 판단되지 않는다. 주인공은 적대 조직을 싫어하면서도 개인의 결의와 성장 경로를 존중하고, 가까운 동료에게는 안전한 배려보다 전력을 믿고 받아 주는 방식으로 관계를 확인한다.",,상대를 존중하는 선택이 자기 집단의 이해와 충돌할 때 인물은 어떤 비용을 치르는가?,"적대 집단의 후배와 재대결·보호, 오래된 동료와의 성장 확인 비무"
TH-REF01-RES-01 · 살해 잔여가 보상 리듬에 눌리는 반례,REF-01,exact,10의 첫 살해에서 미정산된 자기 변화가 19에서 잠깐 언어화되지만 행동 기준은 바뀌지 않는다.,26~379의 살해 판단선·후속 추적·피해 관계망·감정 및 윤리 잔여 상환,빠른 상업 리듬 자체가 결함은 아니다. 훗날 관계·습관·판단 비용으로 돌아온다면 지연 정산일 수 있다.,Yes,No,VERIFIED_THREAD,"제공본 10 · 19~20 · 원문 3591~3950, 7087~7960행",REF-01 (https://app.notion.com/p/REF-01-b1ebaa79eaae82449d4781d49d57197f?pvs=21),,"첫 사건=심문→살해→전리품→적대 조직 내부 시점. 두 번째 사건=미행만으로 선제 살해→짧은 자기 불쾌감→자기 합리화→장물 가치와 투자. 표현은 감정 문장을 길게 늘이지 않지만, 짧은 잔여가 다음 선택을 바꾸지 않아 초기화 위험이 있다.","첫 살해는 생존 논리와 과거 착취 기억으로 정당화되고, 피해자가 속한 조직의 지도자는 그 행동을 명령하지 않았다는 별도 목적도 제시된다. 그러나 주인공 자신의 감정·신체·판단 잔여는 짧다. 두 번째 살해에서는 사람을 죽이고 기뻐하는 자신을 잠깐 불쾌해하지만 곧 험한 세계라는 논리로 털고, 장물·투자·생산 증가로 빠르게 이동한다. 이는 작품이 관계와 조직을 분리해 보는 강점과 별개로, 살해의 내적 잔여가 보상 리듬에 눌릴 수 있다는 초기 반례다.",,"이 짧은 불쾌감과 선제 살해 기준이 이후 누적·확대·후퇴하는가, 아니면 매번 같은 자기 합리화 뒤 초기화되는가?","첫 생포·고문·살해와 조직 내부 반응, 두 번째 선제 살해 직후 자기 인식과 장물 보상"
TH-REF16-KNW-01 · 독자 지식이 분산·충돌·자기수정된다,REF-16,exact,"U0001의 단독 완독 경험이 U0050의 부분 독자 경쟁, U0300의 귀환 오분류, U0600 이후의 다중 독자 사회로 확장된다.",선택 창 사이의 연속 회차. U0550 이후는 본편 종결부와 외전이 섞이므로 분리 독해 필요. U0852는 저장본 최신 경계이며 외전 종결로 단정하지 않음.,주인공만 타인의 기억과 능력을 정확히 평가하면 ‘지식의 분산’이 겉모양에 그치고 해석 권력은 다시 한 사람에게 집중될 수 있다.,Yes,No,VERIFIED_THREAD,U0001-0003 → U0050 → U0300 → U0600 → U0852,REF-16 (https://app.notion.com/p/REF-16-116baa79eaae839a9f77017ba389acea?pvs=21),,"초기에는 유일한 독자의 생존 우위로 시작하지만, 중도 이탈 독자와 다른 세계의 인물, 외전의 다수 독자가 각기 다른 정답을 행동으로 제시한다. 같은 정보가 신뢰·기만·동맹의 재료가 된다.","원작 지식은 한 사람의 완전한 지도보다 서로 다른 완독 범위, 기억 오류, 역할 욕망이 경쟁하는 자원이다. 세계가 달라질수록 지식 보유자는 타인의 행동으로 자기 해석을 고쳐야 한다.",,외전의 다중 독자 구조에서도 한 인물의 해석 독점이 실제로 깨지는가?,"U0001-0003, U0050, U0300, U0450, U0550, U0600, U0852"
TH-REF18-DLG-01 · 해석 격차가 농담과 결정 변화를 동시에 만든다,REF-18,exact,"U0200의 적진 협상 유머가 U0300의 거래 농담, U0400의 친한 동료들 사이 말맛, U0481의 적 도발 무효화로 변주된다.",선택 창 사이의 연속 회차. U0481은 저장본 최신 경계이며 작품 종결로 간주하지 않음.,매번 ‘주인공은 문자 그대로 답하고 상대는 황당해한다’로 끝나면 캐릭터 대화가 공식 개그로 굳어지고 장면 기능이 사라진다.,Yes,No,VERIFIED_THREAD,U0200 → U0300 → U0400 → U0481,REF-18 (https://app.notion.com/p/REF-18-fdfbaa79eaae8298821381a24be26713?pvs=21),,"같은 담담한 문장도 상대가 협상가인지, 장난기 많은 지인인지, 냉정한 스승인지, 적인지에 따라 다른 반응과 후속 행동을 낳는다. 지문은 표정과 내면의 온도 차이를 짧게 붙여 수용 의미를 보여준다.","대화의 웃음은 말다툼 자체가 아니라 주인공이 문자 그대로 답하고, 상대는 사회적 함의나 도발로 받아들이는 해석 격차에서 나온다. 좋은 장면에서는 이 격차가 거래·동맹·훈련·전투 판단까지 바꾼다.",,해석 격차가 반복될 때 상대별로 다른 관계 기억이 축적되는가?,"U0001-0003, U0050, U0200, U0300, U0400, U0481"
TH-REF08-RES-01 · 제도 성공은 비용을 진 사람을 가릴 수 있다,REF-08,exact,"U0036~0037에서 제기된 엘리트 포획과 시행 비용 질문이 후반 조직에서는 더 심한 형태로 되돌아오지만, 같은 강도의 검토 장면은 확보 표본에서 보이지 않는다.",후반 조직 구성원의 자발성·이탈·후유증과 체제의 자기비판,구조적 성과가 크다는 이유로 강제와 숨은 노동을 자동 정당화하면 세계는 정교해 보여도 윤리적 인과가 끊긴다.,Yes,No,VERIFIED_THREAD,U0036~0037 · U0910 · U0915,REF-08 (https://app.notion.com/p/REF-08-736baa79eaae8216b39f01ee4a4ab92e?pvs=21),,인물: 정책 설계자와 집행자의 시야 밖에 있는 비용 담당자가 생긴다. 관계: 보호·구제의 관계가 충성·통제 관계로 바뀔 수 있다. 사건: 정보망 확장과 암살 권한이 성과를 만들지만 인간 비용의 사후 장면은 약하다. 표현: 조직 효율을 빠르게 요약할수록 개별 선택과 거부가 지워진다.,"초기에는 제도의 자본·교육·포획 위험을 질문하지만, 후반의 효율적인 비밀 조직에서는 취약한 사람의 노동·세뇌·폭력 권한이 도구처럼 처리되는 경향이 보인다. 성공의 규모가 커질수록 비용 담당자가 서술 밖으로 밀릴 위험이 있다.",,체제의 성공을 유지하면서도 비용을 진 인물의 선택권·후유증·거부를 현재 사건에 다시 들여오는가?,초기 정책의 비용 질문과 후반 외교·정보 조직의 운영 방식
TH-REF01-CHR-01 · 자유를 지키는 인물의 강제 계약 모순,REF-01,exact,1화의 강탈용 미끼와 5화의 노예 계약 거절이 23~25의 강제 계약에서 가해 기술로 역전된다.,26~379의 계약 관계 변화·자유 요청 상환·배신·책임·자기 인식,적이 악인이므로 같은 지배를 해도 문제없다고만 처리하면 인물 모순이 아니라 응징 공식이 된다.,Yes,No,VERIFIED_THREAD,"제공본 5 · 23~25 · 원문 1717~2028, 8765~9842행",REF-01 (https://app.notion.com/p/REF-01-b1ebaa79eaae82449d4781d49d57197f?pvs=21),,가치=자기 운명의 자기 통제. 정당화=눈에는 눈. 행동=영혼 계약 강화와 흔적 은폐. 관계=공개 형제/비밀 주종의 이중 구조. 대사=선택권을 주는 듯한 ‘싫으면 말라’ 뒤에 칼과 죽음만 남아 있어 실제 선택은 닫혀 있다.,"주인공은 긴 노동 계약이 자기 수련 가능 시기를 빼앗는다는 이유로 안전·법술·월봉을 버리고 자유를 선택한다. 그러나 자신을 종속시키려던 적에게는 같은 지배를 되돌려 주는 것이 정당하다고 믿고, 생명·거짓말·악의까지 통제하는 계약을 강요한다. 한 사람은 공을 세우면 자유를 달라고 요청하지만 주인공은 희망도 절망도 주지 않고 답하지 않는다. 다른 사람에게는 공개적으로 ‘아우’라 부르게 해 외부 호칭과 실제 권한을 뒤집는다. 인물의 핵심은 자유를 보편적으로 지키는 선인이 아니라 자기 자유는 양도하지 않되 적의 자유는 대가로 박탈할 수 있다고 믿는 모순에 있다.",,"작품은 이 모순을 주인공의 유능함으로만 보상하는가, 아니면 관계·조직·자기 인식의 비용으로 되돌리는가?","30년 조직 계약 거절과 자유 선언, 적대자 두 명의 영혼 계약 강제, 공개 형제 호칭 설계"
TH-REF16-GRP-01 · 집단이 부재한 사람을 왜곡 가능성째 복원한다,REF-16,exact,U0550의 공동 원고가 U0600의 독자 집단 경쟁과 U0852의 역할·이름 재배치로 변주된다.,선택 창 사이의 연속 회차. U0550 이후는 본편 종결부와 외전이 섞이므로 분리 독해 필요. U0852는 저장본 최신 경계이며 외전 종결로 단정하지 않음.,많은 인물이 등장해도 주인공의 계획을 완성하는 능력 슬롯으로만 쓰이면 공동 복원은 집단 장식에 그친다.,Yes,No,VERIFIED_THREAD,U0550 → U0600 → U0852,REF-16 (https://app.notion.com/p/REF-16-116baa79eaae839a9f77017ba389acea?pvs=21),,"친구들의 장난스러운 수정도 애도의 다른 말투이자 공동 소유권 주장이다. 외전에서는 새 독자 집단과 다른 이름들이 기존 서사를 이어받지만, 각자 별도의 목적과 불완전한 지식을 가진다.","집단은 한 사람의 완전한 전기를 재현하지 못한다. 각자의 기억과 시점 왜곡을 인정한 채 초고를 고치고, 모르는 부분은 비워두며, 기술·세계 규칙이 실패하면 다른 전달 수단과 작성자를 찾는다.",,"외전의 대규모 인물군이 각자의 선택을 유지하는가, 아니면 능력 단위와 원작 재현 역할로 축약되는가?","U0001-0003, U0050, U0300, U0450, U0550, U0600, U0852"
TH-REF08-ENG-01 · 전문성은 제약과 실패를 처리하는 방식으로 증명된다,REF-08,exact,"초기의 작은 제작이 법적·생활적 문제를 만들고, U0036~0037의 정책 설계에서는 같은 태도가 자본·교육·행정 문제로 확대되며, U0450에서는 단일 물건이 보완 기술과 새 용도를 요구한다.",주요 발명 사슬의 전체 실패 기록과 후기 전문성의 변화,결과가 결국 성공으로만 귀결되면 시행착오는 긴장을 만드는 장식이 되고 전문성은 만능 지식으로 평탄화된다.,Yes,No,VERIFIED_THREAD,U0002~0004 · U0036~0037 · U0450,REF-08 (https://app.notion.com/p/REF-08-736baa79eaae8216b39f01ee4a4ab92e?pvs=21),,"인물: 집착과 실험 습관이 능력을 증명하고 오판도 남긴다. 관계: 친족·고객·통치자·실무자가 다른 제약을 제시한다. 사건: 제작·위험·정책 제안·보완재 부족이 연쇄된다. 표현: 결과 설명보다 시제품, 부작용, 반문, 도식 수정, 사용자의 오용을 통해 지식을 행동화한다.","주인공의 지식은 정답을 많이 아는 것으로만 제시되지 않는다. 재료·보관·법·인력·자본·보완 기술 같은 제약에 부딪히고, 질문과 시험을 거쳐 형태를 바꾸는 과정에서 전문성이 드러난다.",,"주인공이 틀린 판단을 고친 흔적이 후기 권력 행사에도 남는가, 아니면 성공이 오판을 덮는가?","초기 제작·정체성 적응, 초기 제도 제안, 중반 발명품의 보완재·용도 확장"
TH-REF01-ENG-01 · 능력 이전에 증명되는 삶의 방식,REF-01,exact,"19~25에서 위험을 돈으로 줄이고 상대를 유인·계약하는 계산은 남지만, 타인의 자유를 박탈하는 방향으로도 확장된다.",26~379의 욕망 변화·실패·책임 확대·종결 상환,고생의 분량 자체가 깊이를 만들지는 않는다. 능력 획득 뒤 선택 방식에 아무 흔적도 남지 않으면 초반 고생은 감정 선불에 그친다.,Yes,No,VERIFIED_THREAD,제공본 1~3 · 원문 3~1370행,REF-01 (https://app.notion.com/p/REF-01-b1ebaa79eaae82449d4781d49d57197f?pvs=21),,"인물 의도=평범한 생존이 아니라 장생과 초월. 행동 증거=새벽 노동, 미끼 분리, 감정 통제, 산행 준비. 표현=성취 장면을 먼저 주고 결핍의 하루로 돌아가 독자가 성취의 가격을 다시 계산하게 한다. 사건 변화=재능 부족의 정체가 자원 획득과 실험의 문제로 이동.","첫 성취는 능력의 화려함만으로 값이 생기지 않는다. 능력을 얻기 전부터 주인공은 수면을 포기하고, 수련 자원을 모으고, 강탈용 미끼와 진짜 재산을 나누고, 분노를 진정한 뒤 다시 노동으로 돌아간다. 장생 욕망도 시스템이 준 퀘스트가 아니라 3년 동안 유지된 자기 선택이다. 능력은 인물을 대신 만드는 것이 아니라 이미 드러난 집요함·위험 계산·욕망을 증폭하는 도구로 들어온다.",,"힘과 자원이 커진 뒤에도 중단·준비·감정 통제 습관이 유지되는가, 아니면 승리 확신으로 평탄화되는가?","성취 선공개 뒤 하루 전 회귀, 3년 노동·결핍·위험 준비, 첫 능력 실험"
TH-REF18-PRC-01 · 비정상적 인지가 장면의 도덕 해석을 지연한다,REF-18,exact,"초기의 사람 관찰이 U0050의 비합리적 희생 목격, U0481의 대규모 의식과 재난 징조 관찰로 확대된다.",선택 창 사이의 연속 회차. U0481은 저장본 최신 경계이며 작품 종결로 간주하지 않음.,"도덕 판단 지연이 반복되면 폭력과 고통이 미적·기술적 구경거리로 소비되고, 주변 인물은 독자의 감정을 대신 설명하는 장치가 될 수 있다.",Yes,No,VERIFIED_THREAD,U0001-0003 → U0050 → U0481,REF-18 (https://app.notion.com/p/REF-18-fdfbaa79eaae8298821381a24be26713?pvs=21),,구체 감각과 관찰은 정확하고 평가어는 절제된다. 주변 인물의 분노·공포·희생이 주인공의 담담한 시선과 충돌하면서 같은 사건이 복수의 도덕 온도로 읽힌다.,주인공은 타인의 감정과 기이한 현상을 잘 보지만 그 의미를 상식적으로 해석하지 못한다. 서술은 즉시 교훈을 붙이지 않고 관찰·질문·타인의 반응을 병치해 독자가 먼저 불편함과 의미를 조립하게 한다.,,"주인공의 관찰이 타인의 고통을 실제 선택 변화로 이어가게 하는가, 아니면 흥미로운 현상으로만 수집하는가?","U0001-0003, U0050, U0200, U0300, U0400, U0481"
TH-REF08-WLD-01 · 발명은 보완재와 새 사용자를 연쇄 호출한다,REF-08,exact,초기의 제작 습관이 U0450에서 단일 제품이 아니라 종이·도구·명명·군사·상업 사용의 묶음으로 확장된다.,생산망·유통망·노동 변화와 장기 폐기 비용,발명품 목록만 늘고 기존 노동·시장·습관의 저항이 사라지면 세계 변화가 업적표로 평탄화된다.,Yes,No,VERIFIED_THREAD,U0002~0004 · U0450,REF-08 (https://app.notion.com/p/REF-08-736baa79eaae8216b39f01ee4a4ab92e?pvs=21),,"인물: 제작자는 기능을 보고, 통치자·상인·군인은 각자의 가치 체계로 물건을 다시 분류한다. 관계: 채택권을 가진 사람이 발명 의도와 다른 요구를 만든다. 사건: 보완재 부족과 새 용도가 다음 제작·조직 문제를 연다. 표현: 사물의 촉감과 쓰임, 비교 대상, 주변 반응을 통해 설정 변화를 생활 장면으로 만든다.","하나의 물건은 단독으로 세계를 바꾸지 않는다. 사용할 종이, 깎을 도구, 생산 재료, 저장 방식, 이름, 사용자 집단이 따라붙으며 발명의 의미가 재작성된다.",,새 물건의 편익과 비용이 계층별로 다를 때 누구의 사용 경험이 서술에 남는가?,초기 생활 제작물과 중반 필기 도구의 제작·명명·용도 확장
TH-REF25-DLG-01 · 자의식과 현실의 어긋남이 인물형 유머를 만든다,REF-25,exact,"도입의 자기 과대와 약한 몸의 충돌이 중반에는 집단이 공유하는 말버릇과 기대가 되고, U1184에서는 후계자가 정중한 말로 상대를 압박하는 조직 특유의 화법으로 변한다.",유머가 실패·상실 뒤에 남기는 감정 잔여와 인물별 장기 말투 전사,"말끝·욕설·과장만 복제하면 모든 인물이 같은 개그 화자가 되고, 농담이 관계 정보 대신 분위기 소음이 된다.",Yes,No,VERIFIED_THREAD,U0002~0003 · U0600 · U0731~0733 · U1184,REF-25 (https://app.notion.com/p/REF-25-9dfbaa79eaae831d9457819574a9b516?pvs=21),,인물: 같은 상황에서도 자존심·피로·경외·익숙함에 따라 받아치는 방향이 다르다. 관계: 가까운 사이는 모욕이 아니라 공유 기억의 압축으로 농담을 해석한다. 사건: 재탄생·훈련·승계·협상처럼 실제 결과가 있는 장면에서 웃음이 나온다. 표현: 진지한 선언→과장된 현실 반응→제3자의 해석→다음 행동의 순서로 뉘앙스를 만든다.,"농담의 핵심은 독한 말을 주고받는 데 있지 않다. 인물이 믿는 자기 모습과 타인이 보는 현실, 공식 직위와 실제 행동, 진지한 가치와 생활 반응의 어긋남이 말의 이중 의미를 만든다.",,같은 농담이 관계가 멀거나 상처가 남은 상황에서는 어떻게 다르게 받아들여지고 수습되는가?,"재시작 직후의 신체·신분 충돌, 중반 집단 내부 농담, 집단 결정 후 반응, 후기 권한 승계와 협상"
TH-REF25-GRP-01 · 집단 결정은 이견과 책임을 보존한다,REF-25,exact,"U0731~0733에서 장로에게 판단과 교육 책임이 넘어가고, U1184에서는 후계자에게 공식 권한과 외부 협상 책임이 이전된다.","결정의 장기 결과, 반대자의 후속 행동, 실패 책임의 실제 집행",여러 사람이 말해도 모두 주인공의 뜻을 다른 표현으로 확인하면 집단 장면은 길어진 독백일 뿐이다.,Yes,No,VERIFIED_THREAD,U0731~0733 · U1184,REF-25 (https://app.notion.com/p/REF-25-9dfbaa79eaae831d9457819574a9b516?pvs=21),,"인물: 탈락자·장로·지도자·후계자가 서로 다른 욕망과 지식 범위를 가진다. 관계: 존경이 있어도 이견을 말하고, 위임은 친밀함이 아니라 책임을 동반한다. 사건: 청원→복수 의견→조건부 허용→역할 재배치, 임명→권한 부여→즉시 협상의 사슬. 표현: 같은 결론을 반복시키지 않고 각 발언이 기준·비용·권한 중 다른 요소를 추가한다.","집단 장면은 모두가 같은 말을 하는 합의로 처리되지 않는다. 참여하려는 이유, 기준 부족, 허용에 따르는 책임, 권한을 행사할 사람을 나누며 결정한다. 결론보다 누가 말할 권리와 결과 책임을 얻는지가 중요하다.",,"반대 의견을 낸 인물이 결정 뒤에도 감시·수정 권한을 가지는가, 아니면 합의 장면에서만 존재하는가?","훈련 참여권을 둘러싼 집단 청원·장로 판단, 후기 장문대리 임명과 외부 협상"
TH-REF25-ENG-01 · 과거의 후회가 현재의 기초 선택으로 바뀐다,REF-25,exact,도입에서 뒤늦게 깨달은 소속감 → 기초를 다시 선택함 → 타인의 성장과 판단권을 인정함 → U1184에서 후계자가 자기 언어로 책임을 짊어짐,각 구간 사이의 연속 변화와 작품 최종 결말,모든 현재 선택을 과거 후회 하나로 설명하면 인물이 새 경험으로 바뀌지 않고 처음 결론을 반복하는 존재가 된다.,Yes,No,VERIFIED_THREAD,U0001~0003 · U0300 · U0600 · U0731~0733 · U0900 · U1184,REF-25 (https://app.notion.com/p/REF-25-9dfbaa79eaae831d9457819574a9b516?pvs=21),,"인물: 과거의 절대적 자의식이 약한 몸과 현재 조직을 만나 책임 중심으로 재조정된다. 관계: 제자·장로·동맹·적대 집단의 개인을 서로 다른 기준으로 대한다. 사건: 기초 수련 선택, 정식 재대결, 집단 결정, 비무, 장문대리 임명이 같은 후회를 변주한다. 표현: 과거 회한 뒤에 현재의 우스운 몸, 실무 선택, 권한 이동을 붙여 감정을 행동으로 바꾼다.","도입의 후회는 슬픈 과거로 머물지 않고 무엇을 먼저 가르치고, 누구를 인정하며, 언제 권한을 넘길지 정하는 현재의 기준이 된다. 강함의 회복보다 문파가 스스로 판단하고 이어 갈 수 있게 만드는 방향으로 목표가 바뀐다.",,"과거 인물의 방식이 사라져도 조직이 유지되는가, 아니면 후계자가 그 인물의 복제본이 되어야만 작동하는가?","도입의 상실·재시작, 중반 적대 관계 판단, 집단 문화, 훈련 결정, 동료 성장 확인, 후기 권한 승계"
TH-REF04-REL-01 · 추상 명제는 관계 행동으로 정산된다,REF-04,exact,"과거의 약속이 U0441에서 거부의 이유가 되고, 뒤이어 상대가 보여 주려는 것을 받아들이는 태도와 후반의 구조 선택으로 변주된다.",해당 관계들의 최초 형성·중간 변질·최종 종결 전사,모든 관계가 주인공의 철학을 증명하는 도구로만 쓰이면 상대의 독립 욕망이 사라진다. 상대가 무엇을 원했는지 별도 추적이 필요하다.,Yes,No,VERIFIED_THREAD,U0441 · U0846~0847 · U0862~0863,REF-04 (https://app.notion.com/p/REF-04-2aebaa79eaae835d99c401be456a2237?pvs=21),,"인물: 주인공의 신념은 말보다 관계별 대응에서 구체화된다. 관계: 죽은 이, 현재의 동료, 새로 이해해야 할 상대가 서로 다른 방식으로 판단을 제약한다. 사건: 초월적 제안·장례·유물 관찰·구조 요청이 같은 명제를 다른 행동으로 시험한다. 표현: 큰 개념 뒤에 짧은 감사, 기다림, 감각 억제, 요청 수락을 배치한다.","정신, 존재, 인과 같은 명제는 설명 자체로 완결되지 않는다. 누구의 말을 기억하고, 무엇을 거절하며, 누구 곁에 남고, 누구의 요청 때문에 행동을 바꾸는지로 철학의 의미가 결정된다.",,같은 신념이 관계마다 다른 행동을 요구할 때 작품은 어느 선택을 우선시하고 어떤 손실을 남기는가?,"중후반 선택과 직후 행동, 후반 관계·인과 논의, 마지막 확보 구간의 동행·구조 장면"
TH-REF19-DLG-02 · 선택을 묻는 척 거래를 설계하기,REF-19,near-exact,복원 단위 181에서 적의 죄를 규정한 뒤 ‘공생 제안’으로 바꾸어 동맹 선택을 강제한다.,"이 협상으로 맺어진 관계의 장기 후속, 후계자가 독립 판단을 되찾는 장면, 설계가 실패하는 장면",질문 뒤 이미 정해둔 답만 허용하면 인물 간 대화가 아니라 주인공의 독백형 조종으로 평탄화될 수 있다. 청자의 반응·저항·새 조건이 결과를 바꾸어야 한다.,Yes,No,VERIFIED_SCENE,복원 단위 91 · 원문 29644~30011행,REF-19 (https://app.notion.com/p/REF-19-4dbbaa79eaae8239b6f48153fb46987e?pvs=21),,발화 의도=승자의 권한을 후계자에게 귀속시키는 모양을 보이면서 실질 조건은 자신이 통제. 후계자 수용=우유부단→극단적 동조→다시 판단 위임. 패자 수용=공포→살려 달라는 명시적 요청→대가 제시. 사건 변화=전투가 살해/석방이 아니라 후속 관계와 자원 거래로 전환.,"주인공은 승리 뒤 후계자에게 죽일지 풀어줄지 묻지만, 어느 답도 그대로 받지 않는다. 풀어주자는 답에는 약해 보인다고 반박하고, 죽이자는 답에는 성급하다고 반박한 뒤 패자를 협상 상대로 세운다. 질문은 의견 수렴이 아니라 청자들의 성향을 드러내고 최종 거래를 주인공이 설계하기 위한 순서다. 잔혹한 결과를 과도하게 설명하는 농담조 문장은 후계자의 순진함과 패자의 공포를 동시에 키워 협상력을 만든다.",,청자에게 선택권을 준 것처럼 보이는 순서가 이후 실제 자율성을 낳는 경우도 있는가?,중반 인질 대치 종결 뒤 생사·보상 협상 장면
TH-REF05-RES-01 · 실패·이탈·손실이 다음 집단 선택에 남는다,REF-05,exact,U0600의 예방 실패가 U0850의 계획 실패와 U0912의 비보장 보상으로 더 큰 규모에서 반복된다.,선택 창 사이의 연속 회차. U0912는 저장본 최신 경계이며 작품 종결로 간주하지 않음.,비극을 너무 빨리 새로운 공략 정보로 변환하면 인물의 상실과 관계 균열이 시스템 학습에 흡수된다.,Yes,No,VERIFIED_THREAD,U0600 → U0850 → U0912,REF-05 (https://app.notion.com/p/REF-05-e1ebaa79eaae8383aaab013ccd8804ed?pvs=21),,사건 뒤 회고는 단순 슬픔이 아니라 누가 무엇을 놓쳤고 다음에는 무엇을 우선할지 복원한다. 개인의 이탈은 전력 감소를 넘어 남은 사람들의 시선과 사기를 바꾼다.,"놓친 징후는 동료의 손상으로, 1% 실패는 통증 속 이탈과 집단 불신으로, 막대한 투자는 보상 불확실성으로 남아 다음 판단의 전제가 된다.",,"손실의 정서적 잔여가 다음 회차의 대화·거리·권한에도 남는가, 아니면 전투 지식으로만 환전되는가?","U0001-0003, U0050, U0300, U0600, U0850, U0912"
TH-REF18-CHR-01 · 감정 선언 없이 약속·변호·꺼림칙함이 누적된다,REF-18,exact,"U0050의 ‘왜 위험을 감수하는가’라는 이해 불능이 U0200의 즉시 구조, U0400의 잔여 기반 무기 거부로 돌아온다.",선택 창 사이의 연속 회차. U0481은 저장본 최신 경계이며 작품 종결로 간주하지 않음.,"U0300에서 가까운 피조물을 잃을 가능성을 거래처럼 다루는 장면처럼, 변화는 균일하지 않다. 이 불균일을 지우고 ‘착해졌다’고 요약하면 캐릭터가 평면화된다.",Yes,No,VERIFIED_THREAD,U0050 → U0200 → U0300 → U0400,REF-18 (https://app.notion.com/p/REF-18-fdfbaa79eaae8298821381a24be26713?pvs=21),,"담담한 말투는 유지되지만 무엇을 돕고, 누구의 선을 인정하며, 어떤 도구를 피하는지가 바뀐다. 동일한 목소리 안에서 선택 기준만 서서히 이동한다.","주인공의 변화는 갑작스러운 공감 선언이 아니라, 자신을 위해 무기를 놓는 타인을 이해하지 못한 기억, 도와주겠다는 약속을 지킨 행동, 타인의 최소선을 변호한 말, 과거 살해 뒤 남은 무기 선택의 꺼림칙함으로 축적된다.",,이 변화가 주인공의 호기심과 충돌할 때 어느 선택이 우선하는가?,"U0001-0003, U0050, U0200, U0300, U0400, U0481"
TH-REF16-TRI-01 · 독자·인물·작가가 상호 책임으로 재배치된다,REF-16,exact,"초기의 고독한 독서와 조심스러운 댓글이 U0450의 상호 인정, U0550의 공동 저술과 배포 책임으로 돌아온다.",선택 창 사이의 연속 회차. U0550 이후는 본편 종결부와 외전이 섞이므로 분리 독해 필요. U0852는 저장본 최신 경계이며 외전 종결로 단정하지 않음.,"‘독자·인물·작가’라는 개념어만 커지고 실제로 누가 쓰고, 고치고, 배포하며, 반대하는지가 사라지면 관계는 관념으로 평탄화된다.",Yes,No,VERIFIED_THREAD,U0001-0003 → U0450 → U0550,REF-16 (https://app.notion.com/p/REF-16-116baa79eaae839a9f77017ba389acea?pvs=21),,"한 인물의 삶이 행복했는지 묻는 대화가 거대한 세계관 설명을 개인의 평가 문제로 바꾼다. 이후 동료들은 각자의 기억을 내놓고 원고를 고치며, 모르는 내면은 임의로 채우지 않는다.","읽는 사람, 읽히는 사람, 쓰는 사람의 관계가 소비에서 생존 확인, 삶의 의미 부여, 부재한 사람을 되살리기 위한 공동 집필로 이동한다.",,"외전에서는 새로운 독자가 이 삼각 관계의 책임을 이어받는가, 아니면 원래 관계를 반복 감상하는가?","U0001-0003, U0050, U0300, U0450, U0550, U0600, U0852"
TH-REF19-DLG-05 · 호칭 농담이 누적 관계를 증명하는 순간,REF-19,near-exact,복원 단위 177의 의형제 제안과 거절이 181의 공동 작전 후 ‘가장 가까운 형’ 경쟁으로 변주된다.,작품 종결까지 호칭의 책임이 실제 구조·위험 분담·비밀 공개로 상환되는지,호칭만 반복하고 이전의 위험 분담·선택·오해·거절이 없으면 친밀감은 선언에 그친다.,Yes,No,VERIFIED_THREAD,"복원 단위 177 · 181 · 원문 59732~60067, 61088~61590행",REF-19 (https://app.notion.com/p/REF-19-4dbbaa79eaae8239b6f48153fb46987e?pvs=21),,초기 호칭 제안=친밀감과 정치 자원의 혼합. 주인공 거절=상대를 이용하면서도 거짓 형제 관계는 피하려는 모순. 청자 수용=거절을 자기 방식으로 긍정 해석하고 행동으로 신뢰를 증명. 먼 재등장=공동 위험 뒤 호칭 경쟁이 권력 서열이 아니라 정서적 가까움의 경쟁으로 변한다. 장면은 농담 뒤에도 주인공이 해결되지 않은 위협을 생각하게 해 긴장을 보존한다.,"당주가 의형제를 제안하자 주인공은 이용 가치가 있어도 속이는 형이 되게 하고 싶지 않다는 이유로 거절한다. 당주는 그 거절을 지위가 아니라 자신을 보겠다는 뜻으로 오해하지만, 이후 실제 위험 정보를 믿고 공동 작전에 참여한다. 작전 뒤 다른 장로와 당주가 누가 더 가까운 형인지 다투는 농담은 갑자기 붙인 말싸움이 아니다. 이전의 제안·거절·오해·신뢰 행동이 쌓인 뒤 호칭의 권리를 놓고 벌이는 관계 정산이다.",,주인공의 숨은 정체가 드러날 때 이 형제 호칭과 신뢰 행동은 보호·배신·재협상 중 무엇으로 바뀌는가?,후반 당주와의 술자리 및 공동 작전 뒤 형제 호칭 경쟁
TH-REF25-ORG-01 · 한 사람의 방식이 집단의 판단 언어로 변형된다,REF-25,exact,U0600의 과장된 모방과 공유 농담 → U0731~0733의 교육 책임 이전 → U1184의 공식 권한과 독자적 협상 언어,문화 전염의 부작용을 조직이 교정하는 구간과 주인공 부재 시 지속성,"말버릇과 폭력성만 전염되면 캐릭터 차이는 줄고, 조직은 한 인물의 복제 군단처럼 평탄화된다.",Yes,No,VERIFIED_THREAD,U0600 · U0731~0733 · U1184,REF-25 (https://app.notion.com/p/REF-25-9dfbaa79eaae831d9457819574a9b516?pvs=21),,"인물: 제자·장로·후계자가 영향받는 정도와 변형 방식이 다르다. 관계: 가르침은 복종이 아니라 권한 회수와 역할 재배치로 이어진다. 사건: 폭력적 문제 해결, 훈련 체계 변경, 장문대리 임명과 협상이 조직 행동을 바꾼다. 표현: 반복 말투보다 누가 결정을 내리고 누가 부담을 떠안는지로 전염을 증명한다.","주인공의 영향은 다른 인물이 같은 말을 하는 데서 끝나지 않는다. 제자들은 그의 실용·공격성을 과장해 집단 문화로 만들고, 장로와 후계자는 그 방식 일부를 받아들이되 자기 직위와 책임에 맞는 판단 언어로 바꾼다.",,집단이 주인공에게서 배운 과격함을 스스로 제어하거나 반박하는 규범도 함께 성장하는가?,"중반 제자 집단의 공유 화법·행동, 장로의 교육권 회복, 후기 후계자의 권한 행사"
TH-REF18-EVT-01 · 질문과 호기심이 사건을 열고 동시에 위험을 만든다,REF-18,exact,"초기의 인간·감정 질문이 U0050의 추적, U0200의 구조 약속, U0481의 재난 의식 탐색으로 확대된다.",선택 창 사이의 연속 회차. U0481은 저장본 최신 경계이며 작품 종결로 간주하지 않음.,호기심이 언제나 정답과 힘을 주고 비용을 타인이 대신 감당하면 사건 엔진은 캐릭터 욕망이 아니라 작가의 탐색 편의가 된다.,Yes,No,VERIFIED_THREAD,U0001-0003 → U0050 → U0200 → U0481,REF-18 (https://app.notion.com/p/REF-18-fdfbaa79eaae8298821381a24be26713?pvs=21),,질문은 설명을 받는 수동 장치가 아니라 추적·구조·협상·침투의 다음 행동을 선택하게 한다. 후기에는 재난의 심각성을 알면서도 적과 현상에 대한 호기심이 전면에 남는다.,"주인공의 욕망은 승리보다 ‘왜 그런가, 어떻게 작동하는가’를 알고 싶은 쪽에 가깝다. 질문은 단서를 찾고 동맹을 만들며 미지의 사건으로 들어가게 하지만, 타인의 고통을 연구 대상으로 바꾸는 위험도 함께 낳는다.",,호기심 때문에 발생한 타인의 비용이 이후 주인공에게 어떤 책임과 제한을 부과하는가?,"U0001-0003, U0050, U0200, U0300, U0400, U0481"
TH-REF01-EVT-01 · 성취가 문제의 종류를 바꾸는 엔진,REF-01,exact,19~25에서 더 큰 자원과 무공 재능이 새 장물 위험·선제 살해·강제 계약·조직 침투 문제를 연다.,26~379의 성장 단계별 문제 전환과 반복 피로·실패 사례,성취 때마다 더 큰 적만 붙이는 것은 문제 종류 변화가 아니다. 생활·관계·판단 규칙 중 무엇이 바뀌었는지가 남아야 한다.,Yes,No,VERIFIED_THREAD,제공본 3~6 · 원문 899~2436행,REF-01 (https://app.notion.com/p/REF-01-b1ebaa79eaae82449d4781d49d57197f?pvs=21),,사건 사슬=돌파→위험 범주 변화→생계 단절→조직 계약 확인→거절과 원한→정보 재검증→법술 원리 편취→실험과 새 산행 규칙. 상태창도 주어진 UI가 아니라 주인공이 익숙한 정보 형식을 직접 만든 결과다. 설명은 다음 선택·비용·실험으로 곧바로 연결된다.,"돌파는 기존 문제의 삭제가 아니다. 범인일 때 요수에게 무가치했던 존재가 수사가 되자 먹잇감이 되어 기존 생업이 막힌다. 새 감각은 세계를 더 잘 보게 하지만 보이지 않던 위험도 드러낸다. 안전한 조직 가입은 긴 근무와 수련 시간 상실을 요구한다. 주인공은 문제를 피해 다음 보상으로 건너가지 않고, 계약을 읽고 거절하며 법술 원리의 일부를 익혀 능력 소모를 줄이는 새 생활 방식을 시험한다.",,"이후의 모든 성장도 새 위험·책임·선택 구조를 여는가, 아니면 수치 상승이 문제를 자동 삭제하기 시작하는가?",능력 각성·상태창 제작·새 감각·생업 상실·조직 계약 거절·법술 우회 학습
TH-REF29-REL-00 · 보호자 관계망의 초기 인과가 누락되어 판정 보류,REF-29,partial,238화에 형제 관계의 세계 인식이 재등장하지만 1~119의 초기 형성 장면이 없어 변화량을 계산할 수 없다.,"1~119화 전부, 관계별 최초 약속과 권리, 보호 실패와 반발, 주인공의 통제 욕망이 교정되는 과정. 완전본 확인 전에는 상위 카드에 연결하지 않는다.",보호 대상의 자율성을 실제로 회수하거나 보호자의 통제가 실패한 장면이 없다면 단순한 과보호·인맥 동원 서사일 수 있다. 주변 인물의 분업이 모두 주인공의 지시 복제라면 조직 자립 근거가 아니다.,Yes,No,VERIFIED_THREAD,"현재 파일에서 확인 가능한 120~238화. 직접 표본 120~121, 131, 179, 208, 226, 238.",REF-29 (https://app.notion.com/p/REF-29-1d6baa79eaae8379950f010f8ec2ac23?pvs=21),판정 보류,"계약 파기를 암호로 사용하는 납치 대응, 여러 보호자가 독립 수색과 여론전을 분담하는 구조, 제작자의 전문성이 길드 간 공로와 자원 분배를 바꾸는 장면, 형제 관계의 세계 인식이 후반에 다시 드러나는 표본이 있다.","확인 가능한 범위에서는 한 사람의 직접 전투력보다 계약 조건, 저주 저항, 은밀한 통신, 길드·제작자·상급 전투원의 분업이 구조와 보호를 만든다. 주인공은 타인을 보호하려 하지만 그들의 위험한 능력 사용과 독립 행동을 제한하거나 허용해야 하고, 주변 인물들도 주인공을 수동적으로 기다리지 않고 각자의 권한으로 수색·제작·협상한다. 그러나 관계의 기원과 초기 실패가 빠져 있어 핵심 원리를 확정할 수 없다.","보호 욕망 + 계약 기반 통신 + 분산된 전문성 + 가족·길드 권리 조율의 결합 가능성이 보이지만, 초기 인과가 없어 동일 메커니즘과 중간 결과를 구분할 수 없다.","현재 120~238에서 보이는 보호·계약·자율성 조율이 작품의 초기부터 성장한 핵심 엔진인지, 이미 형성된 관계망의 중간 결과만 남은 것인지?","납치 대응 계약 통신, 보호자 집단의 분업, 제작자 성장과 조직 자원 배분, 중후반 관계·세계 이상 현상"
TH-REF04-RES-01 · 누적 밀도가 현재 장면을 가릴 수 있다,REF-04,exact,"U0441에서는 하나의 기억이 선택을 선명하게 하지만, 후반에는 다수의 관계·인과 개념이 동시에 작동해 독해 비용도 함께 커진다.",중간 회차에서 회수 정보를 재소개하는 빈도와 신규 독자 이탈 지점,누적이 많다는 사실 자체를 깊이로 간주하면 독자는 감정을 경험하지 못하고 설정 연결만 확인하게 된다.,Yes,No,VERIFIED_THREAD,U0441 · U0846~0847 · U0862~0863,REF-04 (https://app.notion.com/p/REF-04-2aebaa79eaae835d99c401be456a2237?pvs=21),,"인물: 과거의 여러 자아와 관계가 현재 판단에 겹친다. 관계: 먼 관계가 재등장할수록 감정 보상은 커지지만 현재 상대의 몫이 줄 수 있다. 사건: 당장의 위기보다 누적 의미 해석이 앞서는 구간이 생긴다. 표현: 감각·행동이 개념 사이의 닻으로 기능하며, 부족하면 명칭 복기 부담이 커진다.","장기 누적은 선택의 무게를 만들지만, 회상·관계·개념이 한 장면에 과밀해지면 현재 사건이 과거 증명의 무대로 밀릴 수 있다. 효과와 위험이 같은 재료에서 나온다.",,장기 회수를 유지하면서 현재 장면의 상대·욕망·위험을 첫 문단 안에 다시 세우는 방법은 무엇인가?,관계 회수의 효과가 강한 중후반 장면과 개념·고유명 밀도가 높은 후반 장면
TH-REF27-VOI-01 · 광기라는 화자 문법이 농담과 도덕 판정을 함께 수행한다,REF-27,near-exact,초반의 '내가 제일 미쳤다'는 자기 신화가 후반에는 문주·광마·강호제일이라는 역할을 잠시 내려놓고 자기 자신을 돌봐야 한다는 주변인의 권고를 받아들이는 방향으로 변한다.,"중간 장편에서 광기 분류가 실패하거나 잘못된 사례, 화자 바깥 시점이 이 기준을 어떻게 교정하는지, 적대자별 판정 차이의 전체 분포가 더 필요하다.","욕설·기행·짧은 농담만 반복하고 상대의 역할, 관계, 조직 규칙이 바뀌지 않으면 표면 말투에 불과하다. 모든 인물을 같은 광기 척도로 평탄화하거나 주인공의 폭력을 자동 정당화하는 장면도 제외한다.",Yes,No,VERIFIED_THREAD,"1~2화, 64화, 224화, 324화, 384화, 425화 직접 표본",REF-27 (https://app.notion.com/p/REF-27-2b0baa79eaae8201a6dc81d9b76af5eb?pvs=21),복합 유사,"1인칭 자기과장과 자기비하가 동시에 작동한다. 절기는 살상뿐 아니라 발언권 확보에 쓰이고, 농담 섞인 소개는 낯선 사람의 가치와 역할을 공동체 안에 배치한다. 숨겨진 신분을 안 뒤에도 직함 하나로 관계를 대체하지 않고 함께 살아온 시간과 배운 생활을 다시 말하게 한다.","화자는 강호 전체를 서로 다른 욕망에 미친 사람들의 세계로 본다. 이 관점은 전투 중 헛소리와 도발을 만드는 동시에 누가 약자를 먹고 사는지, 누가 자기 분야에 성실한지, 누가 약속과 사람의 도리를 지키는지를 판정한다. 시간이 흐를수록 광기는 주인공의 별명이 아니라 요리사·도둑·거지·서생·교도까지 서로 다른 숙련과 삶의 방식으로 재분류하는 공용 언어가 된다.",안정된 1인칭 목소리 + 전투 심리전 + 생활 숙련의 재평가 + 관계·조직 역할 배치 + 자기 역할 해체가 결합한다. 대사 목소리나 코미디 카드 하나로 축소하면 핵심이 사라진다.,"반복되는 '미침'의 언어가 단순 개그 말투를 넘어 인물의 욕망, 폭력의 정당성, 숙련과 인간다움을 분류하는 기준으로 어떻게 누적되는가?","화자 세계관의 선언, 전투 도발과 심리전, 생활 숙련의 고수 재분류, 오래된 관계의 신분 재해석, 적대 집단의 생활 규범 흔들기, 최종부 역할에서 벗어난 개인 여행"
TH-REF19-DLG-03 · 농담·물건·침묵이 함께 정하는 정보 가격,REF-19,near-exact,"초반에는 위장과 권력으로 정보를 빼앗지만, 후반에는 상호 비밀과 대가를 주고받는 거래 관계로 정보 획득 방식이 달라진다.","후속 공동 추적의 결과, 공개한 비밀이 신뢰 또는 배신 비용으로 돌아오는 장면",재치 있는 말만 있고 대가·침묵·몸 반응·후속 역할 분담이 없으면 정보상 대화는 설명을 농담으로 포장한 장면에 그친다.,Yes,No,VERIFIED_THREAD,복원 단위 173~174 · 원문 58374~59043행,REF-19 (https://app.notion.com/p/REF-19-4dbbaa79eaae8239b6f48153fb46987e?pvs=21),,"표면 발화=실없는 허풍과 놀림. 숨은 기능=정보 가격 제시, 반응 검사, 비밀 공개 범위 협상. 청자 수용=돈을 더 요구하거나 돌려주고, 숨긴 정체를 인정하고, 역할을 분담. 사건 변화=흩어진 단서가 조직 침투 가설로 묶이고 내부/외부 추적이 나뉜다. 지문은 은원보의 이동, 눈빛 흔들림, 의자째 넘어지는 반응으로 발화의 효력을 정산한다.","친근한 농담만으로 신뢰가 성립하지 않는다. 정보상은 말 중간에 침묵하고, 주인공은 탁자에 대가를 더 올린다. 반대로 주인공이 핵심 정보를 숨기자 정보상은 받은 대가 일부를 돌려놓아 공개 범위를 다시 산다. 이후 놀라는 몸의 반응이 진위 검증으로 쓰이고, 서로의 숨은 정체가 드러난 뒤에는 ‘벗’이라는 호칭이 실제 질문 허용 범위를 넓힌다. 농담은 거래를 가리는 장식이 아니라 금전·침묵·시선·몸 반응 사이의 긴장을 견디게 하면서 관계 변화를 표시한다.",,"이 관계의 친근함이 돈 없이도 위험 정보를 공유할 만큼 변하는가, 아니면 거래 규칙이 계속 안전장치로 남는가?","후반 정보상과의 재회, 추적 정보 거래, 비밀 정체 폭로, 공동 대응 합의"
TH-REF30-CHR-01 · 신분 상승을 재능이 아니라 맡은 깃발과 의무의 확대로 증명한다,REF-30,unresolved,초반 '스스로 빛나는 검'을 바라보던 욕망은 중후반 '누구를 위해 길을 열고 어떤 깃발 아래 서는가'로 변한다. 마지막 표본에서는 작은 깃발을 향해 여러 인물이 목숨과 기술을 이어주는 구조가 주인공의 빛을 공동체의 결과로 만든다.,"정확한 회차 경계, 중간 실패와 의무 이탈, 조연 희생의 후속 정산, 결말에서 깃발과 혈통의 최종 우선순위가 추가로 필요하다.","재능·혈통·고유 세계가 모든 인정을 자동으로 해결하거나, 주변 인물이 주인공에게 조각을 전달하기 위한 희생 도구로만 남으면 이 메커니즘은 성립하지 않는다. 기사라는 명칭만 얻고 실제 호위·책임·절제가 없을 때도 제외한다.",Yes,No,VERIFIED_THREAD,"자동 회차 경계 미복원. 파일 시작부, 원문 문자 위치 약 2천·2만5천·7만5천·9만·9만8천 부근 직접 표본.",REF-30 (https://app.notion.com/p/REF-30-e37baa79eaae839198ac01ec78999294?pvs=21),복합 유사,"뒷골목의 검 동경, 은퇴 기사와의 길 안내·야영 노동, 기사와 용병 역할을 구분하는 임무, 하이날 깃발 아래 도발을 참으며 호위 대상의 길을 여는 선택, 늙은 마법사와 기사들이 목숨을 잇듯 조각을 전달하는 후반 장면을 연결한다.","소년은 빛나는 검을 소유하고 싶은 욕망에서 출발하지만, 기사라는 정체성은 오러나 혈통을 얻는 순간 확정되지 않는다. 각 임무에서 잡무를 스스로 맡고, 도발보다 호위 대상의 길을 우선하며, 다른 기사·마법사·용병이 이어주는 책임의 사슬을 받아들일 때 기사로 인정된다. 후반 위기는 완벽한 가능성을 독점하려는 용과, 작은 깃발을 향해 조각을 서로 넘겨주는 인간들의 대비로 선명해진다.",재능 성장 + 사회적 신분 상승 + 선택한 봉사 의무 + 깃발이라는 관계 표지 + 조연들의 전달 사슬이 결합한다. 후계자·영향 전승 카드 하나로 축소하면 계급과 의무의 긴장이 사라진다.,"천부적 재능과 혈통 가능성이 큰 인물을 어떻게 단순 선택받은 영웅이 아니라, 누구의 깃발 아래 어떤 의무를 감당하는 기사로 성장시키는가?","도입의 검 동경, 임무 노동과 동료 역할, 깃발 선택과 호위 의무, 혈통·용 가능성의 외부 판정, 후반 조각 전달 사슬"
TH-REF19-DLG-04 · 유머가 질문의 잔여를 지우지 않는 법,REF-19,near-exact,초반부터 주인공은 공적 역할과 실제 정체의 간극을 유지한다. 이 장면에서는 가까워진 집단 안에서도 그 간극이 완전히 사라지지 않는다.,"질문자의 후속 추궁, 집단이 주인공의 비밀을 알게 되는 범위, 회피가 신뢰 비용으로 돌아오는 장면",작가가 답하기 곤란한 정보를 전부 ‘웃긴 질문’으로 넘기고 후속 잔여가 없으면 연속성 구멍 은폐가 된다.,Yes,No,VERIFIED_SCENE,복원 단위 174 · 원문 58706~59043행,REF-19 (https://app.notion.com/p/REF-19-4dbbaa79eaae8239b6f48153fb46987e?pvs=21),,질문자=평소 단순하지만 자기 사람과 사건의 모순에는 예리함. 회피자=집단의 관심을 더 큰 위협으로 옮겨 비밀을 보존. 다른 청자=핵심 위협을 재진술해 회의를 전진. 사건 변화=가설이 집단의 공동 적으로 승인되지만 정보 출처의 잔여는 닫히지 않는다. 표현=질문→내적 논평→회피→다른 인물의 정확한 재진술→과장된 오답으로 리듬을 변주한다.,"후계자는 주인공의 설명 속 연속성 구멍을 정확히 질문한다. 주인공은 중요하지 않다며 두 번 회피하고, 지문은 이를 ‘쓸데없이 예리하다’는 농담으로 처리한다. 그러나 질문 자체가 틀렸다고 무효화되지는 않는다. 회의는 더 큰 위협 때문에 다음 추론으로 이동하고, 독자는 주인공이 말하지 못하는 과거와 정보 출처를 계속 기억한다. 유머는 설정 오류를 덮는 면죄부가 아니라 인물의 정보 비대칭과 회피 습관을 노출하는 표지다.",,회피된 정보 출처가 이후 관계 갈등이나 신뢰 재평가로 실제 돌아오는가?,후반 집단 회의에서 침투 단서를 공유하는 장면
TH-REF26-ENG-01 · 비용을 치르는 능력이 타인의 삶을 증언하는 권리로 변한다,REF-26,exact,"71~85화에서 결말 참여 자격이 세 단계로 완성된다. 주인공은 굶주림을 단순 금식으로 오해했다가, 먹고 싶어도 가족을 위해 계속 일해야 하는 사람의 행동과 감각으로 정정한다. 다수의 생전 고통을 자기 몸에서 통과하고 흙과 침이 섞인 먹을거리를 직접 삼킨 뒤에야 그들의 죽음을 무공으로 표현한다. 이후 제자가 되어 계승만 하는 결말을 대리 만족으로 판정하고, 잃어버린 양군과 전장을 복원해 두 당사자가 직접 마지막 승부를 선택할 조건을 돌려준다. 실제 승부가 끝난 뒤에도 한 사람의 무인으로서 이루지 못한 최고 수준의 비무를 별도의 논검으로 제공하되, 최후와 죽음 자체에는 간섭하지 않는다.","타인의 고통을 반복해서 몸에 들이는 과정이 주인공의 자아와 관계에 남기는 장기 비용, 당사자가 원하는 조건을 완전히 복원할 수 없을 때의 최소 기준, 감각 재현이 공감이 아니라 고통의 소비나 모방으로 변하는 경계는 추가 독해가 필요하다.",죽음이 체크포인트 최적화나 기술 복사로만 쓰이고 기억·관계·책임의 잔여가 남지 않는 장면에는 이 메커니즘이 작동하지 않는다. 타인의 트라우마가 주인공의 감동을 위한 정보 제공으로만 끝나도 제외한다.,Yes,No,VERIFIED_THREAD,"REF-26 원문 1~2화, 41화, 65~85화, 202화, 301화, 361화, 400화 직접 독해·표본",REF-26 (https://app.notion.com/p/REF-26-581baa79eaae823e8c990170a420284f?pvs=21),복합 유사,"능력은 살해자의 기술뿐 아니라 삶과 트라우마에 들어가는 통로가 된다. 주인공은 추상적인 굶주림을 임의로 상상하지 않고, 다른 시대와 위치에서 죽은 다수의 사람에게 들어가 반복되는 손짓·노동·감각을 모은다. 자신의 첫 해석이 틀렸음을 인정하고 실제 음식의 흙맛과 침까지 감각한 뒤, 익명의 죽음을 하나의 집단적 검로로 번역한다. 두 생존자의 결말에서는 제자와 후계자가 생겼다는 사실만으로 만족하지 않는다. 그들의 군대·전장·상대 관계를 복원해 당사자가 직접 선택하고 싸우게 하며, 마지막에는 몸이 아닌 말과 상상으로 최고의 무학 대결을 마련한다. 그러나 스승을 죽여 자기 전력으로 보존할 수 있는 선택은 거부하고 당사자의 최후를 그대로 놓아준다.","타인의 고통을 대표하려면 슬프다고 느끼는 것만으로 부족하다. 추상어를 그 사람이 반복한 행동, 몸의 감각, 관계상의 의무로 해체하고 자신의 오해를 수정해야 한다. 또한 당사자의 행복을 대신 설계하거나 후계자에게 욕망을 넘겨주는 것은 원래 사람의 선택권을 복구한 것과 다르다. 좋은 개입은 당사자가 직접 선택할 조건을 최대한 되돌리고, 자신만이 원했던 미완의 경험을 누릴 기회는 제공하되 마지막 결정과 이별은 빼앗지 않는다.",명시적 능력 비용 + 다수의 1인칭 고통 체험 + 추상 개념의 행동·감각 단위 수정 + 당사자 관계와 전장의 복원 + 대리 만족 거부 + 가치 체계에 맞는 마지막 경험 제공 + 최후에 대한 비개입이 결합해 증언 권리를 결말 참여권과 선택 조건 복원으로 확장한다.,"타인의 고통과 욕망을 대리하지 않으면서, 어떤 감각·행동 증거로 이해를 수정하고 어떤 조건을 복원해야 당사자가 자신의 결말을 직접 선택할 수 있는가?","1~2화 능력 발생과 첫 비용, 41화 역사개변과 기억 책임, 65~70화 원하는 죽음·외부인 개입의 한계·교리 학습과 참여 자격, 71~74화 굶주림의 오해 수정·다수의 죽음 체험·감각적 재현, 75~80화 계승과 치료, 80~82화 양군·전장 복원과 당사자 직접 승부, 82~85화 미완의 최고 비무 제공과 최후 비개입, 202·301·361·400화 장기 표본"
TH-REF05-GRP-01 · 역할 분담이 자원·안전·발언권으로 변한다,REF-05,exact,U0050의 소규모 분업이 U0850의 단계별 공략과 U0912의 원격 지원 구조로 확대된다.,선택 창 사이의 연속 회차. U0912는 저장본 최신 경계이며 작품 종결로 간주하지 않음.,"규모가 커질수록 개인이 기술명과 지원 타이밍으로 축약되고, 주인공의 지시 수신자로만 남을 위험이 확인된다.",Yes,No,VERIFIED_THREAD,U0050 → U0850 → U0912,REF-05 (https://app.notion.com/p/REF-05-e1ebaa79eaae8383aaab013ccd8804ed?pvs=21),,대화의 재미는 농담 자체보다 서로 다른 임무·불안·이익 계산이 한 장면에서 충돌하는 데서 나온다. 대규모전에서는 이탈 한 명이 사기와 상호 의심을 바꾼다.,"파티의 역할은 소개용 직함이 아니라 누가 길을 찾고, 경보하고, 버티고, 후퇴를 결정하며, 실패 후 누구의 말을 다시 듣는지로 증명된다.",,주인공이 단독으로 버티는 후기 전투에서도 동료의 독립 결정권이 화면 안에 남는가?,"U0001-0003, U0050, U0300, U0600, U0850, U0912"
TH-REF28-KNW-01 · 충돌하는 기록 형식이 세계의 진실을 독자에게 조립시킨다,REF-28,partial,초반의 '내가 아닌 나를 연기한다'는 선언이 조직 대표자로서 모든 말이 약속이 되는 상황으로 확장된다. 다만 74화 이후의 장기 변화는 아직 경계가 복원되지 않아 확정하지 않는다.,"75화 이후의 장기 회수, 현실 소년과 게임 인격의 최종 관계, 광고·저널·전투 기록의 먼 재등장. 파일 후반의 문답 숫자가 회차 표제로 오인되어 경계 복원이 필요하다.",문서 형식이 단순 장식이고 결국 서술자가 정답을 해설하면 이 메커니즘이 아니다. 전문 정보가 많아도 다른 기록과 충돌하지 않거나 다음 판단·비용을 바꾸지 않으면 제외한다.,Yes,No,VERIFIED_THREAD,"1화, 9화, 42화, 62화, 74화 직접 표본. 현재 신뢰 가능한 순차 경계는 1~74.",REF-28 (https://app.notion.com/p/REF-28-6c6baa79eaae82ae87fd814b54e5a2b2?pvs=21),작품 고유,"현실의 소년은 타인의 말투와 역할을 학습해 게임 속 인물을 연기한다. 게임 내부에서는 AI 통찰과 사회 구성원의 수치심·욕망이 동시에 제시된다. 광고는 가상 낙원을 미화하지만 장부와 생계의 붕괴가 겹치고, 전투에서는 추상 전략이 총열 과열·탄창·방향 배치 같은 물리 비용으로 검증된다. 조직 회의는 정의·신뢰·체면·세력 균형을 분리한다.","이 작품은 하나의 권위 있는 설명자가 세계를 정리하지 않는다. 가상현실을 연기하는 소년의 내면, 난민 저널, 상업적 공익광고, 전투 현장의 물리적 제약, 조직 간부들의 명분과 실리가 서로 어긋난다. 정보의 불일치 자체가 재난 사회의 권력과 주인공의 자기 연기를 드러내며, 독자는 어느 기록이 무엇을 숨기고 있는지 판단해야 한다.",복수 기록 형식 + 연기하는 자아 + 제도 선전과 생계 자료의 충돌 + 전투 물리 검증 + 조직 윤리 논쟁이 결합한다. 현 단계에서는 기존 지식·조직 카드의 단순 사례로 환원하지 않는다.,"저널, 게임 독백, 공익광고, 군사 작전, 조직 회의가 서로 다른 진실을 말할 때 독자는 어떻게 세계와 주인공의 인간성을 직접 조립하게 되는가?","게임 시작과 연기 자아, 난민 집단의 보호 요청, 광고와 경제 기록의 충돌, 야간 방어전의 물리 제약, 동맹 운영에서 명분과 실리의 분리"
TH-REF05-REL-01 · 위험한 비밀과 도덕 이견이 관계 권리를 바꾼다,REF-05,exact,U0300의 정체 시험과 살해 논쟁이 U0600의 보상 없는 생존 선택과 동료 판단 수용으로 변주된다.,선택 창 사이의 연속 회차. U0912는 저장본 최신 경계이며 작품 종결로 간주하지 않음.,파트너의 반론이 결국 주인공의 인간성을 증명하는 장치로만 소비되면 상호 권리는 한쪽의 성장 보조로 축소된다.,Yes,No,VERIFIED_THREAD,U0300 → U0600,REF-05 (https://app.notion.com/p/REF-05-e1ebaa79eaae8383aaab013ccd8804ed?pvs=21),,"한쪽은 숨긴 정체를 들키고 다른 쪽은 거짓 정보를 던져 시험한다. 아이를 죽일지, 도움을 준 존재를 살릴지에 대한 이견이 행동으로 정산되며 관계의 경계가 바뀐다.","신뢰는 편안한 호감이 아니라 공범이 될 위험, 정체를 의심할 권리, 살해를 반대할 권리, 상대의 비합리적 선택을 지켜볼 의무가 늘어나는 과정이다.",,서로의 약점을 아는 권리가 이후 독립적 거부권과 구조 선택으로 얼마나 이어지는가?,"U0001-0003, U0050, U0300, U0600, U0850, U0912"
TH-REF26-REL-01 · 대칭 계승이 끝낼 수 없는 경쟁을 미래로 넘긴다,REF-26,exact,"후속 구간에서 두 제자의 존재는 양쪽 스승에게 단절되지 않은 미래를 제공하지만, 주인공은 제자들의 대결만으로 스승들의 마지막 승부를 대체하지 않는다. 치료와 계승을 마친 뒤 잃어버린 양군과 전장을 복원해 두 당사자가 직접 정마대전을 끝낼 조건을 돌려준다.","후계자들이 물려받은 경쟁을 거부하거나 다른 관계로 바꾸는 경우, 계승이 후대에게 원치 않는 짐이 되는 비용, 적대 정체성이 협력 구조로 변하는 장기 과정은 추가 독해가 필요하다.","양쪽에 후계자 이름만 붙이거나 자식과 제자에게 과거의 증오를 강제로 반복시키는 경우는 제외한다. 한쪽만 계승해 승패를 굳히거나, 후계자의 싸움이 당사자의 미해결 선택을 대신해버리는 경우도 적용하지 않는다.",Yes,No,VERIFIED_THREAD,REF-26 원문 71~82화 직접 독해,REF-26 (https://app.notion.com/p/REF-26-581baa79eaae823e8c990170a420284f?pvs=21),복합 유사,"죽음을 앞둔 두 라이벌 가운데 한 사람은 제자를 받으면 상대를 쓰러뜨리지 않고도 자신의 세력이 승리한 것처럼 느껴질까 봐 생존과 계승을 거부한다. 상대 라이벌은 먼저 다른 인물에게 큰절을 올려 자신의 제자로 받아달라고 요청하고, 양쪽 모두 후계자를 둔 대칭 구조를 만든다. 그 결과 한쪽만 미래를 얻는 비대칭이 사라지고, 두 사람은 정체성과 약속을 포기하지 않은 채 치료와 계승을 선택할 수 있게 된다. 그러나 주인공은 후계자끼리의 비무가 원래 당사자의 정마대전을 대신할 수 없다고 판단해, 잃어버린 양군과 전장을 복원하고 두 라이벌이 직접 마지막 선택을 하게 한다.","오래된 경쟁과 맹세가 인물의 정체성 자체라면, 단순히 화해시키거나 살아남으라고 설득하는 것은 한쪽에게 굴복을 요구하는 일이 될 수 있다. 이때 양쪽에 동등한 계승자를 세우면 생존과 미래가 어느 한편의 무혈승리로 해석되는 것을 막을 수 있다. 대칭 계승은 갈등을 지우지 않고 시간축을 늘리는 장치다. 다만 후계자는 미래를 열어줄 뿐이며, 당사자가 끝내고 싶어 하는 마지막 선택까지 대신해서는 안 된다.",종결 불가능한 라이벌 관계 + 비대칭 생존에 대한 거부 + 상대의 자존심을 살린 제자 요청 + 양쪽의 동등한 후계자 + 적대 정체성과 법통의 연속성 + 치료와 미래 선택 + 당사자의 직접 결말 조건 복원이 결합한다.,"어느 쪽도 패배를 인정하지 못하는 경쟁을 지우지 않으면서, 양쪽이 미래를 선택하게 하고도 후계자가 당사자의 마지막 결말을 가로채지 않게 하려면 어떻게 해야 하는가?","71~76화 입문과 대칭 계승 형성, 77~80화 치료와 계승 수용, 80~82화 양군·전장 복원과 당사자의 직접 최종 승부"
TH-REF01-REL-01 · 신뢰를 호감이 아니라 정보 범위로 쓰기,REF-01,exact,1~25 안에서 관계 평가는 호감/불신 한 줄보다 거래 종류와 공개 정보의 분할로 누적된다.,26~379의 재회·배신 근거·책임 분담·관계 종결,의심 많은 주인공이 모든 정보를 재검증하기만 하면 관계가 생기지 않는다. 검증 비용과 상대가 얻는 신뢰·권리도 함께 변해야 한다.,Yes,No,VERIFIED_THREAD,"제공본 2 · 4~7 · 원문 463~898, 1371~2854행",REF-01 (https://app.notion.com/p/REF-01-b1ebaa79eaae82449d4781d49d57197f?pvs=21),,"관계 초기=공정 거래와 잠재적 은혜. 호칭=경지 상승 뒤 존중 제안, 주인공은 낮은 호칭을 허용해 생존 전략과 감사 표현을 겹친다. 갈등=중요 조건 누락. 수용=전면 배신 확정이 아니라 정보 신뢰도 하락. 후속 행동=여러 점포 검증, 판매처 분산, 섭취 물품 구매처 분리.","주인공은 공정한 거래를 드문 가치로 인정하고 은혜를 기억하지만 상대를 진심으로 믿는다고 곧바로 결론 내리지 않는다. 상대가 상품을 팔려는 속셈을 드러냈을 때는 오히려 예측 가능해져 안심한다. 조직의 장기 계약이 누락됐음을 안 뒤에는 사람 전체를 악인으로 확정하지 않고 소개비·가치관 차이·정보 누락 가능성을 나눈다. 신뢰 변화는 호감 대사가 아니라 무엇을 숨기고, 누구에게 재검증하고, 판매처와 약 구매처를 어떻게 분리하는지로 나타난다.",,직접 근거가 나올 때 신뢰·호칭·정보 공개 범위가 실제로 다시 조정되는가?,"초기 공정 거래, 호칭 변화, 조직 소개의 정보 누락, 제삼자 재검증, 판매·구매 분산"
TH-REF26-ENG-06 · 이전 협약을 후속 위기의 실제 전력과 지휘권으로 회수한다,REF-26,exact,"후속 아크에서 협약이 유지·변형·파기되며 실제 비용을 치르는지, 임시 지휘권이 장기 관계 권리로 발전하는지 추적한다.","동맹 세력이 손해를 감수하는 정도, 이해관계가 어긋날 때 협약이 깨지는 반례, 주인공의 지휘권이 남용되거나 반발을 부르는 사례는 미확인이다.",협약이 명함·지위·대사에만 남고 후속 위기에서 보호·자원·정보·결정권을 제공하지 않으면 제외한다. 동맹이 아무 비용 없이 자동으로 움직이는 경우도 약한 근거로 본다.,Yes,No,VERIFIED_THREAD,REF-26 원문 18~30화 직접 독해,REF-26 (https://app.notion.com/p/REF-26-581baa79eaae823e8c990170a420284f?pvs=21),판정 보류,주인공의 단독 성취에 여러 조직이 포섭 경쟁으로 반응한다. 주인공은 한 조직을 선택하는 대신 모든 주요 조직과 동등한 협약을 맺어 각자의 상징적 이익을 보장한다. 이후 최상위 개인이 오해로 주인공을 공격하자 조직 대표들은 체면·약속·공동 이해관계를 이유로 실제 무기와 자원을 동원해 방어한다. 다음 내부 배신 위기에서는 보상을 포기해 유일하게 혐의에서 벗어난 주인공에게 일부 대표가 생살여탈권과 판단 권한을 위임한다. 앞서 쌓은 협약과 신뢰 비대칭이 보호 전력에서 임시 지휘권으로 확장된다.,"관계 장면의 가치는 친밀감이나 지위 상승을 보여주는 데서 끝나지 않는다. 협약을 맺을 때 각 당사자가 무엇을 얻는지 명확히 해두면 후속 위기에서 그 이해관계가 행동 의무가 된다. 약속을 지키려는 조직의 반응은 더 강한 개인을 억제하는 집단 전력으로 회수되고, 모두가 서로를 의심하는 상황에서는 가장 검증된 중립자에게 결정권이 이동한다. 과거 관계 선택이 이후 장면의 전력 배치와 지휘 구조를 직접 결정하는 방식이다.",상호 이익이 명확한 협약 + 공개적 체면과 약속 + 후속 적대자의 압도적 무력 + 신뢰의 비대칭 + 위기 속 권한 위임이 결합해 관계를 실전 자원으로 전환한다.,관계 계약을 장식이 아니라 후속 위기의 방어 전력과 결정권으로 어떻게 회수하는가?,"18~21화의 포섭 경쟁과 다자 협약, 25화의 협약 기반 공동 방어, 26~27화의 오해 해소와 관계 재설계, 28~30화의 배신 위기·중립성 증명·전권 위임"
TH-REF05-CHR-01 · 대상이 현재 선택을 가진 사람으로 재분류된다,REF-05,exact,"초기의 원주민 재분류가 U0300의 미래가 정해진 아이, U0600의 보상 가치가 큰 비인간 조력자로 확장된다.",선택 창 사이의 연속 회차. U0912는 저장본 최신 경계이며 작품 종결로 간주하지 않음.,위기 뒤 다시 능력치·역할·미래 효용으로만 호명되면 재분류는 일회성 감상에 그친다.,Yes,No,VERIFIED_THREAD,U0001-0003 → U0300 → U0600,REF-05 (https://app.notion.com/p/REF-05-e1ebaa79eaae8383aaab013ccd8804ed?pvs=21),,"초기에는 능력과 생존 가치로 보는 독백이 강하다. 그러나 타인의 두려움, 아이의 현재 생존, 도움을 준 존재의 행동이 미래 지식보다 우선하는 순간이 생긴다.","주인공은 타인을 게임 속 유형과 미래 정보로 먼저 분류하지만, 두려움·경제적 제약·현재의 요청을 만나며 그들을 정해진 대상이 아니라 지금 선택하는 사람으로 다시 본다.",,재분류된 인물이 이후에도 자기 목표와 선택으로 서사를 밀어가는가?,"U0001-0003, U0050, U0300, U0600, U0850, U0912"
TH-REF26-ENG-09 · 동일 조건의 공개 검증이 숨은 재능을 사회적 권위로 바꾼다,REF-26,exact,"85화에서 공개 검증 구조가 전문 재능을 넘어 계승 정통성 판정으로 반복된다. 공동체는 제자라는 말이나 스승의 선택만으로 새 지도자를 인정하지 않고, 모두가 판별 가능한 대표 기술의 시연을 요구한다. 후보는 기술을 여러 수까지 직접 펼쳐 자격을 증명하지만 최고 직함을 곧바로 독점하지 않고 과도기 직함만 수용한다. 88화에서는 앞서 공개 검증된 전문가의 권위가 치료제 양산·새 거점·예방 접종 관문으로 이어진다.","공동체의 검증 기준 자체가 잘못되었거나 특정 계보만 배제하는 반례, 기술 시연은 통과하지만 통치·교육 역량이 부족한 경우, 과도기 직함에서 정식 권한으로 이동하는 후속 검증은 추가 독해가 필요하다.","유명 인물을 이긴 한 번의 우연이나 관객의 감탄만으로는 포함하지 않는다. 비교 조건이 다르거나 결과를 반복 재현하지 못하고, 검증 뒤 계약·지휘권·시장 평가 같은 현실적 권한 변화가 없다면 제외한다.",Yes,No,VERIFIED_THREAD,REF-26 원문 56~88화 직접 독해,REF-26 (https://app.notion.com/p/REF-26-581baa79eaae823e8c990170a420284f?pvs=21),복합 유사,"무명 전문가는 동일 재료·시간·과제의 공개 비교와 반복 재현을 통해 기존 권위자를 넘어선다. 이후 계약·거래·연구 지휘권을 얻고 치료제를 완성한다. 다른 계승 장면에서도 공동체는 스승이 제자로 불렀다는 관계 증언만으로는 법통을 넘기지 않는다. 계보를 대표하는 기술을 직접 보고 판별하겠다고 요구하며, 후보는 여러 초식을 공개 시연한다. 집단이 무릎을 꿇고 최고 직함을 제안하지만 후보는 현재 역량을 이유로 임시 직함만 받아들인다. 전문성과 계승 모두 공개된 판별 기준과 실제 권한 이동을 거친다.","사회적 권위는 유명 인물의 추천이나 혈통·관계 선언만으로 안정되지 않는다. 해당 공동체가 스스로 진위를 판별할 수 있는 대표 과업이나 기술을 공개적으로 수행하고, 결과를 목격한 사람들이 권한 이동을 승인해야 한다. 다만 검증 통과가 곧 모든 역량의 완성을 뜻하지 않으므로, 후보가 자신의 부족한 범위를 인정하고 과도기 권한을 선택하면 권위가 오만이나 억지 승계로 흐르는 것을 막을 수 있다.",기존 권위의 의심 + 공동체가 합의한 판별 기준 + 동일 조건 또는 대표 기술의 공개 수행 + 반복·복수 수의 재현 + 제3자·집단의 인정 + 계약·거래·법통의 실제 이동 + 후보의 권한 범위 자율 제한이 결합한다.,"추천·혈통·사제 관계에 의존하지 않고, 공동체가 판별 가능한 공개 수행과 후보의 권한 제한을 통해 전문성 또는 계승 정통성을 어떻게 확립하는가?","56~61화 무명 전문가의 동일 조건 공개 대결·반복 재현·계약 경쟁, 66~79화 연구 지휘와 치료제 완성, 85화 대표 기술 시연을 통한 계승 자격 판정·집단 승인·임시 직함 수용, 88화 치료제 양산과 전문 거점 형성"
TH-REF04-EXP-01 · 우주적 개념을 몸과 사후 행동으로 내려놓는다,REF-04,exact,"초반에는 물건과 화폐의 실용성이 세계 차이를 만들고, 중후반에는 정신과 존재의 문제도 공포와 사후 행동을 거쳐 이해된다.",중간 단계의 설명 밀도 변화와 독자 피로가 누적되는 구간,감각적 닻 없이 고유 개념을 연쇄 설명하면 장기 누적이 깊이가 아니라 진입 장벽으로 변한다.,Yes,No,VERIFIED_THREAD,U0040 · U0441 · U0846~0847,REF-04 (https://app.notion.com/p/REF-04-2aebaa79eaae835d99c401be456a2237?pvs=21),,인물: 지식보다 몸과 경험을 통해 세계를 재분류한다. 관계: 상대의 힘은 위계 설명보다 말투·대우·선택권의 변화로 체감된다. 사건: 시장 진입과 초월적 제안이 모두 비용과 선택으로 세계 규칙을 드러낸다. 표현: 감각→실용 판단→사회 반응→개념 해석의 순서를 자주 사용한다.,"규모가 큰 설정을 정의문으로만 밀지 않고, 몸이 느끼는 위압·시장 비용·도구의 쓰임·기억의 결손·선택 뒤 행동에 번역한다. 이해 순서는 개념에서 감정으로가 아니라 감각과 용도에서 개념으로 올라간다.",,추상어가 많아지는 후반에도 독자가 현재 장면을 붙들 수 있게 하는 감각·행동의 최소 빈도는 무엇인가?,"초반 낯선 세계 체감, 중후반 초월적 선택, 후반 존재·인과 논의"
TH-REF26-ENG-03 · 같은 이력이 관찰자 판정에 따라 적대와 동맹을 동시에 만든다,REF-26,exact,"31~35화에서 관찰 오류를 바로잡는 방식이 제3자 검증을 넘어 반복 설득으로 확장된다. 주인공은 실패한 대화와 죽음을 통해 상대가 다음에 제기할 반론·검증 요구·감정적 저항의 순서를 수집하고, 다음 시도에서 증인·행동·자기 공개를 그 순서보다 먼저 제시한다.","36화 이후 다른 인물·조직이 같은 이력을 재판정하는 사례, 반복 시도가 불가능한 장면에서의 대체 방식, 모든 반론을 선점했는데도 가치관 차이로 설득이 실패하는 반례는 추가 독해가 필요하다.",관찰자들이 모두 동일한 정보와 가치 기준을 가져 같은 결론을 내리면 제외한다. 단순한 정보 부족으로 생긴 일회성 오해가 관계나 다음 사건을 바꾸지 못하는 경우도 제외한다.,Yes,No,VERIFIED_THREAD,REF-26 원문 4~35화 직접 독해,REF-26 (https://app.notion.com/p/REF-26-581baa79eaae823e8c990170a420284f?pvs=21),판정 보류,"반복 자기희생과 한 번의 살해 이력은 맥락 없는 관찰에서 대량 학살로 오독되어 공격을 낳고, 맥락을 아는 동행자에게는 집념과 후천적 재능으로 재평가된다. 이후 같은 관찰자가 다시 적대하자 제3자의 진실 검증으로 오해가 풀리고 사과·용서·대련 관계가 성립한다. 다음 재대면을 준비할 때 주인공은 한 번의 완벽한 웅변을 시도하지 않는다. 실제 대화에서 상대가 제기하는 의심에 막히고 죽을 때마다 반론 순서를 기억해 다음 시도에 증인과 증거를 추가한다. 최종 설득은 말재주가 아니라 상대의 모든 의심을 실제 비용을 치르며 끝까지 견뎌낸 결과다.","동일한 사실은 관찰자의 정보량과 가치 기준에 따라 적대·동맹·보호로 갈라진다. 후속 구간은 여기서 한 단계 더 나아가, 판정 오류를 바로잡는 설득 과정 자체를 반복 가능한 실험으로 만든다. 실패한 대화는 폐기되지 않고 상대의 다음 반론을 알려주는 자료가 된다. 주인공은 반론을 듣고 즉흥적으로 말싸움하는 대신, 다음 시도에서 그 반론이 나오기 전에 증거와 관계자를 배치한다. 따라서 설득력은 유창함보다 검증 가능한 사실, 반론 순서의 이해, 실패 비용의 누적으로 생긴다.",불완전한 관측 정보 + 관찰자의 도덕 기준 + 반복되는 설득 실패 + 반론 순서 기억 + 증인·증거의 선제 배치 + 잘못 인정 여부가 결합해 적대를 검증과 관계 재설계로 전환한다.,"상대의 오판을 어떻게 반박하는가가 아니라, 실패한 설득에서 반론 구조를 수집해 다음 시도의 증명 순서를 어떻게 설계하는가?","4~5화 반복 자기희생, 7~10화 외형 수치의 오독과 재능 재평가, 25~27화 재오독·검증·사과·대련 관계, 34~35화 반복 실패로 반론 수집·증인과 증거의 선제 배치"
TH-REF05-KNW-01 · 지식 우위가 오답과 수정 비용을 통과한다,REF-05,exact,"초기 편의 기능 실패가 U0600의 징후 누락과 U0850의 1% 실패, U0912의 고비용 설계로 다른 규모에서 반복된다.",선택 창 사이의 연속 회차. U0912는 저장본 최신 경계이며 작품 종결로 간주하지 않음.,후기로 갈수록 수치·빌드 열거가 길어지면 수정 과정은 정교해도 동료의 감정과 판단이 원격 지원으로 평탄화될 수 있다.,Yes,No,VERIFIED_THREAD,U0001-0003 → U0050 → U0600 → U0850 → U0912,REF-05 (https://app.notion.com/p/REF-05-e1ebaa79eaae8383aaab013ccd8804ed?pvs=21),,"실용적 독백과 계산 뒤에 자기 오판을 인정하는 문장이 붙고, 동료의 역할 지식이 주인공의 판단을 보정한다. 실패는 다음 자원 배치와 위험 평가를 바꾼다.","처음의 숙련 지식은 정답지가 아니라 생존 가설이다. 편의 기능의 부재, 타인의 경험, 놓친 징후, 대규모 전투 실패를 거치며 계속 수정될 때만 실제 전문성으로 보인다.",,전투 밖의 정치·관계 판단에서도 오답 장부가 같은 밀도로 유지되는가?,"U0001-0003, U0050, U0300, U0600, U0850, U0912"
TH-REF26-ENG-04 · 적의 고통을 알게 되면 승리 조건이 제거에서 정산으로 바뀐다,REF-26,exact,"44~46화에서 같은 구조가 더 복합적으로 반복된다. 적의 고통을 이해한 뒤 무죄로 돌리지 않고, 피해와 가해를 함께 직시한다. 최종 선택은 제거도 단순 용서도 아닌, 같은 원리로 심판한 뒤 다시 살려 책임을 지게 만드는 방식으로 확장된다.","47화 이후 되살린 적이 실제로 책임을 수행하는지, 심판과 구원이 장기 관계에서 어떤 비용을 만드는지, 공감이 실패하거나 상대가 변화하지 않는 반례는 추가 독해가 필요하다.",적의 과거가 연민이나 설명만 추가하고 최종 목표·전술·장면 종결이 그대로라면 제외한다. 적을 살려두는 것만으로도 이 기법이라 판정하지 않는다.,Yes,No,VERIFIED_THREAD,REF-26 원문 16~46화 직접 독해,REF-26 (https://app.notion.com/p/REF-26-581baa79eaae823e8c990170a420284f?pvs=21),판정 보류,"첫 보스에서는 적의 생전 고통과 남겨진 욕망을 확인한 뒤 제거 대신 놀이를 끝까지 받아주며 위령한다. 후속 보스에서는 적이 받은 박해와 상실을 이해하지만, 동시에 그 존재가 저지른 살해와 기만도 지적한다. 주인공은 피해자였다는 사실을 면죄부로 쓰지 않고, 가해 방식과 동일한 원리로 적을 죽인 뒤 기억을 유지한 채 되살려 책임을 지게 하려 한다. 공감은 처벌을 없애지 않고 처벌의 형태와 이후 관계를 다시 설계한다.","새 정보는 약점 공략법만 제공하지 않는다. 적의 고통과 욕망을 알게 되면 주인공은 무엇을 해야 승리인지 다시 정의한다. 다만 이해는 곧 무죄 선고가 아니다. 상대의 상처와 상대가 만든 상처를 동시에 보며, 단순 제거·무조건적 용서·피해자 면책을 모두 피한다. 심판과 구원을 하나의 연속 행동으로 묶어, 상대가 저지른 방식의 결과를 직접 겪게 한 뒤 기억과 책임을 가진 존재로 다시 세운다.",적의 트라우마 직접 체험 + 피해와 가해의 동시 판정 + 표면 목표와 실제 결핍 분리 + 동일 원리의 심판 + 기억을 유지한 재생 + 후속 책임 부여가 결합한다.,"적의 고통을 이해하면서도 면죄하지 않고, 처벌과 구원을 어떻게 하나의 결말로 겹치는가?","16~18화의 위령형 공략, 44~45화의 적 트라우마와 가해 이력 동시 확인, 45~46화의 권한 박탈·심판·기억 유지 재생 설계"
TH-REF16-EXP-01 · 추상 세계관을 한 삶의 질문과 기록 노동에 묶는다,REF-16,exact,U0450의 삶 해석 질문이 U0550에서 초고·수정·전달이라는 실제 작업으로 변한다.,선택 창 사이의 연속 회차. U0550 이후는 본편 종결부와 외전이 섞이므로 분리 독해 필요. U0852는 저장본 최신 경계이며 외전 종결로 단정하지 않음.,후반의 우주 규모 전투·메시지·능력 설명이 길어질수록 즉시 장면의 몸과 관계가 밀려날 위험이 있다.,Yes,No,VERIFIED_THREAD,U0450 → U0550,REF-16 (https://app.notion.com/p/REF-16-116baa79eaae839a9f77017ba389acea?pvs=21),,"추상 대화 뒤에는 표정, 응답 회피, 원고 수정, 기억 제공, 배포 실패와 같은 물리적·사회적 행동이 붙는다. 설명이 곧 관계 정산이 된다.","거대한 벽·세계·이야기 개념은 설명만으로 밀어붙이지 않고, 한 사람이 최선을 다했는지 행복했는지, 보이지 않은 삶을 누가 어떻게 기록할 수 있는지라는 구체 질문에 걸린다.",,외전의 대규모 전투와 설정 메시지도 같은 정도로 인물의 몸과 관계 비용에 묶이는가?,"U0001-0003, U0050, U0300, U0450, U0550, U0600, U0852"
TH-REF26-ENG-08 · 누적 실패의 흔적을 같은 형태의 전력과 자격으로 뒤집는다,REF-26,exact,"66~70화에서 누적 실패의 흔적이 전투력뿐 아니라 연구 시간으로 전환된다. 첫 열흘 동안 얻은 진단 자료와 관찰 기록을 죽기 전에 암기하고, 회귀 후 첫날에 선행 자료로 전달해 전문가의 연구를 앞당긴다. 실패한 시간선은 사라지지만 그 안에서 만든 지식은 다음 시도의 출발점이 된다.","연구 결과를 반복 전달할 때 오차·기억 손실·검증 비용이 누적되는 반례, 다른 사람의 노력과 공로가 주인공의 정보로만 흡수되는 윤리 문제, 실패한 시간선의 관계가 장기적으로 남기는 비용은 추가 독해가 필요하다.","고생 뒤 전혀 관계없는 보상이나 능력치가 주어지는 일반 성장 보상은 제외한다. 실패 횟수가 단순 숫자 자랑으로만 쓰이거나, 과거 비용의 형태가 최종 전력과 연결되지 않으면 포함하지 않는다.",Yes,No,VERIFIED_THREAD,REF-26 원문 1~70화 직접 독해,REF-26 (https://app.notion.com/p/REF-26-581baa79eaae823e8c990170a420284f?pvs=21),판정 보류,초반에는 수천 번의 자기 죽음이 외부 관찰자에게 대량 살해로 오독되지만 후속 전투에서는 같은 죽음들이 사자 군단·이명·권한으로 정산된다. 이후 또 다른 세계에서는 제한 시간 안에 치료제를 만들 수 없다는 판단이 내려진다. 주인공은 첫 시도에서 전문가들이 열흘 동안 축적한 연구 결과와 서류를 기억한 뒤 죽어 첫날로 돌아간다. 다음 시도에서는 미래 연구 결과를 정체를 숨긴 분석 자료로 전달해 시행착오를 건너뛰게 한다. 실패한 시간선의 죽음과 노력은 사라지지 않고 다음 시도의 시간 자본이 된다.,"누적 실패의 보상은 전투 능력에만 한정되지 않는다. 실패한 시도에서 얻은 관찰·연구·관계 정보를 다음 시도의 초기 조건으로 옮기면, 이미 소비된 시간이 압축된 준비 기간으로 변한다. 중요한 점은 정답을 갑자기 아는 것이 아니라 첫 시도에서 전문가들이 실제로 연구하고 틀리고 기록한 과정이 존재한다는 것이다. 주인공은 그 결과를 독점하지 않고 원래 전문가에게 돌려주어 더 앞선 단계부터 작업하게 한다.",실패한 시간선의 실제 작업 + 기록과 암기 + 죽음 또는 리셋 비용 + 다음 시도의 선행 자료 제공 + 원래 전문가의 재검증과 후속 연구가 결합해 소멸한 시간을 지식 자본으로 전환한다.,"사라진 실패 시간선의 노력과 자료를 어떻게 다음 시도의 출발점으로 옮겨, 이미 치른 시간을 전력과 연구 기간으로 다시 사용하는가?","1~10화 반복 자기 죽음과 외부 오독, 38~50화 누적 죽음의 군단·이명·협상 자원화, 66~68화 첫 열흘의 연구와 실패, 69화 연구 결과 암기·회귀, 69~70화 첫날 선행 전달과 연구 가속"
TH-REF01-EXP-01 · 겉말과 속계산을 행동·공간으로 분리하기,REF-01,exact,약자 시절 폭력 회피용 겉말/속계산이 23~25에서는 타인의 선택 범위를 설계하는 지배 기술로 변한다.,"26~379의 실패한 협상, 상대의 역이용, 말투와 권력 변화 전사",속마음을 매번 지문으로 번역하면 독자가 행동을 해석할 여지가 사라진다. 반대로 행동 정산이 없으면 표면/내면 분리는 설정 설명에 그친다.,Yes,No,VERIFIED_THREAD,"제공본 1 · 4~6 · 23~25 · 원문 3~462, 1371~2436, 8765~9842행",REF-01 (https://app.notion.com/p/REF-01-b1ebaa79eaae82449d4781d49d57197f?pvs=21),,"표현 순서=상대 권한 파악→상대가 인정하는 명분으로 질문/지연→공간 규칙 확인→표면 태도 변경→행동으로 진짜 의도 정산. 같은 공손함도 감사·생존 연기·정보 획득이 겹치고, 같은 위로도 설득과 지배가 겹친다.","주인공의 말투는 고정된 공손체나 냉소체가 아니다. 약자일 때는 막 일어난 사람처럼 소리를 내고, 상대 조직의 ‘성실한 제자’ 명분을 이용해 계약서를 읽을 시간을 확보하며, 공개 공간에서 폭력을 쓰기 어렵다는 규칙을 확인한 뒤 단호해진다. 강자가 된 뒤에는 살고 싶은 욕망을 인정하는 위로처럼 들리는 말을 사용해 상대의 자살 결의를 꺾고 계약 서명으로 이끈다. 발화의 실제 의미는 문장만이 아니라 권한·공간·칼을 꺼내는 행동·계약 결과에서 확정된다.",,"힘이 커진 뒤 상대의 명분을 이용하는 대화가 일방 조종으로 굳어지는가, 아니면 상대도 프레임을 되돌리는가?","약자 시절 순종 연기, 계약 협상과 거절, 포로 심문·강제 계약·공개 호칭 설계"
TH-REF26-GOV-01 · 무오류 약속 대신 상호 교정권을 주어 신뢰를 만든다,REF-26,exact,"후속 계승 장면에서 공동체가 최고 지도자 직함을 제안하지만, 인물은 자신에게 아직 가르칠 역량이 부족하다고 공개하고 과도기 직함만 수용한다. 이는 앞선 상호 교정 계약이 말뿐인 겸손이 아니라 실제 권한 범위 제한으로 이어진 두 번째 증거다. 이후 그는 제한된 직함과 별개로 거점 투자와 운영 책임은 회피하지 않는다.","교정하는 상대의 판단도 틀렸을 때의 해결 방식, 양측 최선이 충돌할 때의 최종 결정권, 개인 한 명이 아니라 집단과 제도로 상호 견제를 확장하는 방법은 추가 독해가 필요하다.","‘나도 틀릴 수 있다’는 막연한 겸손만 말하고 누구에게도 개입권을 주지 않으면 제외한다. 공개적 자기비하로 책임을 피하거나, 임시 직함을 핑계로 실제 의무를 거부하는 경우도 적용하지 않는다.",Yes,No,VERIFIED_THREAD,REF-26 원문 85~88화 직접 독해,REF-26 (https://app.notion.com/p/REF-26-581baa79eaae823e8c990170a420284f?pvs=21),복합 유사,"강력한 능력을 지닌 새 동료는 주인공에게 연민과 공정성을 증명하고 이전 주인을 심판할 때 사적 감정을 배제하겠다고 약속하라고 요구한다. 주인공은 칭찬과 호의를 원하는 자신의 약점, 스승의 죽음으로 인한 분노, 판단이 흔들릴 가능성을 먼저 인정한다. 객관성을 보장한다는 거짓 약속 대신 자신이 엇나가면 상대도 최선을 다해 바로잡아 달라고 제안하고, 양쪽이 서로의 최선을 약속한다. 이후 공동체가 최고 지도자 직함을 바치자 그는 현재의 교육·통치 역량 부족을 이유로 완전한 권한을 거절하고 임시 직함만 받아들인다. 동시에 거점 투자와 후속 운영 책임은 수행한다.","강한 권한을 맡을 사람이 신뢰를 얻는 방법은 자신이 순수하고 틀리지 않는다고 증명하는 것이 아니다. 어떤 감정과 약점 때문에 오판할 수 있는지 공개하고, 함께하는 상대에게 실제로 제동하고 교정할 권리를 주어야 한다. 자기 인식은 상호 견제 계약과 권한 범위 제한으로 이어질 때만 통치 원리가 된다. 권한은 제한하되 책임까지 축소하지 않는 것이 핵심이다.",고위험 능력과 권한 + 도덕적 확실성 요구 + 사적 감정과 인정 욕구의 명시적 고백 + 거짓 무오류 약속 거부 + 상호 최선과 교정권 계약 + 공동체의 권위 제안 + 현재 역량에 맞춘 임시 직함 + 실제 운영 책임 수행이 결합한다.,"강하지만 오류 가능성이 있는 지도자가 순수성과 무오류를 주장하지 않고, 상호 교정권과 권한 제한을 제도화해 신뢰를 얻으려면 무엇을 공개하고 누구에게 어떤 제동권을 주어야 하는가?","85화 계승 기술 검증·최고 직함 제안·과도기 직함 수용, 87화 연민 시험·사적 편향 고백·상호 교정 계약, 88화 제한된 직함과 별개인 투자·운영 책임 수행"
TH-REF04-CHR-01 · 강함의 증가가 책임의 단위를 넓힌다,REF-04,exact,"초기의 무력한 죽음과 타인의 희생이 초반의 매장, U0441의 정신 보존, 후반의 관계·인과 보호로 규모를 넓힌다.",책임 확대가 실제 실패와 관계 파탄을 낳는 중간 구간,모든 책임을 주인공이 흡수하면 주변 인물은 보호 대상에 머물고 세계는 한 사람의 의지로 평면화된다.,Yes,No,VERIFIED_THREAD,U0001~0003 · U0040 · U0441 · U0846~0847 · U0862~0863,REF-04 (https://app.notion.com/p/REF-04-2aebaa79eaae835d99c401be456a2237?pvs=21),,"인물: 능력치가 아니라 보호·처벌·포기의 범위가 변한다. 관계: 이름 없는 피해자에서 오랜 동료와 거대한 존재까지 고려 대상이 확장된다. 사건: 처벌 후 장례, 보상 거부, 집단 임무, 구조 요청이 책임을 시험한다. 표현: 결단 전 계산과 결단 후 돌봄을 함께 보여 영웅적 선언의 공백을 줄인다.",성장의 표시는 더 큰 적을 이기는 데만 있지 않다. 처음에는 자기 생존도 지키기 어렵던 인물이 타인의 시신·뜻·정신·미래 관계까지 자기 판단에 포함시키며 책임의 단위를 넓힌다.,,책임 범위가 넓어질수록 주인공이 직접 해결하지 않고 타인에게 맡기거나 실패를 감수하는 장면이 있는가?,"초기 무력한 생존자, 초반 처벌·장례·시장 행동, 중후반 정신 보존 선택, 후반 집단 임무와 동행"
TH-REF26-ENG-05 · 보상으로 얻은 역할이 권리보다 먼저 의무를 강제한다,REF-26,exact,"85~88화에서 역할과 소유권이 임시 권한과 운영 기반으로 이어진다. 계승자는 공동체 앞에서 대표 기술을 증명한 뒤에도 완전한 지도자 직함을 즉시 받지 않고, 현재 역량에 맞는 과도기 직함만 수용한다. 공략 보상으로 얻은 보호 영토는 이후 개인 재산으로 방치되지 않고 전문가의 약국·예방 접종·다음 층 진입·무인 집단의 본부를 잇는 기반 시설이 된다. 수요 폭증으로 병목이 생기자 경쟁 관계였던 다른 전문가를 보완 인력과 주치의로 재배치한다.","보호 영토의 주민과 새 이주 집단 사이의 권리 충돌, 임시 지도자 직함이 실제 책임 회피로 변하는 반례, 의료·진입 수수료 구조가 독점이나 불평등을 만드는 장기 비용은 추가 독해가 필요하다.",직책이 능력치·명성·복장만 제공하고 인물의 선택이나 타인의 기대를 바꾸지 않으면 제외한다. NPC가 역할을 인정하지 않거나 역할 수행이 사건에 영향을 주지 않는 경우도 제외한다.,Yes,No,VERIFIED_THREAD,REF-26 원문 25~88화 직접 독해,REF-26 (https://app.notion.com/p/REF-26-581baa79eaae823e8c990170a420284f?pvs=21),판정 보류,"직책과 영토는 위기에서 행동 의무를 만들고, 공개 관찰은 대표자의 태도까지 책임 영역으로 확장한다. 후속 계승 장면에서 공동체는 대표 기술을 확인한 뒤 최고 직함과 충성을 제안하지만, 인물은 자신에게 가르칠 역량이 부족하다고 판단해 완전한 지위를 거절하고 과도기 역할을 협상한다. 이후 보호 구역의 토지와 자금을 전문가의 새 거점에 제공하고, 그 거점을 다음 층의 위험 지역으로 진입하기 전 예방 접종을 받는 관문으로 만든다. 수요가 감당 범위를 넘자 기존 경쟁자를 배제하지 않고 진료·응급 대응·후견 역할로 편입한다.","권리와 보상이 책임으로 변하려면 위기 순간의 선행만으로 끝나서는 안 된다. 인물은 현재 능력보다 큰 직함을 스스로 제한하고, 소유한 영토·자금·명성을 다른 사람의 전문성과 이동 경로가 실제로 작동하는 기반으로 바꿔야 한다. 운영이 시작된 뒤 나타나는 대기열·동선·인력 부족까지 처리할 때 보호자나 관리자의 역할이 제도적 현실성을 얻는다.",보상으로 얻은 직책·영토 + 공개된 자격 검증 + 현재 역량에 맞춘 임시 권한 + 전문가 거점 투자 + 위험 지역 진입 전 예방 서비스 + 다자 수익 구조 + 수요 폭증 뒤 보완 인력 편입이 결합해 특권을 지속 가능한 관리 책임으로 바꾼다.,보상으로 얻은 지위와 영토를 과도기 권한·전문가 거점·이동 관문·보완 인력까지 갖춘 지속 가능한 책임 구조로 어떻게 전환하는가?,"25~30화 직책 선택과 의무, 31~33화 작은 증거로 집단 역할 복구, 51~56화 경제 이익 포기·보호 구역·공개 대표 책임, 85화 계승 자격 검증과 임시 직함, 88화 보호 영토의 의료 거점화·다음 층 진입 동선·수요 병목과 보완 인력 편입"
TH-REF08-ORG-01 · 아이디어가 타인의 이해를 거쳐 제도가 된다,REF-08,exact,U0036~0037의 정책이 여러 손을 거치는 구조가 U0450의 발명품 채택과 후반의 외교·정보 조직에서 더 큰 규모로 되풀이된다.,각 제도의 중간 성과·실패·폐기 전사와 결말 이후 평가,주변 인물의 질문이 결국 주인공의 천재성을 확인하는 절차에 그치면 다중 행위자처럼 보여도 실질 판단권은 하나뿐이다.,Yes,No,VERIFIED_THREAD,U0036~0037 · U0450 · U0910 · U0915,REF-08 (https://app.notion.com/p/REF-08-736baa79eaae8216b39f01ee4a4ab92e?pvs=21),,"인물: 제안자·결정자·비판자·집행자가 서로 다른 지식과 이해관계를 가진다. 관계: 질문의 깊이와 위임 범위가 신뢰를 바꾼다. 사건: 도식→검토→시험→보고→집행→부작용의 사슬이 형성된다. 표현: 회의 대사만이 아니라 문서 이동, 인력 배치, 지역 선택, 보완재, 후속 조직으로 변화가 보인다.","아이디어는 주인공이 말한 순간 완성되지 않는다. 통치자의 이해, 전문가의 비판, 시험 지역의 보고, 집행 조직, 사용자의 새 분류를 통과하며 다른 것이 된다. 제도화는 아이디어의 확대가 아니라 소유권과 책임의 이동이다.",,아이디어가 조직의 언어로 바뀐 뒤 원래 목적이 훼손될 때 누가 중지권과 수정권을 가지는가?,"정책 제안과 비판·시험 시행, 물건의 사회적 재분류, 후반 외부 세력·비밀 조직의 운영"
TH-REF26-ENG-02 · 반응이 다음 목표를 재정의하며 사건을 연쇄한다,REF-26,exact,"11~30화에서도 반복·확장됐다. 개인 감정이 다음 목표를 만드는 단계에서, 숨은 인재의 반응이 자원 관계를 만들고, 성취에 대한 조직 반응이 협약을 만들며, 그 협약이 후속 위기에서 실제 방어 전력과 지휘권으로 회수된다. 31화 이후 세계 단위 확장은 계속 추적한다.","31화 이후 장기 아크에서 개인 반응 연쇄가 조직·세계 변화로 확장되는 빈도, 반응 사슬이 약해지거나 외부 퀘스트 투입으로 대체되는 반례는 추가 독해가 필요하다.",인물이 감정만 표현하고 선택·행동·관계·정보·자원 상태가 바뀌지 않으면 제외한다. 직전 반응과 무관하게 외부 퀘스트가 새로 주어지는 전개도 이 메커니즘으로 보지 않는다.,Yes,No,VERIFIED_THREAD,REF-26 원문 1~30화 직접 독해,REF-26 (https://app.notion.com/p/REF-26-581baa79eaae823e8c990170a420284f?pvs=21),판정 보류,"질투와 열등감이 능력 획득을 원하게 하고, 능력의 결함에 대한 실망과 방황이 범죄 목격으로 이어진다. 살해 경험은 우상 숭배를 복수로 뒤집고, 공개적 위선은 복수의 명분을 공적 제거로 넓힌다. 이후 미래 정보로 발견한 숨은 전문가의 반응이 자원·신뢰 관계를 만들고, 보스 공략에 대한 조직들의 반응은 다자 협약을 만든다. 이 협약은 최상위 적대자의 공격 때 실제 공동 방어로 회수된다. 오해가 풀린 적대자는 사과와 용서의 교환을 통해 훈련 관계로 전환되고, 배신 시험에서는 유일한 중립자에게 판단 권한이 집중되어 공동 목표가 다시 설정된다.","이 작품의 초반 전개는 새 임무를 외부에서 연달아 던지기보다 직전 사건에 대한 인물들의 반응이 다음 목표·관계·전력·지휘 구조를 만든다. 주인공의 감정은 행동으로, 상대의 반응은 상태 변화로, 상태 변화는 다음 사건의 조건으로 이어진다. 특히 성취 뒤 주변 조직이 보인 포섭 반응을 다자 협약으로 바꾸고, 이후 그 협약이 더 강한 개인을 막는 실전 전력으로 작동한다. 또한 오해를 바로잡은 뒤에는 단순 화해로 닫지 않고 훈련 파트너 관계를 새로 만들며, 내부 배신 프레임에서는 신뢰가 가장 높은 인물에게 권한이 이동해 목표 자체가 배신자 색출에서 함정의 근원 제거로 바뀐다.",감정의 재분류 + 상대의 재반응 + 명분 확장 + 성취에 대한 조직 반응 + 관계 계약의 전력화 + 오해 해소 뒤 새 관계 + 신뢰 비대칭에 따른 권한 이동이 연속 목표 재정의 엔진을 만든다.,사건에 대한 인물과 집단의 반응이 어떻게 다음 목표뿐 아니라 관계·전력·지휘권까지 새로 만드는가?,"1~10화의 질투·살해·복수·성장 목표, 11~12화의 숨은 인재 발견과 상호 자원 관계, 16~18화의 적대 대상 재해석, 18~21화의 성취·포섭·다자 협약, 25화의 협약 전력화, 26~27화의 오해 해소와 훈련 관계, 28~30화의 배신 시험·권한 집중·공동 목표 재설정"
TH-REF04-ENG-01 · 반복은 정답이 아니라 선택 기준을 바꾼다,REF-04,exact,초기의 노력과 상실 → U0441의 거부와 사후 행동 → U0846~0847의 관계·인과 재해석 → 후반의 동행과 구조 선택,"U0004~0039, U0041~0440, U0442~0845, U0848~0861의 연속 과정과 작품 최종 종결",과거 고유명과 개념의 재호출만 늘면 독자가 현재 선택을 느끼기보다 연표를 복기하게 된다. 확보 구간은 전작 연속 독해가 아니므로 전체 엔진으로 일반화할 수 없다.,Yes,No,VERIFIED_THREAD,U0001~0003 · U0040 · U0441 · U0846~0847 · U0862~0863,REF-04 (https://app.notion.com/p/REF-04-2aebaa79eaae835d99c401be456a2237?pvs=21),,인물: 효율과 생존에서 자기 정신과 타인의 뜻을 보존하는 쪽으로 책임 범위가 넓어진다. 관계: 부재한 인물도 약속과 기억으로 현재 판단에 참여한다. 사건: 압도적 보상을 거부하는 선택이 누적의 의미를 드러낸다. 표현: 공포·신체 반응·희미한 기억 뒤에 감사·매장·동행 행동을 붙여 선택을 정산한다.,"이 작품에서 반복은 과거의 정답을 꺼내 쓰는 장치보다, 실패와 약속이 현재의 선택 기준을 바꾸는 장치에 가깝다. 기억은 불완전하며 이전 생의 무력감과 타인의 미완 욕망이 다음 생의 판단에 압력을 건다.",,반복으로 쌓인 의무가 현재 생의 욕망을 압도하지 않게 작품은 어떤 새 관계와 선택을 마련하는가?,"초기 생애·첫 전환, 초반 생존과 시장 진입, 중후반 핵심 선택, 후반 관계·인과 논의, 마지막 확보 구간"
TH-REF26-ENG-07 · 사건의 발동 조건을 제거해 비극이 시작될 세계 자체를 열지 않는다,REF-26,exact,"40~42화에서 정해진 선택지를 거부하고 비극의 근원을 선제 공격한 결과, 기존 퀘스트와 세계의 역사가 다시 작성된다. 시스템은 단순한 조기 공략이 아니라 희생을 발생시키지 않으려는 일관된 선택과 그 비용을 별도 공략법으로 인정한다.","후속 아크에서 다른 사건의 발동 조건을 차단하는 반복 사례, 선제 차단이 더 큰 부작용을 부르는 반례, 발동 조건을 제거할 수 없는 사건에서의 대체 방식은 추가 독해가 필요하다.","단순히 미래 정보를 이용해 보스를 먼저 기습하거나 준비 구간을 생략하는 것만으로는 포함하지 않는다. 사건의 발동 조건과 희생 인과가 실제로 끊기지 않거나, 세계·퀘스트의 상태가 그대로라면 제외한다.",Yes,No,VERIFIED_THREAD,REF-26 원문 36~42화 직접 독해,REF-26 (https://app.notion.com/p/REF-26-581baa79eaae823e8c990170a420284f?pvs=21),판정 보류,"첫 시도에서 특정 역할을 선택하는 순간 외부 침공과 내부 배신자 선정이 함께 발동한다. 주인공은 반복 실패를 통해 역할 선택 자체가 비극의 스위치임을 알아낸다. 다음 시도에서는 누구도 역할을 선택하지 못하게 하고, 시간이 멈춘 상태에서 사건의 근원인 보스를 먼저 찾아간다. 수많은 죽음과 설득을 감수해 보스를 퇴각시키자 침공이 발생한 역사 자체가 사라지고, 여러 층의 퀘스트가 새로 작성된다. 주인공은 주어진 문제를 더 잘 푼 것이 아니라 문제가 생성되는 인과를 끊는다.","퀘스트가 제시되었다고 반드시 그 퀘스트의 규칙 안에서만 싸울 필요는 없다. 먼저 어떤 행동이 사건을 시작시키는지 분리하고, 그 트리거가 켜지기 전에는 세계가 어떤 상태인지 확인한다. 이후 보상과 정상 진행을 포기하면서까지 트리거를 보류하고 원인을 직접 제거한다. 중요한 것은 편법이 아니라 비극을 허용하지 않겠다는 선택이 반복 비용으로 증명되는 점이다. 그 답이 충분히 일관되면 시스템도 기존 노선을 강요하지 않고 새로운 퀘스트와 역사를 작성한다.",첫 실패에서의 인과 관찰 + 사건 발동 트리거 식별 + 정상 보상 포기 + 트리거 보류 + 원인 선제 제거 + 반복 비용으로 증명된 도덕적 선택 + 세계 규칙의 재작성으로 구성된다.,"주어진 퀘스트를 잘 해결하는 대신, 어떤 행동이 비극을 시작시키는지 찾아 사건이 존재할 세계 자체를 열지 않는가?","36~38화 역할 선택과 침공·배신 발동의 연결 확인, 38~40화 선택 보류와 근원 선제 공격, 40~42화 히든 퀘스트·다층 퀘스트 개정·역사 개변"
TH-REF18-REL-01 · 관계가 요청·응답·교환·가르침의 권한으로 자란다,REF-18,exact,"U0050의 설명 유예가 U0200의 구조 요청, U0300의 대가 협상, U0400의 훈련과 팀 편성으로 변주된다.",선택 창 사이의 연속 회차. U0481은 저장본 최신 경계이며 작품 종결로 간주하지 않음.,모든 인물이 주인공의 특이함을 흥미로워하고 가르치거나 돕는 방향으로만 움직이면 관계망은 주인공 중심의 반응 장치가 된다.,Yes,No,VERIFIED_THREAD,U0050 → U0200 → U0300 → U0400,REF-18 (https://app.notion.com/p/REF-18-fdfbaa79eaae8298821381a24be26713?pvs=21),,"초기의 수상한 동행자는 필요 때문에 질문을 유예받는다. 중반에는 과거 적대자가 도움을 청하고, 동료·교수·지인은 농담과 거래와 훈련을 통해 서로의 경계를 시험한다.","친밀감은 호칭이나 감정 고백보다, 설명을 미룰 수 있게 해주는 신뢰, 도움을 청하고 즉시 따르는 권리, 지식과 물건을 교환하는 규칙, 몸을 맞대고 기술을 가르치는 허용으로 커진다.",,주변 인물이 주인공의 요청을 거절하거나 자기 목표를 우선할 권리도 같은 강도로 보장되는가?,"U0001-0003, U0050, U0200, U0300, U0400, U0481"
TH-REF26-ORG-01 · 지휘자가 외부 제약을 인수해 전문가를 핵심 과업에 고립시킨다,REF-26,exact,"75~88화에서 지휘자의 제약 인수가 연구 성공 이후의 배치와 운영으로 이어진다. 전문가는 치료제와 수술법을 완성하고, 후속 구간에서는 치료제를 양산해 위험 지역 진입 전 예방 접종이 가능해진다. 지휘자는 보호 영토의 토지·이사·인테리어 비용을 제공해 전문가의 새 거점을 만들고, 다음 층으로 향하는 이용자 동선을 그 거점과 연결한다. 수요 폭증으로 진료와 제조가 마비되자 기존 경쟁 전문가를 예방 접종·응급 진료·주치의 역할로 편입해 병목을 분산한다.","전문가의 과로와 의사결정 독점, 예방 서비스의 가격·접근성 문제, 보완 인력이 장기적으로 종속되거나 보상받지 못하는 경우, 거점 운영이 보호 영토 주민의 생활과 충돌하는 반례는 추가 독해가 필요하다.","전문가에게 단순히 믿는다고 말하거나 일을 전부 떠넘기는 것은 제외한다. 외부 제약이 그대로 전문가에게 남아 있거나, 지휘자가 시간·자원·안전·조율 문제를 실제로 처리하지 않는다면 적용하지 않는다.",Yes,No,VERIFIED_THREAD,REF-26 원문 56~88화 직접 독해,REF-26 (https://app.notion.com/p/REF-26-581baa79eaae823e8c990170a420284f?pvs=21),복합 유사,"초기에는 멸망까지 남은 시간·연구 실패 가능성·예절·평판·샘플 조달을 지휘자가 떠안아 전문가를 핵심 연구에 집중시킨다. 전문가는 선배를 보조 인력으로 배치하고 치료제와 수술법을 완성한다. 연구 성공 뒤 지휘자는 책임을 끝내지 않고 치료제 양산, 새 약국의 공간과 비용, 위험 지역 진입 전 예방 접종 동선, 무인 집단의 본부와 의료 지원을 연결한다. 예상보다 많은 이용자가 몰리자 경쟁에서 밀린 기존 전문가를 진료·접종·후견 역할로 재배치해 운영 병목을 해소한다.",지휘자가 외부 제약을 인수한다는 것은 연구가 성공할 때까지만 방패가 되어주는 일이 아니다. 결과물이 실제 사람에게 닿으려면 생산·공간·이동 동선·접종 절차·응급 대응·보완 인력까지 다시 설계해야 한다. 연구 단계의 집중 권한과 배치 단계의 접근성·지속 가능성을 함께 책임질 때 전문성 보호가 조직 운영으로 완성된다.,정직한 기간·실패 보고 + 지휘자의 시간·관계·안전 제약 인수 + 전문가의 작업 지휘권 + 회귀와 자료 선행 전달 + 치료·수술의 검증 + 양산 + 거점 투자 + 위험 지역 진입 관문 + 수요 폭증 확인 + 보완 전문가 편입이 결합한다.,전문가를 위기 연구에 집중시킨 지휘자가 성공 이후에도 생산·접근·동선·인력 병목을 맡아 결과를 지속 가능한 서비스로 전환하려면 무엇을 책임져야 하는가?,"56~58화 적성에 맞는 인력 선발, 61화 거래·작업 권한 형성, 66~70화 기간·실패 보고와 외부 제약 인수·회귀 자료 전달, 75~80화 치료제·수술 완성, 88화 치료제 양산·새 거점·예방 접종 관문·수요 병목·보완 전문가 편입"
TH-REF26-GRP-01 · 다중 세력은 각자의 권위와 검증 도구를 차례로 전환해 움직인다,REF-26,exact,"47~50화에서 구원받았지만 그 기억을 잃은 여러 세력이 하나의 적대 연합으로 돌아온다. 주인공은 공통 연설로 전원을 설득하지 않고, 첫 세력의 신성한 권위·중립 세력의 검증 도구·마지막 반대자의 안전 우려를 순서대로 해결해 연합 내부가 스스로 결론을 전파하게 한다.","후속 아크에서 같은 방식이 더 큰 조직·정치 세력에 반복되는지, 핵심 세력 하나가 끝까지 전환되지 않는 반례, 거짓과 연출을 섞은 설득이 장기적으로 신뢰 비용을 만드는지는 추가 독해가 필요하다.","한 번의 감동적 연설로 모든 집단이 동시에 전향하거나, 모든 세력이 동일한 가치와 증거를 공유하면 제외한다. 각 집단의 독립적 이해관계와 검증 과정이 장면에 나타나지 않는 경우도 제외한다.",Yes,No,VERIFIED_THREAD,REF-26 원문 47~50화 직접 독해,REF-26 (https://app.notion.com/p/REF-26-581baa79eaae823e8c990170a420284f?pvs=21),복합 유사,"여러 국가·종교·종족·상단이 공동 토벌이라는 명목으로 연합하지만 서로 다른 권위와 불신을 품고 있다. 주인공은 첫 세력의 시조 성물과 내부 정보를 이용해 지휘관을 전환하고, 그 지휘관이 다른 세력과 스스로 충돌하도록 만든다. 이어 중립 세력이 제안한 영혼 검증을 받아들여 제3자의 언어로 자신의 선행과 상대의 위험성을 증명한다. 마지막 반대자에게는 적대 존재들이 자신의 명령을 거스를 수 없음을 직접 시연해 안전 우려를 닫는다. 각 세력은 서로 다른 이유로 공격을 포기한다.","다중 세력은 한 인격처럼 설득할 수 없다. 각 집단이 무엇을 신성하게 여기고, 누구의 판정을 믿으며, 마지막까지 무엇을 두려워하는지 나누어야 한다. 첫 집단을 뒤집어 연합 내부에 균열을 만들고, 주인공의 말이 아닌 제3자의 검증을 통해 신뢰를 확장하며, 남은 실무적 우려는 실제 시연으로 제거한다. 결론은 주인공이 강요하지만 전파는 각 세력의 권위자와 검증자가 담당하므로 대규모 전향이 덜 작위적으로 보인다.",세력별 신성 권위 파악 + 첫 핵심 세력 전환 + 기존 불신의 표면화 + 중립 검증자의 공개 판정 + 마지막 위험의 직접 시연 + 세력 내부의 자발적 결론 전파가 결합한다.,서로 다른 이유로 뭉친 적대 연합을 하나의 연설이 아니라 각자의 권위·검증·안전 기준을 순서대로 충족해 어떻게 해체하는가?,"47화 구원했던 세력들의 적대 연합 재등장과 첫 지휘관 전환, 48화 세력 간 불신 표면화·중립 검증, 49화 통제 능력 직접 시연·최종 반대자 전환, 50화 공격 포기와 세계 보존"
TH-REF04-STR-01 · 같은 첫날 표지는 변화한 판단과 감정 온도를 압축한다,REF-04,exact,초기의 노쇠한 귀환과 소규모 생존 지식 → 전생의 무공을 활용하려는 목표 → 예상한 고통 때문에 무너지는 실패 → 제자와 스승을 잃은 기억 → 장구한 시간 뒤 회귀 자체를 저주함 → 우주적 규모에서도 동료와 책임을 나눔 → 종결부의 재해석,"전체 첫날 표지 34회의 직전 종결과 직후 장면 연결, 표지가 생략된 회귀와 사용된 회귀의 차이, 외전에서의 기능 변화",같은 표지가 장비·동선·수련 목록만 다시 보여 주면 비교 장치가 아니라 자동 진행표가 된다. 회차 숫자만 커지고 현재 욕망과 감정 온도가 달라지지 않으면 누적 규모가 독자 감각을 마비시킨다.,Yes,No,VERIFIED_THREAD,2화 · 7화 · 13화 · 18화 · 26화 · 36화 · 51화 · 61화 · 76화 · 93화 · 573화 · 589화 · 611화 · 645화 · 687화 · 701화 · 722화 · 783화 · 787화,REF-04 (https://app.notion.com/p/REF-04-2aebaa79eaae835d99c401be456a2237?pvs=21),복합 유사,"인물: 같은 출발점에서 지식·신체·목표·공포·책임이 어떻게 달라졌는지 비교된다. 관계: 처음에는 이용하거나 보호할 대상이던 동료가 후반에는 도움을 요청하고 책임을 나눌 주체가 된다. 사건: 반복되는 첫날이 긴 준비 과정을 압축하면서 이번 생의 예외를 즉시 제시한다. 표현: 동일한 제목 표지 뒤 첫 반응, 첫 명령, 첫 회상, 첫 목표를 바꿔 감정 온도를 측정한다.","반복되는 첫날 제목은 회귀 횟수를 세는 표지보다 동일 조건의 비교 실험에 가깝다. 독자는 출발점 자체보다 이번에는 무엇을 먼저 보고, 누구를 기억하며, 무엇을 포기하지 않는지를 통해 누적 변화를 읽는다. 장구한 회귀 뒤에는 능숙함이 아니라 고통과 관계의 소실이 첫 반응으로 올라오고, 종결부에는 보호 일변도에서 도움을 청하는 관계로 이동한다.",반복 표지는 같은 문구를 유지하되 직후의 첫 판단과 첫 행동을 바꾸면 장기 누적을 짧게 회수하는 구조 카드가 될 수 있다.,"작품은 어떤 회귀에서는 첫날 표지를 쓰고 어떤 회귀에서는 생략하며, 그 선택이 속도와 감정에 어떤 차이를 만드는가?","초기 1~10회차의 첫날 표지, 중후반 장구한 회귀 구간, 동료와 책임을 나누는 후반부, 종결부의 회귀 재해석"
TH-REF11-REL-01 · 전승은 원형 복제가 아니라 타인의 독립적 완성으로 증명된다,REF-11,exact,초기의 가족과 후대 배치 → 제자가 여러 기술을 자기 판단으로 결합 → 완성은 함께 걷는 것이라는 재정의 → 선대가 창안자의 기술을 자기 몸과 삶에 맞게 벗어나 사용 → 새 삶의 기록은 비공개로 남음,"각 전승 관계의 최초 형성, 갈등과 실패, 후대가 원형을 거부하거나 수정하는 중간 과정",후대가 창안자의 기술과 판단을 그대로 반복하면 영향은 남지만 인물은 남지 않는다. 독립적 변형을 칭찬만 하고 그로 인한 충돌·오해·새 책임을 보여주지 않으면 관계 변화가 선언에 머문다.,Yes,No,VERIFIED_THREAD,5화 · 435화 · 578화 · 792화 · 809화 · 829화,REF-11 (https://app.notion.com/p/REF-11-671baa79eaae82ef9f05010481a07477?pvs=21),판정 보류,"인물: 창안자는 자기 방식의 보존보다 상대가 자기 판단으로 완성하는 것을 기뻐한다. 관계: 가족·제자·선대가 수혜자에서 독립된 수행자로 이동한다. 사건: 진로 배치, 기술 결합, 동행의 재정의, 독립적 운용, 기록의 분리가 전승을 시험한다. 표현: 같은 기술명보다 다른 몸·속도·조합·선택과 창안자의 관찰 반응으로 차이를 보여 준다.","영향력이 남았다는 증거는 후대가 창안자의 말투나 동작을 복제하는 데 있지 않다. 배운 사람이 여러 기술을 자기 식으로 결합하고, 선대조차 그 기술에서 창안자의 그림자를 벗어나며, 창안자가 그 독립을 상실이 아니라 성취로 받아들일 때 전승이 완성된다.",장기 관계의 보상은 감사나 계승 선언보다 타인에게 수정권·결합권·비공개 영역이 생겼는지로 검사할 수 있다.,독립적 변형이 창안자의 의도와 충돌할 때 관계는 어떤 권리와 책임을 새로 합의하는가?,"초기 생존 이후의 가족 배치, 중후반 제자 전투, 종결부 완성관, 선대의 독립적 수련, 최종 후일담"
TH-REF11-ENG-01 · 남은 수명은 선택의 시간 예산으로 작동한다,REF-11,exact,스물을 넘기기 어렵다는 고지 → 멸문 직후의 무모한 결단 → 시험 전 수련 시간 재배분 → 직접 지도 대신 병행 관찰 → 전투 집중을 위해 진실 청취 보류 → 생존 뒤 책임 정산 순서 설정 → 일 년짜리 영약 소유를 포기하고 현재 기능만 취함 → 새 무공 요청권 보존 → 중반의 조바심과 동료의 관찰 → 남은 시간을 직접 묻는 통제 → 결말과 후일담의 살아가기,"수명 연장 조건의 전체 변화, 36~254화와 322~728화의 연속 과정, 조바심이 휴식·관계·판단에 만든 실제 손실, 외전에서 장기 생활이 정착되는 과정",죽음이 임박했다는 문장만 반복하고 실제 일정·우선순위·관계 선택이 달라지지 않으면 설정은 긴장이 아니라 감정적 압박으로 소모된다. 시한부가 언제나 용기만 만들면 공포·회피·조급함의 비용이 사라진다.,Yes,No,VERIFIED_THREAD,1화 · 4~10화 · 26~32화 · 35화 · 255화 · 321화 · 729화 · 771~782화 · 829화,REF-11 (https://app.notion.com/p/REF-11-671baa79eaae82ef9f05010481a07477?pvs=21),판정 보류,"인물: 초반에는 남은 시간이 무모함을 만들지만 이후에는 무엇을 익히고 확인하고 맡길지 정하는 기준이 된다. 관계: 주변 인물의 염려와 관찰이 당사자가 숨기거나 단순화한 시간 비용을 드러낸다. 사건: 입문 준비, 수련 배분, 지도자 책임, 수명 확인, 결말의 동행이 같은 전제를 다르게 시험한다. 표현: 진단 수치보다 연습 일정, 직접 질문, 손을 잡는 행동, 남겨진 물건으로 변화를 정산한다.","시한부 전제는 매번 죽음을 상기시키는 카운트다운이 아니라 선택 가능한 시간을 배분하는 예산으로 작동한다. 초기에는 지금 죽으나 나중에 죽으나 같다는 무모함을 만들지만, 이후에는 창안과 숙련 중 무엇을 택할지, 어떤 변수까지 통제할지, 누구와 시간을 보낼지를 정하게 한다. 결말과 후일담에서는 살아남는 문제가 살아가는 방식으로 이동한다.",성장 서사에서 제한 시간은 목표를 서두르게 하는 장치보다 장면마다 무엇을 하지 않기로 결정하는 기준과 결합할 때 오래 작동한다.,시간 예산이 정교한 선택을 만드는 동시에 휴식·관계·신체 회복을 압박하는 비용은 이후 어떤 실패와 교정으로 회수되는가?,"발병 고지와 멸문 직후, 입문 경로 선택과 시험 준비, 종남산 수련의 직접 지도 거절·병행 관찰 허용, 31화 멸문 진실 청취 보류, 32화 생존 우선의 책임 정산 순서, 35화 자소단의 일 년 비용 거절·중단전 활용·새 무공 요청권 보존, 치료 가능성 직접 확인, 현재 성취 우선의 평가 기준, 중반 조바심과 동료 시점, 후반 책임 확대, 본편 결말과 최종 후일담"
TH-REF11-CHR-01 · 천재성은 해체·재조립·실전 검증의 연쇄로 증명된다,REF-11,exact,가문 심법을 동공으로 재구성 → 낡은 검법의 기능을 다시 정의 → 위기 속 운기법 창안 → 시험 전에는 창안보다 숙련 선택 → 종남산 유산의 원리만 전환 → 집단전에서 동료가 만든 관찰 입력으로 한 초식 파훼 → 첫 검격 실패 뒤 다른 수단으로 수정 → 중후반 보법과 제자·선대의 독립적 변형,"중간 구간의 폐기한 창안과 장기 신체 부작용, 잘못된 문제 정의가 실제 손실로 이어지는 사례, 동료 의존을 오판하거나 관찰 입력이 부족해 실패하는 변형","관찰할 때마다 완성 기술이 즉시 생기면 천재성은 인과가 아니라 만능 면허가 된다. 문제 발견, 제약, 신체 적용, 상대 반응, 실패나 숙련 중 둘 이상이 빠지면 결과만 남는다.",Yes,No,VERIFIED_THREAD,2~10화 · 13화 · 25~31화 · 34화 · 317화 · 431화 · 578화 · 809화 · 826화,REF-11 (https://app.notion.com/p/REF-11-671baa79eaae82ef9f05010481a07477?pvs=21),판정 보류,"인물: 기존 기술의 목적과 현재 동작 사이의 불일치를 먼저 본다. 관계: 주변의 조롱·재평가·수련 제안과 후대의 독립 사용이 결과를 검증한다. 사건: 심법 재구성, 검법 재정의, 위기 창안, 보법 개선, 전승이 동일한 연쇄를 반복 변주한다. 표현: 해석 문장 뒤에 호흡·보폭·손목·기 흐름 같은 신체 조작과 즉각적 결과를 붙인다.","천재라는 호칭보다 기존 체계에서 무엇이 어긋났는지 찾아내고, 기능을 다시 정의하고, 몸으로 시험한 뒤 타인의 판정을 바꾸는 과정이 먼저 나온다. 후반에는 본인이 만든 결과를 다른 인물이 독립적으로 변형해 쓰면서 창안의 질을 다시 증명한다.",성장형 천재를 설득력 있게 보이려면 통찰을 설명하는 장면과 결과를 시험하는 장면을 분리하지 말고 하나의 작동 사슬로 묶어야 한다.,첫 선택 실패와 동료가 만든 관찰 입력은 확인됐다. 폐기한 창안·신체 부작용·잘못된 문제 정의가 이후 판단 기준을 바꾸는 장면은 어디에 축적되는가?,"초기 가문 무공 재구성, 멸문 위기와 입문 준비, 시험 중 결함 지적과 즉석 수정, 종남산 유산의 원리 추출과 광화검류 창안·숙련, 31화 동료 교전과 관찰 시간을 이용한 제한적 일초 파훼, 34화 첫 검격 실패 뒤 금나수로 수단 전환, 중후반 보법 개선, 제자와 선대의 독립적 사용, 후반 창안 회수"
TH-REF04-ENG-02 · 반복 회귀는 고정·선택·확률 변수를 분리해 경로를 바꾼다,REF-04,exact,0회차의 50년 생존과 첫 죽음 → 1회차에서 초기 사건을 다른 행동으로 통과하고 무작위 전송을 경험 → 1회차 말미의 같은 수명·다른 후회 → 2회차에서 반복을 무한 가능성으로 재해석 → 같은 납치 일정은 압축 재현되지만 질문·수련·조직 경로는 전면 변경 → 무작위 전송은 달라져도 연국 안이라는 경계가 반복,"3회차 이후 고정 사건·인물 성향·선택 결과·확률 경계의 장기 변화, 연국 안 전송이 우연인지 숨은 규칙인지, 기억 오류가 직접 실패 비용을 만드는 구간",전생 기억이 늘 정답으로 기능하면 반복 회귀는 비교 구조가 아니라 공략표가 된다. 반대로 모든 것이 무작위라면 이전 회차의 선택 비교가 무의미해진다. 고정층과 가변층이 함께 보여야 한다.,Yes,No,VERIFIED_THREAD,1~10화,REF-04 (https://app.notion.com/p/REF-04-2aebaa79eaae835d99c401be456a2237?pvs=21),작품 고유,"인물: 기억은 정답표가 아니라 다음 회차에서 유지·변경·검증할 변수를 고르는 자료가 된다. 관계: 김영훈의 무공 성향은 반복되지만 주인공이 미래 산출물과 경로를 먼저 제공하면서 관계와 조직의 결과가 달라진다. 사건: 납치 일정과 동일 인물은 재현되고, 질문·수련·문파 창설은 선택에 따라 변하며, 공간 전송은 무작위이되 연국이라는 범위는 유지된다. 표현: 반복 사건은 요약하고 달라진 질문·결과·목표만 장면화해 비교 부담을 줄인다.","반복 회귀는 이전 생을 그대로 공략하는 구조가 아니다. 작품은 사건의 고정층, 인물의 안정 성향, 주인공 개입으로 달라지는 선택층, 통제할 수 없지만 범위가 있을 수 있는 확률층을 분리한다. 주인공은 이 층들을 구별하며 다음 생의 경로를 설계하고, 같은 재료로 무림맹 대신 궁무전과 수도자 전쟁이라는 다른 역사를 만든다.","반복 회귀물에서는 이전 회차를 사건 목록으로 재현하기보다 고정·성향·선택·확률의 네 층으로 나누고, 다음 회차에서 한두 층만 바꾸어 결과 차이를 독자가 추적하게 만들 수 있다.","후속 회귀에서 주인공은 어떤 변수를 통제 가능하다고 오판하며, 그 오판이 다음 회차의 새 기준을 어떻게 만드는가?","0회차의 50년 생존과 첫 죽음, 1회차 첫날의 기억 복원·행동 변화, 숲 사건의 재대응, 동료 이탈, 무작위 전송, 김영훈의 동일한 무공 선택"
TH-REF04-CHR-02 · 누적 시간은 재능 격차를 지우지 않고 역할을 분화한다,REF-04,exact,0회차에서 평범한 직장인으로 생존 → 1회차 50년 동안 책사·내공·의술·조직 운영 능력 축적 → 같은 수명 안에 김영훈은 오기조원과 대수도자 무공 창안 → 2회차에서 주인공은 검법 감각과 정보는 되찾지만 육체·경지는 초기화 → 김영훈의 성장 경로를 앞당기고 자신은 수련·정보·동행 역할을 선택,"주인공의 무재가 실제로 얼마나 고정되는지, 반복 횟수가 늘면 재능 격차가 어떻게 재정의되는지, 정보·운영 역할이 독립적 강함으로 전환되는 시점",반복 시간이 결국 모든 재능 차이를 자동으로 없애면 초기의 역할 분화는 지연된 만능 성장에 불과하다. 반대로 주인공이 계속 보조 역할에만 머물면 반복 회귀의 자기 변화가 막힌다.,Yes,No,VERIFIED_THREAD,1~10화,REF-04 (https://app.notion.com/p/REF-04-2aebaa79eaae835d99c401be456a2237?pvs=21),복합 유사,"인물: 주인공은 50년을 살고도 같은 기간의 김영훈과 다른 성취를 얻는다. 회귀 후 기억과 검법 습관은 남지만 내공·육체·경지는 다시 쌓아야 한다. 관계: 주인공은 경쟁자로 따라잡기보다 김영훈의 재능을 경로 개척과 정보 생산에 활용하고 자신은 계획·복원·운영을 맡는다. 사건: 무림맹 운영의 소모를 포기하고 수련에 집중하지만, 미래 무공 전달과 조직 경로 설계로 영향력을 행사한다. 표현: 같은 나이·같은 시간의 성취를 병치하고, 직후 젊은 육체의 초기화와 기술 감각의 잔존을 대비한다.","반복 회귀는 시간을 무한히 주지만 한 생의 모든 축적을 그대로 보존하지 않는다. 주인공에게 남는 것은 기억·습관·판단이고, 육체와 경지는 다시 시작한다. 그래서 재능 격차는 즉시 사라지지 않으며, 주인공은 타인의 압도적 재능을 부정하지 않고 정보·계획·운영·전달 능력으로 역할을 분화한다.","시간 반복형 성장물에서 주인공의 누적 자산과 초기화 자산을 분리하고, 타인의 고유 재능을 보존하면 반복이 만능 치트가 아니라 역할 조합과 경로 설계의 엔진이 된다.","주인공은 반복을 거듭하며 재능 격차를 없애는가, 아니면 다른 종류의 강함으로 재정의하는가?","0회차 생존, 1회차의 책사·내공·의술 축적, 김영훈과의 같은 수명 비교, 2회차 초기화, 단악검법 감각 회복, 월수궁무록 전달, 새 문파 경로"
TH-REF04-REL-02 · 미래의 자기 작품을 과거의 창작자에게 돌려주면 자기소외가 생긴다,REF-04,exact,1회차 말미 김영훈이 평생을 바쳐 월수궁무록을 완성 → 2회차 초반 주인공이 이를 서책으로 복원해 과거의 김영훈에게 전달 → 김영훈이 창시자를 모른 채 경외함 → 실전에서 강해질수록 창시자의 안배를 넘지 못했다고 자평 → 실제 창시자와 현재 학습자의 동일성이 독자에게만 보임,"김영훈이 작품의 기원을 알게 되는지, 반복 회귀 후에도 무공의 소유권·창작자 정체성이 어떻게 변하는지, 다른 동료의 미래 산출물을 과거에 돌려주는 사례",미래 산출물을 과거에 전달하는 장면이 단순한 조기 강화 보상으로만 쓰이면 창작자·학습자·전달자 사이의 관계적 긴장이 사라진다. 창작자의 독립적 재해석이나 불편함이 없으면 복제품 전달에 그친다.,Yes,No,VERIFIED_SCENE,6화 · 7~10화,REF-04 (https://app.notion.com/p/REF-04-2aebaa79eaae835d99c401be456a2237?pvs=21),작품 고유,"인물: 미래의 창작자는 과거의 학습자로 돌아가 자기 작품을 타인의 천재적 안배처럼 읽는다. 관계: 주인공은 저작의 기원을 숨긴 전달자이며, 독자는 창작자와 학습자가 같은 인물임을 안다. 사건: 복원·전달·학습·실전 검증이 강화를 만들지만 동시에 자기 작품 앞에서 느끼는 열등감도 만든다. 표현: 주인공의 거짓 출처 설명, 김영훈의 감탄, 실전 뒤의 자기부정, 이를 아는 주인공의 난처한 내면을 나란히 둔다.","반복 회귀는 완성된 기술을 과거로 반입할 수 있게 하지만, 그 기술을 만든 사람의 삶과 기억은 함께 돌아오지 않는다. 그래서 창작자는 자기 작품을 남의 작품처럼 배우고, 그 작품에 압도되며, 전달자는 진실을 알고도 말하지 못한다. 강화 보상과 정체성의 어긋남이 동시에 생긴다.","반복 회귀·시간 역행 서사에서 미래 산출물을 과거의 원저자에게 돌려줄 때, 단순한 조기 성장보다 창작자 정체성·소유권·자기평가의 어긋남을 함께 보여 주면 시간 구조 자체가 관계 갈등을 만든다.","김영훈은 언젠가 자신이 창시자임을 알게 되는가, 알게 된다면 현재의 성취를 어떻게 다시 해석하는가?","1회차 말미 월수궁무록 완성, 2회차 초반 복원과 전달, 절정 도달, 가천보 비무, 실전 뒤 자기평가"
TH-REF11-STR-01 · 서로 다른 권위자의 연속 인정이 보상과 상실을 함께 키운다,REF-11,exact,가족의 조롱으로 창안을 숨김 → 적대 권위자의 생존 인정 → 종남 장로의 입문 제안 → 임종의 가족 인정 → 31화 전장 동료와 적의 실제 패배 판정 → 헌원창이 신분과 공적을 공개 귀속 → 종남파가 유운패와 일회 협조권 부여 → 대중은 불가능한 전과를 의심 → 화산파가 후계자 구명으로 신뢰·보상 확대 → 총관부가 누적 공적으로 청색 승단권 판정,"청색 승단 뒤 실제 명령권과 의무, 협객 평판이 원치 않는 자기희생 기대를 만드는 과정, 공적이 실패하거나 과장되어 권위자들의 인정이 철회되는 반례","여러 인물이 차례로 칭찬만 하면 보상 중복에 그친다. 각 인정은 서로 다른 증거를 보고 다른 권리·책임을 남겨야 한다. 31~35화처럼 현장 전문가와 대중의 판정이 갈리거나, 명성이 적대 세력의 조사·표적화와 사회적 피로를 불러오는 비용도 보존해야 한다. 늦은 가족 인정이나 외부 보상이 과거 손실을 자동으로 치유해서도 안 된다.",Yes,No,VERIFIED_THREAD,2~5화 · 31~35화,REF-11 (https://app.notion.com/p/REF-11-671baa79eaae82ef9f05010481a07477?pvs=21),복합 유사,"인물: 숨겨 온 창안 능력이 전투와 선택을 통해 외부 판정으로 드러나지만 정연신은 인정 자체보다 생존 경로를 우선한다. 관계: 적대자는 장래의 비무 상대, 종남 장로는 입문을 권하는 후원자, 아버지는 마지막 순간에야 창작자를 아들로 인정하는 인물로 바뀐다. 사건: 한 회차 안의 세 인정이 생존·입문·가족 관계라는 서로 다른 문을 열거나 닫는다. 표현: 칭찬 문장보다 호칭 변화, 공격 중지, 제자 제안, 거절, 임종의 마지막 말로 인정의 실질적 결과를 구분한다.","5화의 보상은 한 번의 칭찬이 아니다. 패검종주는 위험 앞에서 물러서지 않는 기백을, 종남 대장로는 문파가 탐낼 재능과 그릇을, 아버지는 스스로 무공을 만든 대종사의 자질을 인정한다. 외부 인정의 규모는 점점 커지지만, 주인공은 시한부 때문에 최고의 입문 제안을 거절하고 가족의 인정은 회복할 시간이 없는 임종에 도착한다. 보상 상승과 상실 심화가 같은 회차에서 동시에 진행된다.","성장 보상 회차에서 서로 다른 권위자가 같은 인물을 연속 인정하게 할 때는 전투 능력·제도적 자격·관계적 정체성처럼 판정 기준을 분리하고, 각 인정이 행동 권리나 선택지를 바꾸게 하면 중복 칭찬 없이 상승감을 만들 수 있다. 마지막 인정에 돌이킬 수 없는 비용을 붙이면 보상이 감정적 완결을 지우지 않는다.","승단과 동맹 권리가 늘어난 뒤 인정은 어떤 의무·표적화·관계 갈등으로 돌아오며, 성취가 기대에 미치지 못할 때 권위자별 판정은 어떻게 갈라지는가?","초기 창안 은폐와 외부·제도·가족 권위자의 연속 인정, 종남파 대회전의 전과와 사기 전환, 헌원창의 공개 공적 귀속, 종남파의 접근·협조권 보상, 현장 전문가와 대중의 평판 차이, 화산파의 신뢰·보상, 총관부의 청색 승단권 판정"
TH-REF11-DLG-01 · 살해 비용의 불확실성을 지렛대로 전력 격차를 멈춘다,REF-11,exact,멸문 직후 적의 첫 공격에서 검을 쓰지 않는 점을 관찰 → 외가와 입황성의 후폭풍을 의식한다고 추론 → 모욕으로 자제 여부를 시험 → 패검종주 앞에서 수하를 직접 찔러 공개 결정을 강제 → 총관의 소식망과 양양까지의 거리를 근거로 보복 가능성을 구체화 → 패검종주가 살려 보내고 불복한 혈염교도를 처단,"외가의 실제 반응과 정치적 영향력, 같은 협상 방식이 다른 강자에게도 통하는지, 허세가 들통나거나 상대가 비용을 감수하는 실패 사례","배경 세력의 이름만 외치면 협상이 아니라 설정 치트가 된다. 상대가 왜 즉시 죽이지 않았는지 관찰 근거가 없거나, 보복 경로·정보 전달·살려둘 비용의 차이를 제시하지 못하면 긴장이 성립하지 않는다.",Yes,No,VERIFIED_SCENE,4~5화,REF-11 (https://app.notion.com/p/REF-11-671baa79eaae82ef9f05010481a07477?pvs=21),판정 보류,"인물: 정연신은 자신의 전력으로 이길 수 없음을 알고 적이 검 대신 손을 쓴 이유와 외가의 이름을 결합해 억제 조건을 찾는다. 관계: 총관에게 정보망의 도달 범위를 공개 확인시켜 개인의 허세를 조직적 후폭풍으로 바꾼다. 사건: 모욕·살해·질문·거리 확인이 패검종주에게 살려둘지 죽일지 공개 판정을 요구하고, 종주는 정연신을 인정하며 내부 명령 위반자를 제거한다. 표현: 짧은 도발 대사 뒤에 상대의 멈춤·분노·부복·처형을 붙여 발화가 실제 권력 이동을 만드는지 매 단계 확인한다.","이 장면의 승리는 약자가 강자를 말로 압도한 것이 아니다. 상대가 이미 보인 자제의 이유를 읽고, 자신을 죽였을 때 발생할 수 있는 불확실한 정치 비용을 구체적인 정보 전달 경로와 결합해 현재 전투의 계산식을 바꾼 것이다. 동시에 자신을 살려도 거대 전쟁이 곧바로 일어나지는 않는다고 설명해 상대가 물러날 명분도 제공한다.","압도적 전력 차이의 협상에서는 강자의 공포를 막연히 자극하기보다, 이미 관찰된 제약 → 비용이 전달되는 경로 → 죽일 때와 살릴 때의 비용 차이 → 강자가 체면을 지키며 물러날 선택지를 순서대로 제시하면 물리적 열세를 일시적으로 멈출 수 있다.",정연신의 외가가 실제로 움직였을 때 이 협상에서 주장한 후폭풍과 얼마나 일치하는가?,"멸문 전투에서 적의 첫 손속 관찰, 외가를 이용한 도발, 패검종주 앞 수하 살해, 총관의 소식망 확인, 입황성의 정치적 무게 설명, 종주의 최종 판정"
TH-REF11-REL-02 · 입문 구간은 인물별 판정 기준과 권한 차이로 조직을 실체화한다,REF-11,exact,6화 정중산·총관과의 결별 → 헌원창의 시험 정보와 동행 → 권위자별 상이한 재능 판정 → 공개 검증·영단 보상·첫 임무 책임 → 31화 헌원창의 전장 공적 귀속 → 32화 종남파의 유운패와 일회 협조권 → 34~35화 화산파의 생명·자원 위임 → 마진과 총관부의 청색 승단 판정 → 선배들의 향후 차출 요구,"청색 승단시험의 실제 판정과 권한 변화, 높아진 평판이 임무 배치 경쟁이나 조직 간 갈등을 만드는 과정, 공적 오인·과대평가·실패 시 책임 귀속의 반례","주변 인물이 모두 주인공의 재능을 알아보고 칭찬하는 역할만 하면 조직이 아니라 찬양대가 된다. 각 인물은 별도의 욕망·경험·권한을 가져야 하며, 같은 결과를 다르게 해석하고 서로 다른 행동을 선택해야 한다.",Yes,No,VERIFIED_THREAD,6~15화 · 31~35화,,작품 고유,"헌원창은 강호 관습을 과장해 설명하고 정연신의 사회적 행동을 유도하지만 체력과 실전 감각의 한계도 드러낸다. 마진은 재능을 보호만 하지 않고 공개 검증·영단 보상·첫 임무 배치로 책임을 늘리며, 백미려에게는 비밀 무공보다 성정 검증을 먼저 요구한다. 백미려는 독문 무공 침해를 우려해 방어적으로 반응하지만 사과하고 조언 가능성을 재검토하며, 첫 임무에서는 평가자이자 보호자 역할을 맡는다. 청명은 체계화되지 않은 명족의 몸놀림을 보여 주고 정연신이 자기 진기 체계로 번역하게 한다. 마광익·창천대는 같은 재능을 소속의 미래와 명예 문제로 해석해 비무·내기·징계·응원으로 권한을 행사한다. 표현은 긴 칭찬보다 공개 비무 수락, 영단 양도, 사제지연 금지 설명, 전음 상담, 임무 편성, 실패 책임을 선배가 먼저 지는 발화로 관계 변화를 확정한다.","입황성은 재능을 발견한 뒤 칭찬만 반복하지 않는다. 구성원과 조직마다 재능을 소속 자산·경쟁 명분·교육 대상·비밀 침해 위험·미래 지휘관 후보로 다르게 읽고, 공개 검증·보상·규율·성정 조사·임무 책임으로 전환한다. 주인공도 일방적으로 인정받는 것이 아니라 조직의 호의를 이용하려 계산하고, 선배의 비밀을 꿰뚫은 뒤 조언 권리의 경계를 배우며, 첫 임무 실패에서 실제 결함과 동료 책임을 경험한다.","새 조직의 재능 수용을 설득력 있게 만들려면 발견→소속 경쟁→공개 검증→보상·규율→비밀·신뢰 경계→혼합 계급 임무 순으로 권리와 책임을 늘리고, 구성원마다 같은 재능을 다른 이해관계로 해석하게 한다.","청색 승단 뒤 늘어난 명령권·접근권·임무 책임은 무엇이며, 공적이 기대에 미치지 못하거나 조직 간 소유 경쟁을 낳을 때 누가 비용을 부담하는가?","정가장 결별, 입황시와 조직 사명 학습, 마광익 배정·교육, 공개 비무와 소속 경쟁, 영단 보상, 비밀 무공 조언 갈등, 첫 임무 편성·수행, 종남파 대회전의 공적 귀속, 외부 문파의 접근·협조권 보상, 화산 비전 자원과 후계자 생명을 맡기는 신뢰, 입황성 누적 공적과 청색 승단 절차"
TH-REF04-REL-03 · 재난은 직급을 지우지 않고 실질 권한을 다시 배분한다,REF-04,exact,1회차 숲에서 직급 언어와 폭력이 유지됨 → 생존 행동을 목격한 뒤 주인공에게 판단권이 이동 → 팔 희생 뒤 책임·착취·보호 방식이 갈림 → 초월자 선발 앞에서 김영훈이 동료를 계속 호출함 → 2회차 같은 첫날에 전명훈의 통제 성향과 동료들의 반응이 압축 반복됨,"강민희·오현석·오혜서의 장기 독립 목표와 회귀별 변화, 팔 희생안을 둘러싼 각 인물의 최종 찬반, 회사 직급 언어가 더 먼 회차에서 언제 완전히 소멸하거나 다른 관계 언어로 바뀌는지",재난이 시작되자 모두 직급을 잊고 유능한 사람에게 즉시 복종하게 만들면 집단 변화가 평면적이다. 반대로 직급만 끝까지 유지하면 생존 기여가 권한을 바꾸는 과정이 사라진다. 특히 집단의 침묵을 전원 동의로 단정하지 않는다.,Yes,No,VERIFIED_SCENE,2~4화 · 7~8화,REF-04 (https://app.notion.com/p/REF-04-2aebaa79eaae835d99c401be456a2237?pvs=21),판정 보류,"인물: 전명훈은 직급·책임 전가·폭력·비밀 제안으로 통제권을 지키려 하고, 오현석은 사실 확인과 제지로 중재하며, 김영훈은 동료를 계속 부르고 몸으로 막는 책임을 택한다. 김연은 안전 행동을 먼저 따라 하고 이후에는 남은 사람을 살리기 위해 스스로 초월자에게 간다. 관계: 회사 호칭은 남지만 실제 판단권은 생존 행동을 성공시킨 사람에게 이동한다. 사건: 동굴·식량·요괴 대응·초월자 선발에서 누가 말할 권리와 따를 이유를 얻는지가 반복 갱신된다. 표현: 명령형 발화, 어색한 높임말 전환, 짧은 질문, 팔을 붙잡는 동작, 침묵 뒤 행동으로 권한 이동을 드러낸다.","재난은 기존 조직을 즉시 삭제하지 않는다. 사람들은 익숙한 직급과 말투를 붙든 채 새 환경에서 누가 실제로 살릴 수 있는지 관찰한다. 전명훈은 형식 권한을 폭력과 책임 전가로 연장하고, 주인공은 생존 행동의 성공으로 실질 권한을 얻으며, 다른 동료들은 중재·보호·의존·자기희생처럼 서로 다른 방식으로 두 권한 사이에서 선택한다. 그래서 집단 변화는 한 번의 리더 교체가 아니라 장면마다 발화권·판단권·보호 책임이 다시 배분되는 과정이다.","낯선 재난 속 기존 집단을 설득력 있게 바꾸려면 공식 직급을 곧바로 없애지 말고, 명령·제지·질문·모방·보호 행동이 실제 생존 결과와 연결될 때마다 실질 권한이 이동하게 한다.",후속 회귀에서 같은 인물들이 이전과 다른 입력을 받았을 때도 같은 통제·중재·보호·의존 성향을 유지하는가?,"사고 책임 공방, 폭력 제지, 동굴·식량 확보, 요괴 대응과 팔 희생 논의, 초월자 선발, 김연의 자발적 이별, 2회차 첫날 압축 반복"
TH-REF04-WLD-01 · 같은 비범함은 조직의 이해관계에 따라 자원·위협·경쟁자로 재분류된다,REF-04,exact,숲의 초월자들이 회사원들을 자질별로 선발 → 서휼이 신체 이상을 치료하면서도 씨족 자원으로 규정 → 의식 특이성을 본 노인이 인간관계 절단을 요구 → 참마종이 비정상 성장자를 간자로 판단해 폐공 명령 → 가천보가 공개 비무와 원로 판정으로 같은 재능을 검증 → 수도 가문이 성장한 조직을 지원 대상이자 통제 대상처럼 접근,"각 초월자의 장기 소속과 선발 기준, 서휼과 노인의 후속 관계, 참마종과 가천보의 판단 방식이 뒤 회차에서 어떻게 회수되는지, 수도 가문의 통제 제안이 실제 충돌로 어떻게 발전하는지",모든 조직이 천재를 즉시 알아보고 환영하거나 모두 질투해 배척하면 세계의 제도 차이가 사라진다. 조직의 자원·책임·위험 계산과 실제 권한이 장면에서 드러나지 않으면 반응 차이는 임의적이다.,Yes,No,VERIFIED_SCENE,3~10화,REF-04 (https://app.notion.com/p/REF-04-2aebaa79eaae835d99c401be456a2237?pvs=21),작품 고유,"인물: 초월자들은 사람을 인격보다 영근·혈통·의식 특이성·씨족 효용으로 먼저 분류하고, 참마종은 통제할 수 없는 성장 속도를 간첩 위험으로 읽으며, 가천보의 고수들은 공개 승부와 전문 판정으로 실력을 확인한다. 관계: 같은 김영훈도 사문에서는 의심받는 위험, 가천보에서는 검증할 경쟁자, 수도 가문 앞에서는 복속시켜야 할 세력으로 달리 취급된다. 사건: 선발·치료·관계 절단·폐공 명령·비무·지원 제안이 각 조직의 분류를 실제 권리와 강제로 바꾼다. 표현: 짧은 자질 판정 뒤 즉시 이동·압박·공격·비무·명패 양도 같은 행동을 붙여 평가가 제도 행동으로 이어지게 한다.",이 세계의 조직은 비범한 사람을 동일한 기준으로 보지 않는다. 초월자는 혈통과 자질을 미래 자원으로 계산하고 인간관계를 방해 요소로 취급한다. 폐쇄적 사문은 설명할 수 없는 성장을 내부 질서와 독점에 대한 위협으로 읽어 제거하려 한다. 반면 공개 경쟁을 중시하는 무림 조직은 여러 단계의 상대와 원로 판정을 통해 이상을 검증하고 패배를 제도적으로 인정한다. 더 큰 수도 조직은 성장한 세력을 지원한다는 말과 함께 위계 안에 편입하려 한다. 인물의 재능보다 조직이 무엇을 잃고 얻는지가 반응을 결정한다.,"여러 조직이 같은 비범한 인물을 만날 때는 감탄·질투 같은 감정 차이보다, 각 조직의 자원 획득 방식·위험 관리·검증 절차·복속 권한이 다른 행동으로 이어지게 하면 세계가 제도적으로 분화된다.",후속 구간에서 이 조직들이 실패한 판단의 비용을 부담하거나 분류 기준을 수정하는가?,"세 초월자의 자질 선발, 서휼의 치료와 씨족 논리, 의식 특이성을 본 노인의 강제 이별, 참마종의 폐공 명령, 가천보의 세 차례 공개 검증과 패배 인정, 수도 가문의 지원·복속 제안"
TH-REF04-GRP-01 · 한 번의 승리가 지도자의 확신을 집단의 공동 오판으로 증폭한다,REF-04,exact,연기기 7성을 상대한 장로들의 전력 경고 → 김영훈이 월수궁무록의 상성으로 재해석 → 축기기 1인을 간신히 이긴 뒤 무림도 수도자를 이길 수 있다는 선언 → 장로들의 불안이 환호로 전환 → 한 달 뒤 축기기 50인의 집단 공격과 신마전 붕괴,"후속 회차에서 다른 조직이 지도자의 성공을 어떻게 과신하는지, 경고를 유지한 인물이 있었는지, 신마전 생존자들이 실패 원인을 어떻게 재해석하는지","지도자가 자신감만 보였다는 이유로 조직 전체의 오판으로 일반화하지 않는다. 실무자의 경고가 제시되고, 성공 사례가 그 경고를 덮으며, 구성원의 언어와 행동이 실제로 바뀌는 단계가 확인돼야 한다.",Yes,No,VERIFIED_SCENE,11~12화,REF-04 (https://app.notion.com/p/REF-04-2aebaa79eaae835d99c401be456a2237?pvs=21),판정 보류,"인물: 장로들은 전력 소모와 다음 단계의 위험을 보고 후퇴 가능성을 묻지만, 김영훈은 월수궁무록의 상성과 자신의 승리를 가능성의 증거로 읽는다. 조직: 신마전은 생존 방어 조직에서 수도자를 몰아낼 해방 조직으로 목표를 확대한다. 사건: 한 명의 축기기 수사를 간신히 이긴 승리가 체급 차이의 경고가 아니라 집단적 희망으로 번역되고, 곧 50명의 축기기 공격으로 파국이 온다. 표현: 장로들의 짧은 우려 뒤 지도자의 단정형 발화, 이가 빠진 도라는 비용 증거, 반복되는 환호와 선언, 다음 장면의 숫자 한 줄로 오판을 뒤집는다.","이 장면의 실패는 김영훈 개인의 오만만이 아니다. 장로들은 실제 전력 차이를 감지하지만, 지도자가 한 번의 승리를 구조적 가능성으로 해석하고 조직의 정체성을 해방자로 확장하자 경고는 공동 구호 속에 사라진다. 작품은 승리 장면에서 도구 파손과 소모를 보여 위험 근거를 남겨 두고, 바로 다음에 훨씬 큰 규모의 적을 투입해 성공 사례의 과잉 일반화를 파국으로 검증한다.",조직적 오판을 만들 때는 실무자의 비용 보고 → 지도자의 낙관적 재해석 → 구성원의 정체성·목표 확대 → 반대 언어의 소멸 → 규모가 다른 현실 검증 순으로 배치하면 개인의 실수가 집단 결정으로 번지는 과정을 보여줄 수 있다.,"신마전 생존자들은 멸문 뒤 김영훈의 판단, 수도가문의 규모, 자기들의 동조를 각각 어떻게 평가하는가?","연기기 3~7성 전투, 장로들의 경고, 축기기 1인과의 결투, 무림 해방 선언, 축기기 50인의 공격과 신마전 붕괴"
TH-REF04-REL-04 · 혼자 기억하는 관계의 보호는 현재 상대에게 이별로 보인다,REF-04,exact,2회차 김영훈의 절망과 도주를 끝까지 목격 → 3회차 초반 미래 무공과 생존 기반을 먼저 제공 → 현재의 김영훈은 과거 관계를 모르고 동행을 원함 → 서은현은 같은 절망을 다시 보기 싫어 혼자 수련하겠다는 이유로 이별 → 2년마다 만나는 약속으로 관계를 완전히 끊지는 않음 → 조직 합류 제안도 다시 거절,"김영훈이 반복되는 거리 두기를 어떻게 해석하는지, 이별이 실제로 김영훈의 실패 경로를 바꾸는지, 서은현이 보호 명분으로 상대의 선택권을 제한하는 부작용","회귀자가 미래의 비극을 안다는 이유만으로 관계 단절을 정당화하지 않는다. 현재 상대는 과거 관계와 비극을 모르므로, 보호 의도와 상대가 겪는 상실·혼란을 함께 기록해야 한다.",Yes,No,VERIFIED_SCENE,13~15화,REF-04 (https://app.notion.com/p/REF-04-2aebaa79eaae835d99c401be456a2237?pvs=21),작품 고유,"인물: 서은현은 이전 두 삶의 김영훈과 현재의 김영훈을 구분하면서도, 과거 절망을 다시 볼 수 없다는 이유로 동행을 끊는다. 김영훈은 고향 사람을 다시 잃는 것으로 받아들이고 이유를 묻지만 과거 정보가 없어 보호 의도를 알 수 없다. 관계: 일방적 보호와 현재의 동의가 충돌하고, 완전 단절 대신 정기적 재회와 지도 대련으로 새로운 거리의 관계가 형성된다. 표현: 서은현의 긴 내면에는 과거 두 삶의 실패가 열거되지만 실제 발화는 혼자 해 보고 싶다로 축소된다. 김영훈의 짧은 질문과 우울한 표정이 수용된 의미가 보호가 아니라 버려짐에 가깝다는 점을 보여준다.","반복 회귀자는 관계의 전체 역사를 기억하지만 상대는 현재 회차의 짧은 시간만 기억한다. 서은현은 김영훈을 미래의 절망에서 보호하고 자신도 그 장면을 피하려 하지만, 그 진짜 이유를 말할 수 없어 현재 상대에게는 납득하기 어려운 이별이 된다. 작품은 보호를 아름다운 희생으로만 처리하지 않고, 김영훈의 외로움과 동행 욕구를 남긴 채 정기 재회라는 불완전한 타협을 만든다.","한쪽만 과거 관계를 기억하는 서사에서는 보호 행동을 즉시 헌신으로 확정하지 말고, 숨긴 이유 → 현재 상대의 다른 해석 → 상실 반응 → 완전 단절을 피하는 새 관계 규칙의 순서로 보여주면 기억 비대칭의 비용을 살릴 수 있다.","서은현의 거리 두기는 실제로 김영훈을 보호하는가, 아니면 실패를 혼자 감당하지 않으려는 회피이기도 한가?","3회차 김영훈의 조기 성장, 조수월무록 전달, 동행 종료 대화, 2년 주기 재회, 지도 대련, 조직 합류 제안 거절"
TH-REF04-WLD-02 · 경지 상승은 같은 세계에서 보이는 정보와 선택 가능한 자원을 바꾼다,REF-04,exact,4회차 첫날 절정의 시야로 인간의 공격 궤도 확인 → 여우와 수도자의 의도가 선이 아니라 공간을 잠식하는 영역으로 보임 → 이전 회차의 수적 소굴을 단시간에 정리하고 자원을 회수 → 황실의 구성원이 수도자임을 감지 → 황제 호위 임무가 수도자 관찰과 동급 고수 실전의 통로가 됨,"삼화취정·오기조원에서 새로 보이는 정보 층, 시야가 잘못된 판단을 유도하는 사례, 보이는 정보가 늘어도 접근 권한이 막히는 조직적 반례","경지 상승 뒤 세계 설정을 설명문으로만 추가하면 안 된다. 이전과 같은 장소·인물·임무를 다시 만나되, 새 감각이 구체적인 정보와 선택지 차이를 만들어야 한다.",Yes,No,VERIFIED_SCENE,18~20화,REF-04 (https://app.notion.com/p/REF-04-2aebaa79eaae835d99c401be456a2237?pvs=21),판정 보류,"인물: 서은현은 절정의 시야로 인간의 공격 의도는 선, 요괴와 수도자의 식은 공간을 잠식하는 영역으로 본다. 관계: 같은 김영훈과 대련해도 이전에는 일방적 지도 관계였던 것이 잠시 경쟁 가능한 관계로 바뀌고, 황실에서는 호위자보다 강할 수 있는 대상의 비밀을 혼자 안다. 사건: 수적 토벌 시간, 자원 회수, 군부 진입, 황실의 정체 파악이 모두 새 경지 때문에 달라진다. 표현: 기존에 본 장소와 인물을 다시 제시한 뒤, 붉은 선·영역·시간 차이·호칭과 임무의 모순을 짧게 붙여 독자가 전후 차이를 즉시 비교하게 한다.","경지 상승의 보상은 공격력이 커졌다는 데서 끝나지 않는다. 같은 세계를 다시 볼 때 이전에는 하나의 사건이나 위협으로만 보이던 것이 의도·영역·숨은 신분·새로운 진로로 분해된다. 서은현은 절정의 시야로 수도자와 무림인의 구조적 차이를 이해하고, 예전에는 하루 걸리던 수적 토벌을 일다경 만에 끝내며, 황실의 숨은 수도자 정체까지 감지한다. 이 정보 변화가 군부·황실·수도자 접촉이라는 새 선택지를 연다.","성장 보상을 확장하려면 같은 장소·상대·임무를 다시 보여 주고, 새 경지가 ① 이전에 안 보이던 정보 ② 달라진 처리 시간 ③ 새로 열린 자원·진로 중 둘 이상을 실제 행동 변화로 연결하게 한다.",더 높은 경지에서는 정보가 늘어나는 만큼 오판·과부하·책임도 함께 커지는가?,"4회차 첫날 절정 시야, 여우와 수도자의 영역 관찰, 계호수로채 토벌, 김영훈과의 대련, 군부 입대와 황실 수도자 정체 확인"
TH-REF04-TRU-01 · 의혹은 증거의 신뢰도를 단계적으로 올려 사실이 된다,REF-04,exact,황실 기록의 성군 서술 → 암살자의 과격한 주장 → 호구 장부의 빈민층 삭제 → 과거 회차 정보와 대조 → 현장 연단로·실종자 규모 확인 → 적대 수도자의 자백 → 진씨세가의 인육 연단 반대 증거로 도덕 단순화 차단,"이후 황실·진씨세가·막리세가의 기록 조작 방식, 잘못된 의혹이 반증되는 사례, 주인공이 신뢰한 증거가 조작이었을 때 판단을 수정하는 방식",한 인물의 주장만으로 대규모 음모를 사실로 확정하면 독자 신뢰가 약하다. 반대로 증거를 같은 종류로 반복하면 정보량만 늘고 확신 단계는 바뀌지 않는다. 사실 확정 뒤 즉시 선악을 단순화하지 않는다.,Yes,No,VERIFIED_SCENE,21~24화,REF-04 (https://app.notion.com/p/REF-04-2aebaa79eaae835d99c401be456a2237?pvs=21),판정 보류,"인물: 서은현은 자객의 주장만 믿지 않고 황실 문서, 과거 회차 기억, 인구 통계, 현장 흔적을 대조한다. 김영훈은 진씨세가의 설명을 전적으로 신뢰하지 않고 직접 이동·관찰·전투로 사실을 확인한다. 조직: 황실은 구휼 성공으로 기록을 포장하고, 암살자와 막리세가는 학살을 주장하며, 진씨세가는 자신들을 피해자·토벌자로 제시하지만 동일한 인육 연단을 실행한다. 표현: 처음에는 단정 대신 의문형 내면을 반복하고, 서로 다른 출처의 증거가 추가될 때마다 가능성·개연성·현장 확정으로 어휘 강도를 높인다. 확정 직후 새로운 가해 사실을 제시해 독자의 편들기를 다시 중단시킨다.","독자는 암살자의 고발을 들었을 때 즉시 믿도록 강요받지 않는다. 황실의 성군 기록과 충돌하는 과격한 주장으로 먼저 제시되고, 호구 장부에서 고아·거지·빈농이 설명 없이 사라진 통계가 발견되며, 주인공의 이전 삶에서 사파가 비정상적으로 빨리 줄었던 기억이 보조 증거가 된다. 이후 현장의 연단 시설과 실종자 규모, 적의 발언이 같은 결론을 독립적으로 지지하면서 학살 의혹이 사실로 굳어진다. 그러나 진씨세가도 인육을 연단 재료로 사용한다는 반대 증거가 곧 등장해, 사실 확인과 도덕적 편들기를 분리한다.","중대한 음모를 독자가 믿게 하려면 이해관계가 있는 주장 → 공식 기록과의 모순 → 수치·결손 패턴 → 주인공의 기존 정보와 대조 → 현장 물증 → 반대편 자백처럼 출처와 증거 종류를 바꾸며 확신 단계를 올리고, 사실 확정 뒤에는 별도의 반대 증거로 선악 판정을 다시 열어 둔다.","이후 회차에서 황실 기록과 세가의 설명이 어떤 방식으로 조작되며, 주인공이 증거 신뢰도를 잘못 판정하는 실패 사례가 나타나는가?","황실 자객의 주장, 10년간 호위와 기록 열람, 호구 장부의 빈민층 삭제, 과거 회차 사파 감소와 대조, 연단 거점 조사, 수도자 전투와 발언, 진씨세가의 인육 연단 확인"
TH-REF04-REL-05 · 장기 관찰은 임무 자원을 살아 있는 개인으로 재분류한다,REF-04,exact,지난 삶에서 황실 암살자로 맞서 목을 벰 → 5회차에 같은 아이들을 직접 가르침 → 이름·적성·취향·연정·슬픔을 장기간 관찰 → 원혼 주입 뒤 수명·정신 비용 확인 → 암살 투입을 지연하고 실력 부족을 명분으로 보호 → 제자들이 죽음을 선택해도 월수진과 합동 임무로 생존 조건을 높임,"제자들이 실제 임무에서 스승의 보호 의도와 자기 복수 욕망을 어떻게 조정하는지, 거짓 희망과 암살 지연이 신뢰를 훼손하는지, 생존 강요가 제자들의 현재 선택권과 충돌한 결과","대상을 오래 보았다는 이유만으로 자동 애착이 생기면 작동이 약하다. 이름·습관·관계·감정이 반복 관찰되고, 그 정보가 실제 명령 거부·임무 변경·자원 확보로 이어져야 한다. 보호자가 상대 선택을 전부 무효화하면 주체성 침해 문제가 남는다.",Yes,No,VERIFIED_SCENE,27~30화,REF-04 (https://app.notion.com/p/REF-04-2aebaa79eaae835d99c401be456a2237?pvs=21),판정 보류,"인물: 서은현은 과거에 목을 벤 암살자들을 처음에는 죄책감과 책임감으로 가르치지만, 이름·무기 적성·연정·기쁨·슬픔을 장기간 관찰하며 각자의 생을 가진 제자로 재분류한다. 제자들은 복수를 위해 원혼 주입과 죽음 위험을 스스로 수락하며 보호자의 뜻에 수동 복종하지 않는다. 조직: 진씨세가는 아이를 막리세가 견제용 암살 자원으로 보고 수명·정신 비용을 허용하며, 서은현은 실력 미달이라는 공식 언어로 투입을 지연한다. 표현: 번호를 거부하고 이름을 묻는 장면, 개인별 무기 배정, 일상 감정의 열거, 암살 가능 전력과 생환 불가능성을 분리하는 내면, 불가능한 전수 조건과 월수진 제공으로 관계 변화가 드러난다.","이 구간의 보호는 처음부터 존재하지 않는다. 주인공은 지난 삶에서 본분에 따라 죽였던 아이들을 다시 만나 죄책감을 느끼지만, 그것만으로는 임무를 막지 않는다. 여러 해 동안 이름과 적성, 사랑, 음식 취향, 칭찬에 대한 기쁨, 가족 기억의 슬픔을 보면서 아이들이 복수 도구가 아니라 각각의 삶을 가진 사람이라는 인식에 도달한다. 그 뒤에야 조직의 투입 요구를 실력 부족으로 지연하고, 제자들이 복수를 포기하지 않자 일방적으로 선택을 취소하기보다 생존 확률을 높일 진과 합동 임무를 제공한다. 다만 제자들이 죽음을 감수한 선택을 보호자가 거짓 희망으로 미루기 때문에 보호와 통제의 긴장은 남는다.",과거에 기능·적·자원으로만 보았던 대상을 장기 관계 속 개인으로 전환하려면 이름 회복 → 개별 능력·습관 관찰 → 비전투 감정과 관계 확인 → 조직 분류와 개인 삶의 충돌 → 보호자의 명령·자원 배분 변화가 이어져야 한다.,"제자들은 임무에서 스승의 생존 요구를 자기 복수와 어떤 방식으로 조정하며, 서은현의 거짓 조건을 알게 되었을 때 관계가 어떻게 바뀌는가?","진씨세가 암살자 교육 수락, 번호 대신 이름 확인, 개인별 무기·훈련 배정, 원혼 주입 선택, 10년간 감정과 일상 관찰, 암살 투입 지연, 월수궁무록 전수 조건 제시, 월수진과 막리세가 영지 합동 임무 전환"
TH-REF04-EXP-01 · 집단 손실을 이름과 개인 이력으로 다시 분해한다,REF-04,near-exact,27~30화의 이름·무기·취향·연정·가족 기억 축적 → 31화의 집단 전사 수치 → 이름별 장례와 후속 보호 판단,"떨어진 구간 반복, 대규모 손실에서 전원 호명이 과잉이 되는 반례, 이름 외 물건·자리·업무 공백을 통한 개인화 변형","사망 직전에만 이름과 사연을 몰아서 붙이면 감정 조작으로 보일 수 있다. 모든 희생자를 장문 회상하면 현재 장면의 속도가 무너질 수 있으므로, 이전 축적이 있는 정보만 선택적으로 재호출해야 한다. 이름을 나열해도 후속 선택이 달라지지 않으면 장례 장식에 머문다.",Yes,No,CANDIDATE,31화,REF-04 (https://app.notion.com/p/REF-04-2aebaa79eaae835d99c401be456a2237?pvs=21),판정 보류,"인물: 서은현은 죽은 제자들의 이름을 부르며 손실을 개별적으로 받아들인다. 살아남은 제자들도 집단 병력이 아니라 서로의 죽음과 약속을 기억하는 주체로 남는다. 사건: 집단 피해가 후속 보호 명령과 복수 갈등을 촉발한다. 표현: 사망자 숫자 제시 뒤 이름 호명, 장례 행동, 생전 정보의 재호출을 배치해 집단 수치를 개인의 부재로 분해한다.","작품은 대규모 사망을 숫자의 충격으로만 소비하지 않는다. 앞선 회차에서 이름·무기 적성·음식 취향·연정·가족 기억을 축적해 둔 뒤, 사망 구간에서 그 개별성을 다시 호출한다. 독자는 ‘34명 사망’이라는 집단 정보와 각자의 부재를 동시에 인식하며, 보호자의 후속 통제와 자기희생이 왜 발생하는지 감정적·인과적으로 납득한다.",집단 손실을 깊게 체감시키려면 사건 이전의 이름·습관·관계 축적 → 집단 피해 수치 제시 → 일부 또는 전체 개인 재호명 → 생전 정보와 현재 빈자리 연결 → 생존자 판단·관계·자원 배분 변화가 이어져야 한다.,다른 집단 사망·이별 구간에서도 사전 개인화 정보를 재호출해 손실을 분해하는가? 전원 호명과 선택적 대표 호명은 어떤 조건에서 나뉘는가?,"제자 34명의 전사 통보 뒤 서은현이 죽은 제자들을 집단 수치로 처리하지 않고 이름을 하나씩 호명하고 묻으며, 이전에 축적한 개별 적성·취향·관계를 손실 판단에 연결하는 장면"
TH-REF04-SCN-01 · 결정적 자원을 직접 승리 대신 타인의 실행권 복원에 사용한다,REF-04,exact,31화의 강제 보호와 제압 → 숨겨진 비용 공개와 상호 이해 → 생존 약속 갱신 → 35화의 구속 해제와 최종 처형권 반환,"떨어진 구간 반복, 실패하거나 거절되는 권한 위임 사례, 위임 이후 제자들의 독립적 삶과 책임 변화",타인에게 마지막 일격만 형식적으로 양보하고 실제 판단·위험·비용은 모두 주인공이 끝냈다면 행위권 복원이 아니다. 당사자가 이전부터 독립 욕망과 실행 능력을 축적하지 않았다면 위임은 감동 연출을 위한 장식이 된다.,Yes,No,VERIFIED_SCENE,35화,REF-04 (https://app.notion.com/p/REF-04-2aebaa79eaae835d99c401be456a2237?pvs=21),판정 보류,"인물: 서은현은 앞서 제자들의 선택을 강제로 막았지만 마지막에는 생존·성장 봉쇄를 제거하고 복수 실행권을 돌려준다. 제자들은 스승의 뜻을 수동 계승하는 데 그치지 않고 직접 황제를 처형한다. 사건: 결정적 전투 자원이 적 처단과 구속 해제 중 어디에 배분되는지가 클라이맥스의 권한 구조를 바꾼다. 표현: 강기를 수백 갈래로 분산하는 행동, 원혼 구속 파괴, 죽어 가면서 적을 붙잡는 신체 비용, 제자의 직접 처형 순으로 의미를 확정한다.","클라이맥스에서 주인공은 승리를 독점하지 않는다. 자신만이 사용할 수 있는 마지막 자원을 적의 목숨을 끊는 데 쓰는 대신, 다른 인물들이 자기 비원을 실행할 수 없게 막던 구속을 제거하는 데 쓴다. 이후 적을 붙잡아 실행 조건만 확보하고 최종 처형은 제자들에게 맡긴다. 주인공의 기여는 줄지 않지만 타인의 서사적 행위권도 보존된다.",주인공이 클라이맥스에서 타인의 문제를 대신 해결하지 않으면서도 결정적으로 기여하려면 결정적 자원 확보 → 직접 승리와 조건 복원 사이의 선택 → 타인의 행위권을 막는 구속 제거 → 실행 가능한 시간·공간 확보 → 최종 선택과 행동을 당사자에게 반환의 사슬을 만든다.,이 작품의 다른 회차에서도 주인공이 최종 해결을 독점하지 않고 타인의 실행 조건을 복원하는 방식이 반복되는가? 직접 승리보다 권한 반환을 선택했을 때 주인공과 타인에게 남는 후속 비용은 무엇인가?,"서은현이 최후의 강기를 막리황신 처단에 집중하지 않고 제자들의 상단전에 새겨진 원혼 구속을 해제하는 데 분산 사용한 뒤, 적을 붙잡아 제자들이 직접 처형하게 하는 장면"
TH-REF11-SCN-01 · 상대의 독문무공을 상위 형태로 되돌려 패배를 삶의 부정으로 바꾼다,REF-11,exact,없음. 34화 단일 장면에서 문제·선택·수용·상태 변화가 완결됨,"다른 적대자의 무학·신념을 같은 방식으로 되돌리는 반복, 실패하거나 역으로 상대의 집념을 강화하는 변형, 처벌 방식의 윤리적·전략적 비용","상대의 무공이 정체성과 삶의 축적을 대표하지 않거나, 주인공이 투로를 읽고 개선할 선행 능력과 관찰 근거가 없으면 맞춤형 처벌이 아니라 만능 복제와 가학적 과시에 머문다. 상위 형태가 실제 교환에서 검증되지 않아도 성립하지 않는다.",Yes,No,VERIFIED_SCENE,34화,REF-11 (https://app.notion.com/p/REF-11-671baa79eaae82ef9f05010481a07477?pvs=21),작품 고유,"정연신은 고향 묘역 훼손과 청명의 눈을 조롱하는 투귀에게 단순한 절단이나 즉사보다 무공에 평생을 바친 강호인이 무엇을 잃을 때 절망하는지 계산한다. 투귀는 독문 금나수와 별호를 자기 우월성의 근거로 삼는다. 정연신은 첫 검격이 빗나간 뒤 검을 집어넣고 금나수의 제압 기능과 투로를 읽어 더 높은 궤적으로 되돌린다. 투귀의 여유는 식은땀·공황·갈망·절망으로 순차 붕괴하고, 관계는 조롱하는 포식자와 표적에서 자기 삶의 축적을 부정당한 패자와 처단자로 바뀐다.","이 장면의 보복은 상대보다 잔혹한 말을 하는 데 있지 않다. 상대가 자신의 삶이라고 여기는 독문무공을 더 나은 형태로 눈앞에서 구현하고, 배울 수 있을지도 모른다는 희망을 잠깐 열었다가 닫아 전투 패배를 정체성 붕괴로 확장한다. 천재성의 증명보다 적대자에게 가장 정확한 손실을 설계하는 장면 기능이 중심이다.","적대자에게 개인화된 패배를 주려면 먼저 그가 무엇을 삶의 축적으로 여기는지 확인하고, 그 핵심을 전투 안에서 더 높은 형태로 반박한 뒤 상대의 수용 반응이 자신감에서 갈망과 절망으로 바뀌는 과정을 행동으로 검증한다.","이 작품은 이후에도 적의 무공·신념·지위를 그 사람의 가장 큰 손실로 되돌리는가, 그리고 그 방식이 실패하거나 주인공의 잔혹성으로 재분류되는 반례가 있는가?","투귀의 첫 금나수와 광화검류 회피, 정가장 묘역 훼손 고지, 무림인의 절망 조건 추론, 검을 집어넣고 같은 금나수로 응수, 상위 투로와 정가동공의 괴력 결합, 구결 제공을 미끼로 한 갈망·절망 전환, 손목 파괴와 처단"
TH-REF11-REP-01 · 실용적 자기보존 선택이 관찰자에게 협의로 번역된다,REF-11,exact,33화의 관용 오독 → 35화의 구명·자원 전달을 대협으로 해석. 인접 구간 반복만 확인됨,"떨어진 구간 반복, 실용 행동이 냉혹함이나 이용으로 해석되는 반례, 협객 평판이 이후 의무·기대·자기희생 압박으로 돌아오는 과정",주인공의 실용 계산만 강조해 수혜자의 실제 이익과 위험 부담이 사라지면 협의가 아니라 우연한 이득이다. 반대로 모든 관찰자가 선의로만 해석하면 의도·수용 차이가 평판 자동 생성 장치가 된다.,Yes,No,CANDIDATE,33화 · 35화,REF-11 (https://app.notion.com/p/REF-11-671baa79eaae82ef9f05010481a07477?pvs=21),작품 고유,"정연신은 객잔 낭인의 생존 집착에서 자신을 보고 처단을 멈춘다. 주변은 그 내적 동일시를 모르고 압도적 무력을 지닌 강자의 관용으로 읽는다. 35화에서는 자소단을 자기 몸에 안착시키려면 일 년이 필요하다는 시간 비용 때문에 전량 보유를 포기하고, 전달 과정에서 중단전을 열어 자기 성장과 유현의 생존을 함께 달성한다. 화산 인물들은 이를 대인·대협의 풍모로 해석해 경애·보상·동문에 준하는 시선을 돌려준다.","주인공은 협객처럼 보이기 위해 선행을 연출하지 않는다. 생존 본능에 대한 동일시, 시간 예산, 자원 효율이라는 사적 동기가 타인에게 실제 이익을 주고, 관찰자는 보이는 행동과 부담을 근거로 도덕적 의미를 부여한다. 내적 의도와 사회적 평판이 어긋나지만 그 오해는 관계 권리와 보상으로 현실화된다.","주인공의 영웅적 평판을 자기 선언 없이 만들려면 사적 계산이 타인에게 실질적 이익을 주는 선택으로 이어지고, 관찰자가 보이는 비용과 결과를 근거로 도덕적 의미를 붙인 뒤 호칭·신뢰·보상 같은 사회적 변화가 뒤따라야 한다.","협객 평판이 이후 정연신에게 원치 않는 의무나 자기희생 기대를 부과하는가, 그리고 그의 실용 동기가 드러났을 때 관계의 해석은 유지되는가?","객잔에서 목숨을 구걸한 낭인을 살려 보내는 장면과 주변의 ‘강자의 관용’ 해석, 자소단을 일 년간 정제할 가치가 없다고 판단한 뒤 중단전 개방에 쓰면서 유현에게 전량 전달하는 장면, 화산검절·유현·마진의 대인·대협 판정과 보상 약속"
TH-REF45-02 · 예정된 악역의 악명과 죽음을 공공 구원의 자원으로 전환하는 장기 구성,REF-45,exact,초반의 '거의 필연적으로 죽는 악당' 규정이 결말에서 '죽음과 악명을 이용해야 하는 공공 계획'으로 기능 변환되어 회수된다. '게임에 필요한 존재'가 되라는 생존 과제도 최종적으로 세계 질서에 필요한 악역이 되는 역설로 회수된다.,"중간부 각 세력의 악명 형성 전 단계, 최종 계획을 공유한 인물별 시점, 공개 악역화 이후 회복되지 않은 관계 손실.","악명은 자동으로 구원 자원이 되지 않는다. 중간부에서 주인공의 냉혹한 교육·은폐·자기 악역화는 제자와 동료에게 실제 공포·오해·낙인을 남긴다. 후반 인물들은 결과가 옳더라도 과정은 지나치게 틀렸다고 판정한다. 일부 핵심 인물이 진의를 공유하고 책임을 인수하며, 공적 기록과 사적 진실이 의도적으로 분리될 때만 최종 계획의 자원으로 작동한다.",Yes,No,VERIFIED_THREAD,"초반 49~131행, 653~704행 / 348~350화 184,720~185,651행",,작품 고유,"초반 시스템은 생존 조건을 '필요한 존재'가 되는 것으로 제시한다. 결말 직전 황제 시점은 한 인물의 이름·삶·생애를 최악의 악당으로 만드는 것이 100년 평화의 조건이라고 계산한다. 이어 주인공은 공개적으로 멸망을 원하는 악당의 언어를 사용하고, 사적 공간에서는 다른 목적과 감정을 분리해 전달한다. 공개 기록과 사적 진실의 층이 갈린다.","작품은 시작부터 주인공 역할이 여러 인물의 원한을 연결하는 네임드 악당이며 거의 모든 경로에서 죽는다고 공개한다. 주인공의 초기 목표는 '게임에 필요한 존재'가 되어 사망 변수를 늦추는 것이다. 결말부에는 그동안 축적된 악명과 죽음 가능성이 단순 회피 대상이 아니라, 한 사람에게 모든 증오와 책임을 집중시켜 대륙의 질서를 재정렬하는 계획의 자원으로 사용된다. 생존 목표는 폐기되지 않고 끝까지 '살고 싶다'는 감정으로 남지만, 역할의 죽음이 타인의 생존 조건이 되는 지점에서 선택의 비용이 극대화된다.","이 작품은 사망 플래그를 하나씩 제거하기보다, 플래그를 발생시키는 사회적 역할 자체를 증폭·재설계해 최종 문제 해결의 비용으로 사용한다.","공적 악명과 실제 구원 계획 사이의 정보 보유자 확대 순서를 세력별로 더 세분화하고, 공개 악역화가 각 관계에 남긴 회복 불가능한 손실을 추가 추적한다.","초반 전제, 중간부의 교육·연구 검증·청문회·반복 생·관계 오해 표본, 최종 348~350화의 계획·대치·고백을 직접 확인. 작품 전체 왕복 채굴이며 350화 순차 완독과 동일하지 않음."
TH-REF45-01 · 외부인의 이름을 지키려는 저항이 역할의 책임을 선택하는 정체성으로 변하는 장기 구성,REF-45,exact,초반의 '김우진' 자기호명은 349~350화에서 옛 지인이 같은 이름을 부르는 시험으로 재등장한다. 초반에는 자아 보존 장치였으나 결말에는 반응 여부를 판정하는 관계 장치가 된다.,"중간부 전 회차의 순차적 심리 전환점, 시스템 성격 전염의 정확한 한계.","결말의 옛 이름 무반응만으로 원래 자아가 완전히 소멸했다고 확정할 수 없다. 옛 관계의 감정과 기억은 현재 역할의 언어로 남아 있으며, 작품은 양자택일보다 통합을 지지한다.",Yes,No,VERIFIED_THREAD,"프롤로그~초반 620~790행 / 349~350화 184,720~185,651행",,작품 고유,"초반: 거울·독백·원래 이름의 반복으로 내면 경계를 명시한 직후, 걸음걸이·말투·의무 수행에서는 역할 성격이 즉시 작동한다. 결말: 옛 지인이 옛 이름을 시험하지만 외면 반응은 없고, 둘만 남긴 뒤 현재 역할의 이름과 감정으로 과거 관계를 고백한다. 장면 표현은 이름 시험→침묵→업무 전환→역할적 악역 발화→격리→사적 고백 순서다.","초반 주인공은 원래 이름을 거울 앞에서 반복하며 인물 성격에 삼켜지지 않겠다고 선언한다. 그러나 실제 행동은 생존을 위해 맡은 역할의 의무·지식·권한을 수행하는 방향으로 누적된다. 결말부에는 옛 이름에 즉각 반응하지 않고, 현재 역할의 어법과 책임으로 대륙의 멸망·구원 계획을 수행하면서도 옛 관계의 감정은 현재 인물의 고백으로 표현한다. 정체성의 해결은 원래 자아로 복귀하거나 역할에 완전히 소멸하는 이분법이 아니라, 역할이 만든 선택과 책임을 자기 것으로 떠안는 통합에 가깝다.","이 작품 내부에서는 정체성 갈등을 독백으로 해결하지 않고, 맡은 역할의 권리·의무·관계가 누적된 뒤 옛 이름에 대한 반응과 현재 역할의 선택을 병치해 판정한다.",중간부 어느 시점부터 원래 이름의 자기호명이 사라지고 역할의 판단 기준이 우세해지는가. 이 변화가 명시적 사건인지 누적적 소거인지 추가 구간 검증이 필요하다.,"프롤로그, 초반 전제·이름 장면, 349~350화 결말 장면을 직접 확인. 중간부는 전 작품 왕복 검색으로 역할 수행·관계 축적을 표본 확인했으나 순차 완독과 동일하지 않음."
TH-REF45-04 · 부모가 강요한 야망을 버리되 부모의 사랑과 한계를 함께 인정하는 화해 장면,REF-45,exact,가문의 야망과 딸의 재능에 대한 오랜 갈등이 결말 직전 '태양'의 의미 재정의와 유언으로 회수된다.,초중반 가족 갈등의 세부 단계와 어머니 사건의 전체 진실.,"상대의 본질을 인정하는 것이 가해 행위의 면죄나 가치관 동의는 아니다. 작품은 아버지의 야망과 살해를 정당화하지 않고, 사랑의 존재만 별도로 확정한다.",Yes,No,VERIFIED_SCENE,"349화 184,900~185,120행",,작품 고유,딸의 욕망: 아버지의 자기화해와 마지막 연결. 아버지의 욕망: 가문 야망과 자기 정체성 유지. 정보·해석: 딸은 자신의 공공적 역할을 성취로 보지만 아버지는 혈통 야망의 실패로 본다. 표현: 제삼자가 '다른 의미의 태양'을 판정→딸이 자기화해 선언→아버지가 거부·실망 표명→딸이 본질 인정→아버지가 어머니와 딸에 대한 사랑만 고백→죽음. 상태 변화: 가치관은 불일치한 채 관계의 마지막 진실만 확정된다.,"딸은 아버지가 원한 형태의 '태양'이 되지 않았지만, 자신의 힘으로 사람들을 살리는 다른 의미의 태양이 되었다. 아버지는 끝까지 가문의 야망을 포기하지 않고 딸에게 실망했다고 말한다. 작품은 그를 갑자기 개심시키지 않는다. 딸도 그 말을 부정하거나 용서를 강요하지 않고 '그게 아빠니까'라고 받아들인다. 그 결과 아버지는 자신의 야망과 실망을 유지한 채 사랑만은 명시하고 죽는다. 화해는 가치관 일치가 아니라 상대의 불변 한계와 남은 애정을 동시에 인정하는 형태다.","오랜 가족 갈등의 결산에서 가해자의 가치관을 급작스럽게 교정하지 않고, 불변성·실망·사랑을 분리해 각각 확정하면 인물 일관성과 정서적 종결을 함께 얻을 수 있다.",중간부에서 딸이 '나와 화해'에 도달하는 구체적 사건 연쇄를 추가 추적해야 한다.,349화 해당 장면 직접 확인.
TH-REF45-03 · 옛 이름의 반응 시험을 실패시킨 뒤 현재 역할의 고백으로 관계를 재정의하는 장면,REF-45,exact,초반 거울 앞 자기호명 장면의 문구가 결말에서 타인의 시험 발화로 되돌아온다.,350화 이후 후일담 또는 일기장 독해 결과.,"옛 이름에 무반응이라는 단일 행동을 객관적 정체성 부정으로 확정하면 안 된다. 의도적 연기, 역할 성격, 기억 통합 가능성이 열려 있다.",Yes,No,VERIFIED_SCENE,"349~350화 185,180~185,455행",,작품 고유,"질문자 욕망: 과거 인물의 생존 확인. 정보 차이: 독자는 두 정체성의 연속 가능성을 알고 질문자는 가설만 가짐. 표현: 옛 이름 호명→긴 침묵→미세 반응 관찰→무반응 판정→업무 압박→공개 악역 대화→동행자 격리→본명 호명→고백→일기장 전달→강제 이별. 상태 변화: 정체성 증명은 실패하지만, 질문자는 현재 역할의 감정을 배신하지 않기로 선택하고 유산을 인수한다.","옛 지인은 주인공이 과거의 사람일 가능성을 확인하려고, 둘만 아는 이름을 부르고 얼굴·심박·동공의 미세 반응을 읽는다. 장면은 기대를 길게 키운 뒤 주인공이 그 이름을 모르는 듯 행동하게 하여 시험을 실패시킨다. 그러나 곧 주인공은 옛 지인의 본명을 정확히 부르고, 공개 인물들을 격리한 후 현재 역할의 정체성을 유지한 채 과거의 사랑과 감사, 후회를 고백한다. 사실 확인은 실패하지만 관계의 감정은 더 복잡한 형태로 확정된다.","정체성 미스터리의 답을 예/아니오로 확정하지 않고, 객관 시험 실패 뒤 관계상 진실을 별도 채널로 확정하면 상실과 보상을 동시에 만들 수 있다.",일기장이 이후 독자에게 어느 정도의 객관적 정체성 증거를 제공하는지 350화 이후 범위가 없어 확인 불가.,349화 말미와 350화 해당 장면 직접 확인.
TH-REF45-08 · 과거 비위가 있는 전문가가 반대자의 질문·공개 증명·책임 인정으로 제한적 신뢰를 재건하는 장기 구성,REF-45,exact,"초반의 연구 절도 평판은 현재 성과가 나올 때마다 의심의 기준으로 재등장한다. 공개 증명과 공동 저자 기록은 해당 성과를 검증하지만, 후반에도 표절 비난이 작동하여 과거 평판이 완전히 삭제되지 않았음을 보여 준다.","심사위원별 최종 판정과 후속 제도 보상 전수, 후반 표절 공세의 전체 파급.","현재 해답의 공개 증명은 과거 연구 절도를 무효화하지 않는다. 반대로 과거 비위가 있다는 이유로 현재 증명의 사실까지 부정할 수도 없다. 작품은 사실 판정과 도덕 판정을 분리하며, 신뢰는 보편적 칭찬이 아니라 특정 성과에 한정된다.",Yes,No,VERIFIED_THREAD,"초반 표절·연구 단절 평판 약 879~1,299행 / 경쟁자의 검증 준비 32,101~33,299행 / 공개 증명 36,625~37,283행 / 청문회 69,780~70,215행 / 후반 재차 표절 비난 약 175,330행 이후",REF-45 (https://app.notion.com/p/REF-45-3b2baa79eaae81c08e90dccdbdbd9ba8?pvs=21),작품 고유,경쟁자 욕망: 거짓 천재의 폭로 또는 해답의 검증. 조직 욕망: 권위 있는 문제의 진위 판정과 위험 통제. 표현: 과거 평판 제시→새 성과에 대한 적대적 의심→질문 준비→독립 심사자와 공개 풀이→반론 질문→실제 시연→공개하지 않을 부분의 존재를 추가 시연→원본 파기. 청문회에서는 고발 증거→사전 제출 기록→공동 저자→과거 잘못 인정 순으로 사실과 도덕 판정을 분리한다.,"주인공 역할은 타인의 연구를 빼앗았다는 과거 평판 때문에 현재 성과를 자기 선언만으로 신뢰받을 수 없다. 작품은 주변 인물의 칭찬을 늘리는 대신 경쟁 학자가 해답을 의심하고 질문을 준비하게 하며, 독립 심사자 앞에서 풀이·질문·시연을 통과시킨다. 증명 뒤에는 위험한 전체 해석본을 직접 파기해 성과 과시보다 책임 판단을 추가한다. 이후 청문회에서는 새 논문을 훔쳤다는 공격을 단순 부인하지 않고, 사전에 등록된 공동 저자 기록과 과거 과오 인정으로 대응한다. 그 결과 현재 성과의 신뢰는 올라가지만 과거 비위는 지워지지 않아 후반 적대 세력이 다시 표절 평판을 이용할 수 있다. 신뢰는 전면 복권이 아니라 사안별·증거별로 제한된다.","이 작품 내부에서 손상된 전문 신뢰는 감탄이나 한 번의 천재성으로 복원되지 않는다. 반대자의 질문을 통과하고, 독립된 종류의 증거를 제시하며, 과거 책임을 별도로 인정할 때 현재 성과만 제한적으로 신뢰받는다.",공개 증명 이후 조직이 실제로 부여한 연구권·교육권·정치적 권한의 변화를 더 추적해야 한다.,"초반 평판, 경쟁자의 검증 준비, 공개 증명의 질문·시연·파기, 청문회의 공동 저자와 책임 인정, 후반 재비난을 직접 확인했다. 모든 학계 평가자의 반응은 전수 검증하지 않았다."
TH-REF45-07 · 권태로운 통치자가 반복 생의 증인과 패배 가능한 경쟁을 통해 목표와 통치 의지를 회복하는 장기 구성,REF-45,exact,"반복 생에서 시작된 체스가 후반의 실제 패배와 복기로 재등장한다. 초기에는 삶의 누적 가능성을 증명하는 장치였고, 후반에는 통치자의 승부욕과 장기 준비를 재가동하는 장치가 된다. 과거 교수가 몰래 치료한 보호도 후반에 통치자의 비밀 치료로 역전된다.","143회 반복 전체의 세부, 통치 의지와 정책 변화의 전 단계.",증인의 존재가 반복 생의 고통을 곧바로 치유하지 않는다. 원문은 통치자가 여러 번 무너지고 자살하며 65회 이후 체념한다고 명시한다. 경쟁과 증언은 고통 삭제가 아니라 다시 선택할 최소한의 누적점을 제공한다.,Yes,No,VERIFIED_THREAD,"즉위 초기 과제·흥미 약 20,070~20,220행 / 반복 생 약속과 귀환 65,620~66,245행 / 공개 대국 후 복기 91,900~91,948행 / 후반 비밀 치료 약 177,500~177,590행",REF-45 (https://app.notion.com/p/REF-45-3b2baa79eaae81c08e90dccdbdbd9ba8?pvs=21),작품 고유,"통치자의 욕망: 지루함과 반복의 무의미를 깨는 실재하는 상대와 누적 가능한 것. 교수의 선택: 불가능한 조기 구원을 거짓 약속하지 않고, 죽음의 목격자와 경쟁 상대가 된다. 표현: 솔직한 부탁→망설임 없는 약속→큰 신체 비용을 치른 귀환→짧은 약속 확인→반복 속 붕괴와 자살을 숨기지 않음→초기화되지 않는 기술 제시→실제 패배→감정 재분류→복기와 재대국 약속. 후반에는 통치자가 의식 없는 교수를 몰래 치료해 과거 보호를 역방향으로 돌려준다.","모든 자극을 빠르게 소모하는 통치자는 새 과제를 푸는 동안만 시간을 새롭게 느끼고, 굽히지 않는 교수를 드문 대등자로 인식한다. 반복 생에서는 자신을 즉시 구해 달라고 요구하는 대신 수많은 죽음을 지켜보고 기억에 남아 달라고 부탁한다. 교수는 치유를 약속하지 못하지만 죽음의 과정에 동행하고 매번 돌아온다. 체스는 반복으로 초기화되지 않는 기술이자, 삶이 다시 시작되어도 누적되는 자기 증거가 된다. 훗날 통치자가 실제로 교수에게 패배했을 때 장면은 분노를 승부욕으로 재명명하고, 그녀가 기보를 공부하며 다음 대국을 정하게 한다. 관계 보상은 무조건적 위로나 복종이 아니라 증언·정직한 패배·재도전이다.","이 작품 내부에서 권태와 반복의 치료는 특별한 쾌락이 아니라, 거짓 없이 자신을 이길 수 있고 실패를 기억해 줄 상대 및 초기화되지 않는 숙련의 발견으로 이루어진다.",대국에서 되찾은 승부욕이 실제 통치 결정과 대륙 준비로 이어지는 연결 장면을 더 촘촘히 추적해야 한다.,"즉위 초기의 흥미 발생, 반복 생의 약속·귀환·붕괴, 후반 대국 패배와 복기, 비밀 치료의 재등장을 직접 확인했다. 통치 정책 전체의 변화는 표본 확인 단계다."
TH-REF45-05 · 공개적으로 엄격한 교수가 약자의 실패 가능성을 보존하며 독립 판단자를 길러내는 장기 구성,REF-45,exact,"초반의 '원래 역할이라면 하지 않았을 선택'인 후원과 징계 방어가 후반에는 제자가 스승의 장기 신뢰를 알아보는 근거가 된다. 초반에는 보호를 이해하지 못하지만, 후반에는 그 보호의 결과를 받아들이면서 방법의 잘못도 말할 수 있는 판단자로 변한다.","중반부 개별 수업의 전수, 다른 제자들에게 같은 방식이 실패한 사례.","교수의 냉혹한 방식이 모두 선의였다고 소급할 수 없다. 실제 공포·오해·낙인과 위험을 만들며, 제자도 후반에 결과가 옳더라도 과정은 지나치게 틀렸다고 판정한다. 이 스레드는 가혹함의 정당화가 아니라 실패 가능성과 접근권을 보존한 교육 작동을 다룬다.",Yes,No,VERIFIED_THREAD,"초반 후원 장면 1,635~1,695행 / 징계위원회 3,087~3,260행 / 실전 수업 32,400~32,965행 / 후반 175,360~175,457행, 184,760~184,855행",REF-45 (https://app.notion.com/p/REF-45-3b2baa79eaae81c08e90dccdbdbd9ba8?pvs=21),작품 고유,"선행: 가난한 유망주에게 이름을 드러내지 않고 후원한다. 징계 장면: 다수 교수의 계급적 모욕→엘리트 학생에게 방관 책임 질문→자기 수업의 위험 책임 인수→초심자의 경험권을 교육 의무로 재정의한다. 실전: 정답을 설명하지 않고 핵심 간파·정면승부 자제·생존이라는 조건을 남긴다. 후반: 제자는 스승의 공개 악역화를 관찰해 과거 오해를 수정하되, 과정의 폭력성도 별도로 판정한다. 결말: 다른 권위자의 '태양'을 군림이 아닌 생명 유지 기능으로 재정의한다.","엄격한 교수는 저소득 제자를 직접 감싸는 따뜻한 말보다 익명 후원, 절차 개입, 위험한 실전 과제, 미래 재난을 대비한 조언으로 보호한다. 제자는 초반에는 그 보호를 이해하지 못하고 이용당한다고 의심하지만, 후반에는 교수가 자신을 처음부터 믿었으며 모두에게 미움받는 방식으로도 끝까지 조력한다는 사실을 재해석한다. 최종부의 제자는 과거 자신을 박해한 권위자를 더는 두려워하지 않고, 경쟁자의 힘을 지배가 아니라 사람을 살리는 기능으로 독립 판정한다. 교육의 성과는 스승의 가치관을 복창하는 충성심이 아니라, 스승의 방법이 '너무 틀릴 수 있다'고 비판하면서도 세계 문제를 스스로 정의하는 판단권이다.","이 작품 내부에서 엄격한 교육은 난도를 낮추는 방식이 아니라, 약자가 시도할 접근권과 실패 뒤 남을 자격을 지키고 정답 대신 판단 조건을 넘기는 방식으로 장기 성장을 만든다.","교수의 과제 설계가 실제로 제자를 위험에 빠뜨리거나 실패시키는 구간을 더 모아, 보호와 통제의 경계를 좁힐 필요가 있다.","초반 후원·징계·실전 교육 장면, 후반 대규모 계획을 바라보는 제자의 내면, 349화의 독립 판정 장면을 직접 확인했다. 350화 전 회차를 순서대로 완독한 것과는 다르며, 교육선의 중간 반복은 왕복 표본으로 검증했다."
TH-REF45-06 · 피해자 부모의 복수 유산이 공동 업적·파괴적 진실·자기 선택을 거쳐 독립 계보로 바뀌는 장기 구성,REF-45,exact,"초반의 '빼앗긴 아버지의 업적'은 청문회에서 공동 업적으로 재기록되고, 복수의 증거였던 혈연 장치는 후반에 제자를 지배하는 유산으로 의미가 뒤집혀 파괴된다.","아버지의 전체 생애와 모든 가해 사실, 팔찌 이후 후유증의 세부.",공동 저자 등록과 아버지의 후반 가해가 교수의 과거 착취와 자살 책임을 지우지 않는다. 반대로 교수의 책임 인정도 아버지가 딸을 도구화한 사실을 면제하지 않는다. 어느 한쪽을 완전한 피해자나 악인으로 단순화하면 스레드가 무너진다.,Yes,No,VERIFIED_THREAD,"초반 원한 전제 약 879행 / 청문회 69,780~70,215행 / 목소리의 세계 후반 105,700~105,855행 / 내면 침투·팔찌 파괴 121,560~121,825행 / 349화 184,760~184,855행",REF-45 (https://app.notion.com/p/REF-45-3b2baa79eaae81c08e90dccdbdbd9ba8?pvs=21),작품 고유,초반: 아버지의 죽음과 빼앗긴 업적이 교수 살해 동기로 고정된다. 청문회: 고발 증거 공개→기존 제출 기록 공개→공동 저자 반전→교수의 과오 인정→사적 공간에서 자살 책임 고백. 중후반: 아버지의 가해와 도구화가 추가 공개→제자가 붕괴 직전까지 감→교수가 진실을 숨긴 이유를 재해석→복수 유산의 매개를 직접 파괴. 후반: 경쟁자와 가문을 혈통 서열이 아니라 사람을 살리는 기능으로 평가한다.,"제자는 자신의 아버지가 교수에게 업적을 빼앗기고 죽었다고 믿으며 복수를 정체성의 출발점으로 삼는다. 청문회에서 혈연 표식과 편지가 공개되지만, 교수는 이미 아버지를 공동 제1저자로 등록했고 과거의 과오와 자살 책임을 인정한다. 이후 제자는 아버지 역시 교수의 소중한 사람을 죽게 한 책임이 있으며 자신을 복수의 그릇으로 사용했다는 파괴적인 진실과 마주한다. 작품은 한쪽의 악행이 드러났다는 이유로 다른 쪽의 피해를 삭제하지 않는다. 제자는 어느 부모·스승의 서사를 그대로 계승하지 않고, 자신을 망가뜨리는 유산의 물리적 매개를 깨뜨린 뒤 스승이 바란다는 이유가 아니라 자신이 망가지지 않기로 선택한다. 결말에서는 혈통의 경쟁 논리를 넘어 타인의 재능을 공공 구원의 기능으로 판정한다.","이 작품은 세대 복수의 해소를 가해자 교체로 처리하지 않고, 양측의 피해·가해·책임을 함께 확정한 뒤 후계자가 무엇을 계승하고 무엇을 끊을지 행동으로 선택하게 한다.",제자가 스승을 미워하는 상태에서 제자로 자처하는 상태로 넘어가는 중간 관계 사건을 더 세분화해야 한다.,"원한 전제, 청문회와 사적 후속 대화, 아버지의 숨은 의도와 매개 파괴, 349화의 독립 평가를 직접 확인했다. 중간 감정 변화의 전 회차 순차 검증은 아직 아니다."
TH-REF45-10 · 위기 책임을 선취해 얻은 관할권이 보호 장치와 신뢰 가능한 최종 위협으로 누적되는 장기 구성,REF-45,exact,초반 타인의 선택을 막던 권력이 후반에는 외부 기관이 제자와 조직을 함부로 검문하지 못하게 막는 관할권으로 뒤집힌다. 동시에 여러 직책의 누적은 최종부에 한 인물이 제국과 세계를 실질적으로 위협할 수 있다는 공적 악역상의 물적 근거로 회수된다.,"모든 임명 문서와 조직별 승인 절차, 권한 집중으로 피해를 입은 주변 인물의 전수, 최종 계획 이후 제도 복구.","모든 권한이 순수한 실력과 책임으로 획득된 것은 아니다. 귀족 가문, 황제의 후원, 기존 지위가 중요한 기반이며 권력 집중은 조직의 실력주의를 흔들고 위축 효과를 만든다. 책임을 말하는 것만으로 권한이 정당화되지 않으며, 실제 결과와 제도적 승인, 부작용 기록이 함께 있어야 한다.",Yes,No,VERIFIED_THREAD,"10,063~10,075행 / 25,551~25,585행 / 31,469~31,481행 / 35,157~35,215행 / 38,599~42,935행 / 44,989~53,769행 / 77,623~77,720행 / 92,582~95,980행 / 117,719~118,455행 / 125,469~125,725행 / 153,307~157,559행 / 164,907~164,999행",REF-45 (https://app.notion.com/p/REF-45-3b2baa79eaae81c08e90dccdbdbd9ba8?pvs=21),작품 고유,"출발점: 상속 권력으로 약혼자의 경력을 파괴한 전력이 있다. 전환: 재난 현장에서 지휘와 책임을 먼저 선언→방벽·작전 결과를 냄→임시 권위가 공식 직무로 전환. 누적 권리: 승격 시험 관할, 연구비 인가와 시찰, 황제 친위대 총책임, 요새 소유주로서 임무 하달, 현장 지휘권 위임, 입시 기준 결정, 기사 승급 외부 감사, 마탑 회장으로서 외부 수사기관의 강제력을 차단. 책임 구현: 부관에게 책임을 넘기지 않는다고 명시하고, 관할 조직의 감시 장치를 폐기하며 보호 대상의 존재를 모르는 척한다. 반작용: 조직 내부에서는 눈에 들면 승진하고 미움을 사면 파멸한다는 소문이 돌며 실력주의가 흔들린다.","초기 역할의 권력은 가문 권위를 이용해 타인의 진로와 관계를 막는 사적 통제였다. 이후 주인공은 위기마다 '통솔은 내가 하고 책임도 내가 진다'는 식으로 임시 지휘를 선취하고, 실제 해결 결과를 낸 뒤 시험 관할·자금 인가·프로젝트 시찰·친위대 지휘·요새 소유와 작전 명령·입시 총책임·승급 감사·마탑 회장직 같은 구체적 권리를 축적한다. 권력의 변화는 직함 목록이 아니라 누가 자금을 승인하고, 누가 현장 지휘자를 임명하며, 누가 외부 기관을 관할 밖으로 밀어내고, 누가 부하 대신 책임을 지는지로 확인된다. 이 권력은 제자와 조직의 선택권을 외부 압력에서 보호하지만, 동시에 한 인물이 진로와 승급을 좌우한다는 공포와 파벌 반발을 낳는다. 후반의 공개 배신이 단순 연기처럼 보이지 않는 이유도 그가 실제로 여러 조직의 자원·명령권·평판을 집중시켰기 때문이다.","이 작품 내부에서는 위기에서 비용과 책임을 먼저 떠안고 결과를 만든 인물이 임시 지휘권을 공식 관할권으로 바꾸며, 그 권한을 반복 행사할수록 보호 능력과 권력 집중의 공포가 함께 커진다.","각 권한이 실적·가문·황제의 후원 중 무엇에 의해 공식화되었는지 직책별 비중을 더 분리하고, 공개 배신 이후 실제로 유지·박탈된 권한을 추적해야 한다.","가문 권력의 과거 오용, 재난 현장의 책임 선취, 연구·교육·군사·요새·기사 심사·마탑 관할의 권리 행사를 떨어진 구간에서 직접 확인했다. 각 직책의 모든 공식 임명 절차와 재임 기간은 전수 검증하지 않았다."
TH-REF45-09 · 강요된 약혼을 공식 해체한 뒤 상대가 자유의지로 수호 관계를 새로 선택하는 장기 구성,REF-45,exact,"초반에 강제로 빼앗긴 기사 진로가 파혼 직후 '나는 기사가 되어야 한다'는 자기 선언으로 회수된다. 약혼자의 이름은 초반에는 통제 수단이었다가 중반에는 목표를 지키는 방패가 되고, 최종적으로는 더 이상 혼인 권리가 아닌 상대가 선택한 수호 대상의 이름이 된다.","350화 이후 관계의 지속 여부, 최종 수호 이후 상대의 생존·회복 가능성.","상대를 살리기 위해 일부러 증오받는 방식은 안전하거나 권장 가능한 관계 기술이 아니다. 원문에서는 실제 상처·고립·진로 손상과 기억 문제를 남긴다. 또한 파혼만으로 관계가 평등해지는 것도 아니며, 최종 수호 선택에는 감사·부채·제한된 생이라는 압력이 섞일 가능성이 남는다. 이 스레드는 상처의 정당화가 아니라 기존 소유권을 되찾지 않는 종결 구조를 다룬다.",Yes,No,VERIFIED_THREAD,"1,143~1,315행 / 9,975~10,399행 / 73,950~74,155행 / 78,080~78,175행 / 136,938~142,216행 / 166,037~166,545행 / 180,745~185,121행",REF-45 (https://app.notion.com/p/REF-45-3b2baa79eaae81c08e90dccdbdbd9ba8?pvs=21),작품 고유,초기 관계: 귀족 약혼자가 가문 권력으로 기사 지망자의 진로·동료·임무를 통제한다. 수정 시도: 혼인 강행 포기→당장은 이름을 방패로 제공→상대의 수호기사 목표를 보호. 파열: 저주 치료를 위해 모욕적 발화를 의도적으로 들려줌→상대가 실제로 상처받고 증오함→추가 추방 명령. 진실 회수: 제삼자가 희생 의도를 밝힘→상대의 사과→주인공이 면죄를 거부하고 자기 욕심 인정→공식 파혼과 자유 선언. 재구성: 상대가 '어떻게 살 것인가'라는 질문을 받음→기사 장비를 다시 착용→자기 삶의 방향을 선택→훗날 주군–기사 관계를 자발적으로 맺고 마지막 길을 수호한다. 장면 배열은 관계 권리의 반환을 감정 고백보다 먼저 확정한다.,"초기 약혼은 가문 연줄과 압박, 진로 방해, 사회적 고립을 통해 상대를 자기에게 의존시키려 한 소유 관계다. 현재의 주인공은 혼인을 강행하지 않겠다고 선언하고, 당장 파혼할 수 없는 제도적 제약 아래서는 자신의 이름을 상대가 목표를 이루기 위한 방패로 쓰게 한다. 그러나 상대의 저주를 살리기 위한 자기 악역화 과정에서 주인공은 공개적으로 사랑을 부정하고 약혼을 끊어 실제 상처와 증오를 발생시킨다. 진실이 밝혀진 뒤에도 작품은 약혼이나 연애를 복구하지 않는다. 주인공은 상대를 살리고 싶었던 것이 자기 욕심이었다고 인정하고 공식 파혼으로 선택권을 돌려준다. 자유의 몸이 된 상대는 가문이나 약혼자가 정한 삶 대신 기사로 살기로 하며, 훗날 자기 의지로 그 사람의 검과 수호자가 되는 새로운 관계를 선택한다. 사랑의 보상은 소유권 회복이 아니라 관계 범주의 해체와 재선택이다.","이 작품 내부에서 장기 관계의 회복은 손상 이전의 범주로 돌아가는 것이 아니라, 가해자가 기존 권리를 공식 포기하고 당사자가 자유 상태에서 새로운 관계 권리를 다시 부여할 때 성립한다.","최종 수호 선택이 온전히 독립된 욕망인지, 구명에 대한 부채·감사와 짧아진 생의 조건에 얼마나 묶여 있는지 적용 경계를 더 좁혀야 한다.","초반 약혼의 강제성과 진로 방해, 관계 수정 제안, 중반의 의도된 악역화와 실제 상처, 진실 공개와 공식 파혼, 기억·저주 해방 이후의 재인식, 최종 수호 선택을 직접 확인했다. 작품 전체 왕복 채굴이며 350화 순차 완독과 동일하지 않다."
TH-REF45-11 · 사적 신뢰를 회복한 형제 관계가 공적 적대를 유지한 채 보호 작전의 내부 협력으로 전환되는 장기 구성,REF-45,exact,"초반에는 부를 빌려주려 하고 가문 살림을 걱정하던 동생이 후반에는 실제 당주 승계와 암살 작전의 내부 협력자가 된다. 과거에는 부르지 못했던 가족 호칭이 최종부 혼잣말에서만 재등장하며, 공개 관계가 아닌 사적 진실의 표지가 된다.","계획 공유의 최초 시점과 모든 비밀 대화, 350화 이후 공개 명예 회복 여부.","사적 신뢰가 있다는 이유로 공개 적대의 비용이 사라지지 않는다. 동생은 가문과 세상 앞에서 형을 배신한 사람으로 행동해야 하며, 주변 인물들은 두 사람의 진짜 관계를 오해한다. 또한 감정 고백이 곧 구명 성공을 보장하지 않고, 단지 보호 해법을 재해석할 실마리를 제공한다.",Yes,No,VERIFIED_THREAD,"12,900~13,190행 / 77,700~77,920행 / 117,650~117,850행 / 178,080~178,900행 / 183,300~183,520행",REF-45 (https://app.notion.com/p/REF-45-3b2baa79eaae81c08e90dccdbdbd9ba8?pvs=21),작품 고유,"선행: 재정 위기와 가문 운영을 함께 처리하고 동생의 판단·후계 권한을 인정한다. 중간: 주인공은 가문과 취약 집단을 보호하기 위해 악명과 위협을 자기 이름에 집중시킨다. 최종 작전: 동생은 내부 세작으로 일정과 정보를 제공하며 공개적으로 가문을 지키기 위해 형을 죽이려는 인물로 보인다. 사적 장면: 혼자서 금지된 호칭을 반복하고, 진짜 계획을 알면서도 말할 수 없어 운다. 후속: 다른 연구자 앞에서 처음으로 증오가 아니라 죽지 않았으면 한다는 욕망을 고백하고, 그 감정이 '부수기 위한 장치가 아니라 지키기 위한 장치'라는 해석을 촉발한다.","초기 형제 관계는 가문 승계와 혈통, 과거의 정서적 학대 때문에 최악에 가깝다. 현재의 주인공은 재정 문제를 함께 해결하고 가문 운영 권한을 실질적으로 넘기며 동생을 후계자로 세운다. 관계는 일상적 협력과 보호를 통해 사적으로 회복되지만, 최종 자기 악역화 단계에서는 그 회복을 공개할 수 없다. 동생은 주인공의 진짜 계획을 알면서도 세상에는 그를 증오하고 암살하려는 내부 협력자로 행동한다. 공적 증거는 일정 유출, 당주 승계, 암살팀 참여로 쌓이고, 사적 진실은 혼자 '오빠'를 부르며 울거나 믿을 수 있는 한 사람에게만 죽지 않았으면 한다고 고백하는 방식으로 남는다. 이 고백은 단순 감정 해소가 아니라 파괴 목적의 장치를 보호 목적의 장치로 다시 해석하게 만드는 기술적 방아쇠가 된다. 관계의 보상은 공개 화해가 아니라, 상대의 명예와 생존 가능성을 위해 자신의 사랑을 악의의 증거처럼 사용해야 하는 역할 수용이다.","이 작품 내부에서 공적 악역화는 관계를 모두 파괴하는 대신, 일부 가까운 사람에게 진의를 공유하고 그들이 공개 적대 역할을 수행하도록 만든다. 이때 사적 신뢰의 증거는 고백보다 상대의 계획을 완수하기 위한 불리한 행동으로 나타난다.","동생이 진의를 언제 처음 확신했는지, 주인공이 어느 범위까지 계획을 직접 알려주었는지 정보 공개 순서를 더 세분화해야 한다.","초반 재정·가문 협력, 후계 권한 인정, 후반 내부 세작 역할, 사적 독백, 보호 욕망 고백과 기술적 재해석을 직접 확인했다. 작품 전체 왕복 채굴이며 350화 순차 완독과 동일하지 않다."
TH-REF45-09 · 강요된 약혼을 공식 해체한 뒤 상대가 자유의지로 수호 관계를 새로 선택하는 장기 구성,REF-45,exact,"초반에 강제로 빼앗긴 기사 진로가 파혼 직후 '나는 기사가 되어야 한다'는 자기 선언으로 회수된다. 약혼자의 이름은 초반에는 통제 수단이었다가 중반에는 목표를 지키는 방패가 되고, 최종적으로는 더 이상 혼인 권리가 아닌 상대가 선택한 수호 대상의 이름이 된다.","350화 이후 관계의 지속 여부, 최종 수호 이후 상대의 생존·회복 가능성.","상대를 살리기 위해 일부러 증오받는 방식은 안전하거나 권장 가능한 관계 기술이 아니다. 원문에서는 실제 상처·고립·진로 손상과 기억 문제를 남긴다. 또한 파혼만으로 관계가 평등해지는 것도 아니며, 최종 수호 선택에는 감사·부채·제한된 생이라는 압력이 섞일 가능성이 남는다. 이 스레드는 상처의 정당화가 아니라 기존 소유권을 되찾지 않는 종결 구조를 다룬다.",Yes,No,VERIFIED_THREAD,"1,143~1,315행 / 9,975~10,399행 / 73,950~74,155행 / 78,080~78,175행 / 136,938~142,216행 / 166,037~166,545행 / 180,745~185,121행",REF-45 (https://app.notion.com/p/REF-45-3b2baa79eaae81c08e90dccdbdbd9ba8?pvs=21),작품 고유,초기 관계: 귀족 약혼자가 가문 권력으로 기사 지망자의 진로·동료·임무를 통제한다. 수정 시도: 혼인 강행 포기→당장은 이름을 방패로 제공→상대의 수호기사 목표를 보호. 파열: 저주 치료를 위해 모욕적 발화를 의도적으로 들려줌→상대가 실제로 상처받고 증오함→추가 추방 명령. 진실 회수: 제삼자가 희생 의도를 밝힘→상대의 사과→주인공이 면죄를 거부하고 자기 욕심 인정→공식 파혼과 자유 선언. 재구성: 상대가 '어떻게 살 것인가'라는 질문을 받음→기사 장비를 다시 착용→자기 삶의 방향을 선택→훗날 주군–기사 관계를 자발적으로 맺고 마지막 길을 수호한다. 장면 배열은 관계 권리의 반환을 감정 고백보다 먼저 확정한다.,"초기 약혼은 가문 연줄과 압박, 진로 방해, 사회적 고립을 통해 상대를 자기에게 의존시키려 한 소유 관계다. 현재의 주인공은 혼인을 강행하지 않겠다고 선언하고, 당장 파혼할 수 없는 제도적 제약 아래서는 자신의 이름을 상대가 목표를 이루기 위한 방패로 쓰게 한다. 그러나 상대의 저주를 살리기 위한 자기 악역화 과정에서 주인공은 공개적으로 사랑을 부정하고 약혼을 끊어 실제 상처와 증오를 발생시킨다. 진실이 밝혀진 뒤에도 작품은 약혼이나 연애를 복구하지 않는다. 주인공은 상대를 살리고 싶었던 것이 자기 욕심이었다고 인정하고 공식 파혼으로 선택권을 돌려준다. 자유의 몸이 된 상대는 가문이나 약혼자가 정한 삶 대신 기사로 살기로 하며, 훗날 자기 의지로 그 사람의 검과 수호자가 되는 새로운 관계를 선택한다. 사랑의 보상은 소유권 회복이 아니라 관계 범주의 해체와 재선택이다.","이 작품 내부에서 장기 관계의 회복은 손상 이전의 범주로 돌아가는 것이 아니라, 가해자가 기존 권리를 공식 포기하고 당사자가 자유 상태에서 새로운 관계 권리를 다시 부여할 때 성립한다.","최종 수호 선택이 온전히 독립된 욕망인지, 구명에 대한 부채·감사와 짧아진 생의 조건에 얼마나 묶여 있는지 적용 경계를 더 좁혀야 한다.","초반 약혼의 강제성과 진로 방해, 관계 수정 제안, 중반의 의도된 악역화와 실제 상처, 진실 공개와 공식 파혼, 기억·저주 해방 이후의 재인식, 최종 수호 선택을 직접 확인했다. 작품 전체 왕복 채굴이며 350화 순차 완독과 동일하지 않다."
TH-REF45-10 · 위기 책임을 선취해 얻은 관할권이 보호 장치와 신뢰 가능한 최종 위협으로 누적되는 장기 구성,REF-45,exact,초반 타인의 선택을 막던 권력이 후반에는 외부 기관이 제자와 조직을 함부로 검문하지 못하게 막는 관할권으로 뒤집힌다. 동시에 여러 직책의 누적은 최종부에 한 인물이 제국과 세계를 실질적으로 위협할 수 있다는 공적 악역상의 물적 근거로 회수된다.,"모든 임명 문서와 조직별 승인 절차, 권한 집중으로 피해를 입은 주변 인물의 전수, 최종 계획 이후 제도 복구.","모든 권한이 순수한 실력과 책임으로 획득된 것은 아니다. 귀족 가문, 황제의 후원, 기존 지위가 중요한 기반이며 권력 집중은 조직의 실력주의를 흔들고 위축 효과를 만든다. 책임을 말하는 것만으로 권한이 정당화되지 않으며, 실제 결과와 제도적 승인, 부작용 기록이 함께 있어야 한다.",Yes,No,VERIFIED_THREAD,"10,063~10,075행 / 25,551~25,585행 / 31,469~31,481행 / 35,157~35,215행 / 38,599~42,935행 / 44,989~53,769행 / 77,623~77,720행 / 92,582~95,980행 / 117,719~118,455행 / 125,469~125,725행 / 153,307~157,559행 / 164,907~164,999행",REF-45 (https://app.notion.com/p/REF-45-3b2baa79eaae81c08e90dccdbdbd9ba8?pvs=21),작품 고유,"출발점: 상속 권력으로 약혼자의 경력을 파괴한 전력이 있다. 전환: 재난 현장에서 지휘와 책임을 먼저 선언→방벽·작전 결과를 냄→임시 권위가 공식 직무로 전환. 누적 권리: 승격 시험 관할, 연구비 인가와 시찰, 황제 친위대 총책임, 요새 소유주로서 임무 하달, 현장 지휘권 위임, 입시 기준 결정, 기사 승급 외부 감사, 마탑 회장으로서 외부 수사기관의 강제력을 차단. 책임 구현: 부관에게 책임을 넘기지 않는다고 명시하고, 관할 조직의 감시 장치를 폐기하며 보호 대상의 존재를 모르는 척한다. 반작용: 조직 내부에서는 눈에 들면 승진하고 미움을 사면 파멸한다는 소문이 돌며 실력주의가 흔들린다.","초기 역할의 권력은 가문 권위를 이용해 타인의 진로와 관계를 막는 사적 통제였다. 이후 주인공은 위기마다 '통솔은 내가 하고 책임도 내가 진다'는 식으로 임시 지휘를 선취하고, 실제 해결 결과를 낸 뒤 시험 관할·자금 인가·프로젝트 시찰·친위대 지휘·요새 소유와 작전 명령·입시 총책임·승급 감사·마탑 회장직 같은 구체적 권리를 축적한다. 권력의 변화는 직함 목록이 아니라 누가 자금을 승인하고, 누가 현장 지휘자를 임명하며, 누가 외부 기관을 관할 밖으로 밀어내고, 누가 부하 대신 책임을 지는지로 확인된다. 이 권력은 제자와 조직의 선택권을 외부 압력에서 보호하지만, 동시에 한 인물이 진로와 승급을 좌우한다는 공포와 파벌 반발을 낳는다. 후반의 공개 배신이 단순 연기처럼 보이지 않는 이유도 그가 실제로 여러 조직의 자원·명령권·평판을 집중시켰기 때문이다.","이 작품 내부에서는 위기에서 비용과 책임을 먼저 떠안고 결과를 만든 인물이 임시 지휘권을 공식 관할권으로 바꾸며, 그 권한을 반복 행사할수록 보호 능력과 권력 집중의 공포가 함께 커진다.","각 권한이 실적·가문·황제의 후원 중 무엇에 의해 공식화되었는지 직책별 비중을 더 분리하고, 공개 배신 이후 실제로 유지·박탈된 권한을 추적해야 한다.","가문 권력의 과거 오용, 재난 현장의 책임 선취, 연구·교육·군사·요새·기사 심사·마탑 관할의 권리 행사를 떨어진 구간에서 직접 확인했다. 각 직책의 모든 공식 임명 절차와 재임 기간은 전수 검증하지 않았다."
TH-REF46-02 · 선행 게임 지식은 현장 변수와 반례를 거쳐 갱신 가능한 가설로 운용된다,REF-46,exact,"초반에는 게임과 현실의 차이 때문에 미궁 진입을 망설이고, 축소된 도시 지도와 사라진 상호 때문에 선행 정보의 시대차를 추론한다. 전투에서는 체력 게이지 밖의 공포·구토·시전 반동이 계획을 깨뜨린다. 중반에는 게임에 없던 건축물과 생존 인물·숨은 역사를 현장 조사와 타인의 연구로 확인한다. 후반에는 정수 획득 순서, 개량된 물품, 정치·정보망이 기존 데이터와 달라 매번 관찰과 전문가 판정을 다시 거친다.","후반 반복·분기 구조가 선행 게임 데이터의 오류인지 다른 회차·세계선의 개입인지, 917화 시점에서 게임 제작 정보와 현실 역사 중 어느 층이 최종 권위를 갖는지.","선행 지식이 자주 어긋난다고 해서 무용해지는 것은 아니다. 몬스터 패턴·아이템·기본 지형·성장 조합은 계속 큰 우위를 제공한다. 반대로 현장 관찰이 항상 정답인 것도 아니며, 집착성 탐색은 제한 시간을 낭비하고 현재 위험을 키울 수 있다.",Yes,No,VERIFIED_THREAD,"1,040~1,120행 / 7,380~7,465행 / 14,390~14,460행 / 82,670~82,750행 / 153,330~153,430행 / 199,250~199,340행 / 220,680~220,770행",REF-46 (https://app.notion.com/p/REF-46-3b2baa79eaae81f59dafc3d297935052?pvs=21),작품 고유,"진입: 게임에서는 버튼으로 끝나던 선택이 실제 사망 가능성을 가지자 행동이 지연된다. 도시 탐색: 축소된 게임 지도와 사라진 상호를 보고 동일 세계의 다른 시대라는 가설을 세운다. 전투: 수치상 충분한 전력도 공포, 구토, 마력 회로 반동으로 붕괴할 수 있음을 경험한다. 탐험: 게임에서 무반응이던 비석도 현실에서 새 단서를 줄 가능성을 열어 두되, 시간 제한이 커지면 탐색을 중단한다. 역사: 게임에 없던 생존 인물과 숨겨진 정보를 발견해 제작자·왕가의 은폐 가능성을 추론하고 다른 관찰자에게 정보를 퍼뜨린다. 성장: 정수 획득 순서가 게임과 달라지며 이전 선택의 연쇄 효과를 다시 계산한다. 물품: 익숙한 비약도 형태가 달라 개량 가능성을 인정하고 전문가 분석으로 넘긴다.","이 작품의 선행 지식은 미래 예언이나 완성 공략집으로 작동하지 않는다. 중심 인물은 게임 데이터로 위험의 범위와 효율적인 첫 선택을 잡지만, 현실에는 통증·공포·사회 절차·역사적 시간차·타인의 독립 선택·숨겨진 정치가 존재한다. 따라서 데이터와 다른 현상이 나오면 실패로만 처리하지 않고 시대차, 미공개 설정, 선행 선택의 연쇄 효과, 제3자의 개입 같은 복수 가설을 세운다. 중요한 것은 모든 의문을 끝까지 파는 태도도 아니다. 제한 시간과 생존 비용이 크면 탐색을 멈추고, 기록·전문가·후속 방문으로 질문을 넘긴다. 지식의 권위는 '전에 봤다'가 아니라 현재 현장에서 얼마나 재검증되었는가에 따라 달라진다.","REF-46 내부에서 선행 지식의 서사적 긴장은 적중과 빗나감의 교대보다, 데이터가 제공하는 초기 범위와 현실 관찰이 수정하는 세부 권한을 분리하는 데서 발생한다. 지식은 행동 개시권을 주지만 최종 판정권은 현장 증거와 비용 계산에 남는다.","동일한 정보가 다른 외부 인격에게 전달될 때 각자의 판단 기준이 어떻게 달라지는지, 후반의 반복·분기에서 실패 기록이 다음 선택으로 어느 정도 이전되는지 추가 확인한다.","초반 미궁 진입 망설임, 도시 시대차 추론, 첫 대규모 전투의 정신·신체 변수, 중반 현실 전용 단서 탐색과 시간 제한, 게임에 없던 역사 정보 공개, 성장 순서 변화, 개량된 물품을 전문가에게 넘기는 장면을 직접 확인했다. 전체 순차 완독과 동일하지 않다."
TH-REF46-01 · 처형을 피하려 수행한 집단 역할이 구성원을 위한 제도적 책임으로 굳어진다,REF-46,exact,"초반에는 처형을 피하기 위해 현지 전사의 표정·말투·선입견을 모방하고, 첫 파티에서는 단순한 종족 이미지를 속내 탐색의 방패로 사용한다. 중반에는 동료가 그 연기와 실제 성향의 불일치를 알아보지만, 동족 보호와 책임 행동을 근거로 현재 인격을 인정한다. 이후 집단 교육과 기존 지도자 비판, 대표 권한 획득, 행정기관·수입원·비전투 직업 설계로 역할이 제도적 책임으로 확장된다.","후반 정체 공개가 종족 구성원들의 대표권 승인과 개인 관계에 미치는 최종 변화, 917화 이후 집단 제도의 안정 여부.",연기를 오래 수행했다고 해서 현지 종족의 모든 규범을 내면화하지는 않는다. 중심 인물은 명예·전통·충동적 소비 등 일부 규범을 계속 비판하거나 도구적으로 사용한다. 지도자가 된 뒤에도 집단의 선천적 습성과 권위만으로는 제도가 자동 작동하지 않아 행정 전문가·기술자·보상 설계가 필요하다.,Yes,No,VERIFIED_THREAD,"360~430행 / 2,620~2,690행 / 72,497~73,364행 / 73,775~74,760행 / 223,227~224,610행 / 310,791~311,490행",REF-46 (https://app.notion.com/p/REF-46-3b2baa79eaae81f59dafc3d297935052?pvs=21),작품 고유,"시작: 외부 인격이 발각되면 즉시 처형되는 성인식에서 주변 반응을 가이드라인 삼아 현지 전사의 표정과 태도를 연기한다. 초기 탐사: 단순하고 거친 전사라는 타인의 선입견을 이용해 경계를 낮추고 상대의 속내를 관찰한다. 중간 판정: 오래 함께한 탐색자는 책·계산·정보량 때문에 외부 인격 가능성을 의심하지만, 동족을 아끼고 위험에서 책임을 지는 일관된 행동을 별도 증거로 본다. 전환: 추방 위험을 피하려 집단 대표를 노리기 시작하나, 어린 구성원에게 생존 지식을 가르치고 기존 지도자가 외면한 사망 문제를 공개적으로 묻는다. 제도화: 대표가 된 뒤 공금·교육·행정·주거·직업 문제를 해결하고, 전투원만 존재하던 집단에 행정원·건축 노동·기술 학습·회사를 만든다.","이 작품에서 '현지 전사답게 행동하기'는 처음에는 정체 은폐용 생존술이다. 중심 인물은 단순함과 거친 말투를 진짜 인격이 아니라 타인의 예측을 통제하는 가면으로 사용한다. 그러나 장기적으로 이 가면은 타인의 인정 방식과 결합한다. 동료는 말투나 혈통보다 위험에서 누구를 지켰는지, 동족에게 어떤 조언을 했는지, 손실을 누가 감당했는지를 보고 그를 현재의 한 사람으로 판정한다. 이후 중심 인물도 역할의 이익만 취하지 않고 어린 구성원의 생존률, 공금, 교육, 행정, 주거, 비전투 생계까지 책임진다. 따라서 변화의 핵심은 가면이 본성을 완전히 대체하는 것이 아니라, 반복된 선택으로 역할에 딸린 책임과 권한을 실제로 떠맡는 데 있다.","REF-46 내부에서는 역할의 진정성이 내면 고백보다 해당 역할이 요구하는 불편한 책임을 누가 지속적으로 부담하는가로 판정된다. 사회적 가면은 반복 수행만으로 진짜가 되는 것이 아니라, 보호 대상의 선택지와 제도를 확장할 때 대표 정체성으로 굳어진다.","정체 공개 이후 구성원들이 혈통·영혼·행동 중 무엇을 대표 자격의 최종 기준으로 선택하는지, 기존 전통과 새 제도의 충돌이 후반에 어떻게 정산되는지 추가 확인한다.","1화 처형 목격과 역할 연기, 7화 선입견 활용, 150화 동료의 정체 의심과 행동 판정, 153~154화 대표 목표·교육·기존 지도자 비판, 452~454화 행정·재정 개혁, 650~651화 비전투 직업과 기술 학습 구조를 직접 확인했다. 전체 순차 완독과 동일하지 않다."
TH-REF46-05 · 다중 신분은 습관·시기·정보 행동의 누적 증거로 판정되고 선택적 공개가 별도 동맹망을 만든다,REF-46,exact,"초반 플레이어 공동체는 현대식 장치·코드·인지 규칙으로 현지인을 배제하고, 익명 닉네임과 포인트 시장으로 정보를 거래한다. 중반 원탁에서는 가면과 진위 판정 장치를 사용하지만, 질문 문구와 해석을 둘러싼 협상이 더 중요하다. 장기 실종 뒤 정치 권력자는 행동·성장·동선의 숫자로 옛 신분을 추론하지만 정체의 원인은 잘못 해석한다. 후반 지구 출신 조력자는 진입 시기·성장 속도·반복 습관·가면에 대한 순간 반응을 합쳐 정체를 판정하고, 선택적 공개 뒤 별도 통신망을 만든다. 적대자와의 대면에서는 도시 신분·플레이어·원탁 가면·과거 게시자 정체가 연쇄 공개되지만 목표 일치나 구원으로 이어지지 않는다.","892~917화 반복·분기에서 기억과 가면 정체가 어느 회차까지 보존되는지, 공개 정체가 현지 제도와 플레이어 사회에 최종적으로 어떤 법적·관계 권리를 만드는지.","단서가 많아도 해석은 틀릴 수 있다. 정치 권력자는 동일 인물을 맞히면서도 장기 부재의 원인을 반란 세력 체류로 오해한다. 진위 판정 장치는 문장 자체만 판정할 뿐 숨은 전제와 생략을 밝히지 못한다. 정체를 공유해도 귀환 여부·충성·폭력 기준이 다르면 동맹은 제한적이며, 공개된 정보는 회유·협박·인질화의 수단이 되기도 한다.",Yes,No,VERIFIED_THREAD,"42,971~45,226행 / 151,797~160,494행 / 186,565~188,670행 / 308,121~310,060행 / 342,461~347,068행",REF-46 (https://app.notion.com/p/REF-46-3b2baa79eaae81f59dafc3d297935052?pvs=21),작품 고유,"중심 인물은 현지 전사 신분, 위장 탐험가 신분, 플레이어 공동체 닉네임, 원탁 가면을 분리해 운용한다. 플레이어 공동체는 코드와 인지 규칙으로 참가자를 인증하고 정보 거래 책임을 추방 규칙으로 보증한다. 원탁에서는 진실 보석이 있어도 질문 설계와 생략이 권력이다. 정치 권력자는 숫자와 동선으로 옛 신분을 찾아내지만 원인을 오해한다. 지구 출신 조력자는 시기·성장·말버릇·가면 반응을 결합해 정체를 확인하고 비밀 연락망을 만든다. 적대자에게 여러 가면을 공개할 때는 정보 획득과 마지막 선택을 위해 사용되며 자동 화해는 일어나지 않는다.","이 작품에서 정체는 한 번의 암구호로 확인되지 않는다. 진입 시기, 성장 가능 범위, 장비와 전투 선택, 말버릇, 지식의 출처, 가면에 대한 무의식적 반응처럼 서로 다른 증거가 누적되어야 한다. 공개도 전면적이지 않다. 상대가 알아야 협력할 수 있는 층만 열고, 귀환 의사나 다른 동맹 같은 목표 불일치는 다시 숨긴다. 그 결과 한 인물은 현지 신분, 플레이어 공동체 닉네임, 원탁 가면, 사적 본명을 동시에 운용하며 각각 다른 정보·권리·위험망에 속한다.","REF-46 내부에서 정체 공개의 기능은 진실 고백보다 정보 채널 재배치에 가깝다. 누가 어느 이름을 아는지가 곧 질문권·연락권·협상권·위협 가능성을 바꾸며, 공개 이후에도 목표 정렬을 별도로 확인해야 한다.","가면별 정보 권리가 후반 반복 구조에서 어떻게 상속되는지, 현지 동료에게 플레이어 정체를 밝히는 것과 플레이어끼리 사적 본명을 밝히는 것이 관계 권한을 다르게 갱신하는지 추가 확인한다.","89~93화 플레이어 공동체 인증과 정보 시장, 307~325화 원탁 가면·진위 판정·질문 협상, 382~386화 장기 실종 뒤 정치적 신분 추론과 부분 인정, 643~647화 행동 증거 기반 정체 판정·선택적 공개·비밀 통신, 727~737화 적대 상황의 다중 가면 연쇄 공개와 목표 불일치를 직접 확인했다. 전체 순차 완독과 동일하지 않다."
TH-REF46-04 · 탐험 성과는 지도·판단 책임·공개 절차를 거쳐 파티 밖의 지휘권으로 환전된다,REF-46,exact,"소규모 팀 위기에서 생존 판단을 맡았던 인물이 여러 팀의 임시 리더가 되고, 이후 서른 명 규모 원정대장 경쟁에서는 무력·정보·경험·신뢰의 기준을 동시에 시험받는다. 원정대 내부는 팀 자율과 전체 집결 명령을 분리해 운용한다. 숨은 경로를 발견한 집단의 살인 사건에서는 성과를 빼앗지 않되 증거를 수집해 길드 판단으로 넘긴다. 왕실 탐사에서는 공략 대상을 제안하는 지식과 최종 결정을 내리는 지휘권을 분리하고, 실패가 발생했을 때 연구·수색·전투를 재편한다. 지하 탐사에서는 갱신 지도와 보고 체계를 공용 자산으로 만든다.","도시 귀환 뒤 임시 군단 지휘권이 클랜·가문·왕실 내 상시 권한으로 얼마나 보존되는지, 반대 의견과 팀 자율이 최종 군단 운영에서 어떤 권리로 남는지.","압도적 무력이나 귀족 작위만으로 지속 가능한 지휘권이 생기지는 않는다. 원정대장 자리는 결투로 얻었어도 구성원은 정보·판단·책임을 다시 평가하며, 지하 1층 공략은 선행 지식이 있어도 실패한다. 명령 체계는 효율을 높이지만 반대 의견과 현장 자율을 지우면 희생을 전제로 한 군대식 운영으로 변질될 수 있다.",Yes,No,VERIFIED_THREAD,"101,345~106,220행 / 190,745~194,928행 / 244,473~248,158행 / 271,429~273,764행 / 292,295~294,098행 / 298,271~300,298행",REF-46 (https://app.notion.com/p/REF-46-3b2baa79eaae81f59dafc3d297935052?pvs=21),작품 고유,"소규모 생존 판단으로 신뢰를 얻은 인물이 후원 세력이 다른 다섯 팀의 지휘관 경쟁에 참여한다. 결투로 자리를 얻지만, 구성원들은 그가 상대의 능력과 정보를 파악하고 이성적 위험 교환을 했다는 점을 근거로 수용한다. 원정대는 각 팀의 자율 전투와 전체 집결을 분리한다. 숨은 길을 둘러싼 살인에서는 즉결 처벌이나 성과 강탈 대신 기록 수정구·신분증·증언을 확보해 길드로 넘긴다. 왕실 탐사와 지하층 고립에서는 대상을 고르고 책임을 선언하며, 연구·수색·전투·보급을 별도 지휘 체계로 재편하고 갱신 지도를 배포한다.","탐험 성과가 사회적 권한으로 바뀌는 매개는 단순 명성이나 전투력보다 반복 가능한 지도, 위험 판단, 보고, 증거, 그리고 실패 책임이다. 중심 인물은 개인 공략 지식을 자기 우위로만 감추지 않고 팀별 자율과 전체 명령을 구분하고, 발견 소유권·범죄 판단을 공적 절차에 연결한다. 따라서 지휘권의 확대는 더 많은 사람을 마음대로 움직일 권리가 아니라 더 넓은 정보와 손실을 정산할 의무의 확대다.","REF-46 내부에서 탐험 권위는 ‘먼저 갔다’가 아니라 ‘다른 이가 다시 갈 수 있도록 기록하고, 잘못된 결정의 비용을 떠맡는가’로 누적된다. 지도와 절차가 개인 경험을 집단 자산으로 바꿀 때 지휘 범위가 확장된다.","도시 귀환 뒤 임시 군단 지휘권이 클랜·가문·왕실 내 상시 권한으로 얼마나 보존되는지, 반대 의견과 팀 자율이 최종 군단 운영에서 어떤 권리로 남는지 추가 확인한다.","208~216화 다중 팀 위기 지휘, 391~399화 원정대장 선정과 팀 자율 구조, 496~504화 발견 성과·살인 사건·길드 절차, 556~560화 왕실 레이드 대상 선정과 책임 선언, 604~607화 지휘 공백과 군단 재편, 618~622화 레일 지도·구조·연구·정수 배분을 직접 확인했다. 전체 순차 완독과 동일하지 않다."
TH-REF46-03 · 공략 슬롯으로 모집한 파티원이 선택권과 분리 가능성을 가진 책임 공동체로 재분류된다,REF-46,exact,"초반에는 상층 공략을 위해 방패·마법·탐색·화력 슬롯을 맞추며 동료를 모집한다. 첫 팀은 각자의 결함과 생존 경험을 공유하면서 장기 동행 의사를 만든다. 중반에는 리더의 판단이 실제 사람의 죽음으로 이어진다는 부담이 전면화되고, 버려진 여러 팀이 기존 직함이 아니라 책임 행동을 기준으로 새 리더를 선택한다. 장기 분리 뒤에는 옛 동료들이 새 팀·가문·종족 의무·조직 직책을 얻어 자동 복귀 대상이 아니게 된다. 일부는 상실로 압도적 전력을 얻지만 통제 문제를 드러내고, 일부는 가족·공동체 책임을 우선하며 합류 시기를 늦춘다. 후반 재결합에서도 합류 시기와 전리품 사용을 공동 결정하며, 붕괴 상황에서는 흩어진 동료 수색이 단순 전력 회수보다 우선한다.","892~917화의 반복·분기에서 관계 선택과 파티 권리가 어떤 형태로 보존·초기화되는지, 917화 이후 최종 파티 구성의 안정 여부.","모든 동행이 책임 공동체로 승격되는 것은 아니다. 임시 항해사·정치 연합·강제 동행처럼 통제와 거래에 머무는 관계가 있으며, 중심 인물도 위험 상황에서 타인의 선택을 압박하거나 보호를 명분으로 정보를 제한한다. 독립성을 인정한다고 해서 구조 의무가 사라지는 것도 아니다. 또한 장기 분리 중 얻은 힘과 지위가 자동으로 성숙을 보장하지 않아, 재회 직후 보호가 은닉·연락 차단·경쟁자 제거로 변질되는 사례도 있다.",Yes,No,VERIFIED_THREAD,"22,071~25,124행 / 83,337~84,784행 / 101,345~106,220행 / 186,565~188,670행 / 219,173~221,076행 / 381,329~383,384행",REF-46 (https://app.notion.com/p/REF-46-3b2baa79eaae81f59dafc3d297935052?pvs=21),작품 고유,"초기에는 상층 공략 효율을 위해 자신을 인간 장벽으로 재설계하고 직업 조합에 맞춰 팀원을 모집한다. 첫 팀은 실력뿐 아니라 각자의 결함·추방 경험·죽음 경험을 드러내며 서로를 오래 함께할 동료로 재분류한다. 대규모 위기에서는 혼자 결정을 떠넘겨 받은 리더가 캐릭터가 아니라 실제 사람이 죽는다는 차이를 자각하고 팀 의견을 들은 뒤 책임을 진다. 버려진 팀들은 자기만 살려던 기존 리더보다 함께 위험을 감수한 인물을 새 지휘자로 택한다. 시간적 분리 뒤에는 옛 동료들이 전쟁 공적, 새 가문, 종족 의무, 가족 부채와 독립 지위를 얻어 각자 합류 여부를 판단한다. 중심 인물은 이들의 새 소속을 인정하고, 재결합 시에도 직위·전리품·합류 시기·외부 책임을 공동 조정한다.","이 작품의 파티는 고정된 전투 슬롯에서 시작하지만, 장기적으로는 구성원이 떠날 수 있고 다른 소속을 택할 수 있으며 리더를 거부할 수도 있는 책임 공동체로 변한다. 리더십의 핵심은 모든 선택을 대신하는 것이 아니라, 정보와 위험을 공유하고 마지막 결정을 맡았을 때 그 결과를 자기 책임으로 남기는 데 있다. 관계의 깊이는 항상 붙어 있는가가 아니라 분리 뒤에도 상대의 선택권과 생존을 고려하는가로 확인된다.",REF-46 내부에서 파티 결속은 호감이나 전투 합보다 ‘떠날 수 있는 사람을 계속 함께하게 만드는 책임’으로 강화된다. 구성원의 독립성이 커질수록 리더의 보호는 통제보다 정보·선택지·회수 책임으로 이동한다.,"보호를 위해 정보를 숨기거나 합류 시기를 정하는 행동이 어느 지점부터 선택권 침해로 판정되는지, 가족·종족·조직 직책과 파티 소속이 충돌할 때 누가 최종 선택권을 갖는지, 최종 반복 구간에서 구성원들이 같은 리더를 다시 선택하는 근거가 무엇인지 추가 확인한다.","47~53화 초기 파티 구성과 역할 재설계, 173~175화 타 팀과 외부 인격의 선택 존중, 208~216화 위기 지휘와 버려진 팀의 리더 선택, 338~349화 상실 뒤 독립 전력화와 재회 시 통제 문제, 382~386화 분리 뒤 관계 재분류, 430~447화 귀환 뒤 새 소속·직위·합류 시기·공동 전리품 조정, 778~782화 가족·종족 책임과 파티 소속 충돌, 824~828화 붕괴 중 동료 수색과 희생자 평가 대비를 직접 확인했다. 전체 순차 완독과 동일하지 않다."
TH-REF46-07 · 회차 리셋은 현지 기억과 사건을 초기화하되 공략 기억·외부 준비·접근 권리를 누적시킨다,REF-46,exact,"1회차의 약한 육체·개별 잠입은 탈출과 정보 획득으로 끝나며, 그 결과가 외부 회의·시장 조사·세력 협상·공략대 구성으로 확장된다. 2회차에서는 같은 장소가 초기화됐음을 직접 확인하고 이전 경로를 압축해 진행한다. 현지 연구원은 공략자를 기억하지 못하지만 공략자는 상대의 행동과 미래를 기억한다. 시스템은 1회차보다 높은 점수와 기억 장면을 보상으로 제시하지만, 공략자는 당사자가 현재 회차에서 말한 소망이 체념인지 진짜 선택인지 다시 확인한 뒤 다른 루트를 고른다.","917화 이후 트루 엔딩 성립 여부, 지역이 다시 초기화되는지, 현지 인물의 기억·관계가 최종적으로 보존되는지, 접근 권리가 공략 완료 뒤 어떤 형태로 남는지.","반복이 안전한 무료 재시도는 아니다. 특수 지역에서 사망하면 해당 캐릭터의 소지품과 기억을 잃을 수 있고 재입장이 제한된다. 생존·탈출·대체 육체의 판정이 정확히 어떻게 기억을 보존했는지는 완전히 확정되지 않았다. 외부 준비에는 막대한 자원과 정치 협력이 필요하며, 투자된 인원과 물자 때문에 중도 철수가 어려워진다. 또한 기억 우위와 강한 전력은 설득을 협박으로 대체하고 현지 인물의 선택을 압박하는 부작용을 만든다.",Yes,No,VERIFIED_THREAD,"410,952~413,012행 / 413,013~414,562행 / 414,563~416,749행 / 418,700~419,729행",REF-46 (https://app.notion.com/p/REF-46-3b2baa79eaae81f59dafc3d297935052?pvs=21),작품 고유,"1회차에서 약한 대체 육체로 현지 인물과 관계를 만들고 탈출에 성공하자 장비와 기억을 보존한 채 특수 지역 접근 권리를 얻는다. 밖으로 돌아온 뒤에는 소모품 복원 규칙과 지역 정보를 공유하고, 여러 집단의 인력·자원·마도 장비·행정 협약을 모아 다음 공략을 재설계한다. 2회차 진입 시 섬과 사건은 이전 파괴 전 상태로 돌아가고 고문받던 인물도 다시 원점에 놓인다. 공략자는 길·질문·퀘스트 보상을 기억해 대화와 이동을 압축하지만, 현지 인물은 그를 처음 보는 사람으로 대한다. 강한 본체와 군대 규모의 공략대는 1회차의 설득을 위협과 절차로 대체할 수 있게 한다. 그러나 시스템이 기억과 점수로 해피엔딩을 판정해도 공략자는 이를 거부하고, 현재 회차의 당사자에게 다시 욕망과 선택을 묻는다.","이 후반 반복 구조에서 리셋되는 것은 지역의 사건 상태와 현지 인물의 경험이며, 누적되는 것은 공략자의 기억, 밖에서 확보한 정보·동료·물자·조직 협력, 그리고 시스템이 부여한 접근 권리다. 이 비대칭 때문에 2회차는 같은 이야기를 반복하지 않고, 1회차에서 오래 걸린 탐색과 신뢰 형성을 건너뛰는 속도전으로 변한다. 동시에 과거에 친밀했던 상대가 현재는 낯선 사람이라는 윤리적 문제가 생긴다. 이전 회차의 기억은 사실과 위험을 판단할 권리는 주지만, 현재 상대의 관계 동의와 삶의 목표를 대신 결정할 권리까지 자동으로 주지는 않는다.","REF-46 내부에서 반복 서사의 변화량은 ‘무엇이 리셋되지 않았는가’보다 리셋 항목과 누적 항목의 소유자가 다르다는 데서 발생한다. 공략자가 기억과 권한을 독점할수록 다음 회차는 효율적으로 변하지만, 관계와 선택의 정당성은 현재 회차의 당사자에게 다시 받아야 한다.","최종 루트가 완료되면 이전 회차의 관계를 현재 인물들이 기억하게 되는가, 공략자의 영구 접근권과 외부 공적이 현지 인물의 자유·법적 지위·귀환 선택으로 어떻게 전환되는가를 추가 확인한다.","892~896화의 1회차 진입·탈출·기억 보존·영구 접근권 획득, 897~901화의 외부 조사·인력·물자·조직 재구축, 902~907화의 2회차 재진입·지역 리셋·속도전·현지 인물 기억 부재, 912~913화의 기억 공개·불완전한 해피엔딩 거절·현재 당사자의 욕망 재확인을 직접 확인했다. 914~917화는 선택된 루트의 전투 진행까지 확인했으나 최종 결말은 파일 범위 밖이다."
TH-REF46-06 · 한정된 성장 슬롯은 전투 역할·취약점·동료 배치를 함께 잠그는 선택 장부로 작동한다,REF-46,exact,"초반 방패 선택은 중반의 강제 정수 분쟁과 장비 재설계로 이어지고, 수호자 정수 교체는 실제 전투에서 재생 부재와 팀 지원 의존으로 검증된다. 동료를 지키기 위한 역할 자기 규정이 반복된 뒤, 후반에는 극재생 중심의 새 조합으로 전면 개편된다. 새 조합은 보스전에서 압도적 유지력을 보이지만 사용 효과 봉인 환경에서 명확한 카운터를 맞고, 다른 필드에서는 그 약점과 장점의 조합이 새로운 해법으로 뒤집힌다.","917화 이후 새 슬롯에 들어갈 최종 정수와 완성 조합, 극재생 역할이 장기적으로 신관·동료의 전투 권리와 위험 분담을 어떻게 바꾸는지, 최종 카운터가 무엇인지.","정수 선택이 완전히 영구적인 것은 아니다. 레벨 상승은 슬롯을 늘리고, 신전·희귀 아이템·교체 장치를 이용하면 기존 정수를 지우거나 바꿀 수 있다. 핵심 정수를 제외한 후보군도 상황에 따라 유동적으로 선택한다. 또한 극단적 전문화는 대부분의 상황에서 강해도 특정 필드·재생 억제·사용 효과 봉인에 취약하며, 좋은 빌드만으로 정보 부족과 보스 기믹을 자동 해결하지 못한다.",Yes,No,VERIFIED_THREAD,"649~710행 / 19,665~19,741행 / 37,301~37,363행 / 66,877~67,157행 / 67,667~67,999행 / 109,150~109,245행 / 396,900~397,120행 / 417,250~418,445행 / 421,067~421,233행",REF-46 (https://app.notion.com/p/REF-46-3b2baa79eaae81f59dafc3d297935052?pvs=21),작품 고유,"시작 시 중심 인물은 취향상 대검을 원하지만 생존 효율을 위해 방패를 고르고, 전투에서 반복적으로 동료가 공격받는 자리를 대신 점유한다. 원치 않는 정수를 강제로 흡수했을 때는 희귀성보다 슬롯 점유·삭제 비용·최종 조합 훼손을 손해로 판정한다. 이후 정수에 맞춰 장비와 전술을 바꾸고, 수호자 정수를 희생해 다른 정수로 교체하면서 재생 능력을 잃는 대신 근력·내성·공격 가능성을 얻는다. 이 변화는 포션과 후열 지원 의존도를 높이고 동료별 역할 배치를 다시 짜게 한다. 후반에는 극재생 중심의 새로운 방패 역할로 전환해 결손 회복과 단독 유지력이 급증하지만, 사용 효과 봉인과 재생 억제 환경에서는 이전 형태보다 취약해진다. 반대로 생명력 소모형 필드에서는 새 세팅의 연쇄 효과가 예상 밖의 공략 수단이 된다.","이 작품에서 성장 자원은 단순한 능력치 보상이 아니라 이후 선택지를 좁히는 장기 계약이다. 한정된 슬롯에 무엇을 넣는가에 따라 착용 장비, 공격을 받을 방식, 필요한 지원자, 감당할 고통, 포기할 능력과 다음 획득 목표가 함께 정해진다. 따라서 ‘강해졌다’는 표현은 화력 상승만을 뜻하지 않는다. 중심 인물은 자기가 맡을 전투 책임을 먼저 정하고 그 책임을 수행할 수 있도록 자원을 재배열한다. 빌드는 수정 가능하지만 삭제 비용, 희귀 자원 손실, 익숙한 장점 상실과 새로운 카운터를 동반하므로 이전 선택이 완전히 무효화되지는 않는다.","REF-46 내부에서는 성장 선택의 효과를 능력 상승이 아니라 ‘어떤 위험을 대신 감당하고 어떤 도움을 요구하게 되었는가’로 판정할 수 있다. 제한 자원은 인물의 전투 정체성과 파티 구조를 동시에 고정하며, 개편 장면은 새 장점만이 아니라 사라진 권리와 새 의존까지 함께 보여 줄 때 변화량이 선명해진다.","새 정수 한 칸이 기존 역할을 보강하는지 또 한 번 역할을 전환하는지, 중심 인물이 자기 생존보다 동료 구조를 우선하는 판단을 새 조합에서도 지속하는지 추가 확인한다.","3화의 무기·역할 선택, 41화의 비동의 정수 흡수와 삭제 비용, 77화의 정수에 맞춘 장비 재설계, 138~140화의 코어 정수 교체와 전투 의존 변화, 222화의 보호 역할 자기 규정, 859화의 새로운 극재생 빌드 확정, 909~911화의 상성·카운터 확인, 917화의 예상 밖 환경 적합성을 직접 확인했다. 전체 순차 완독과 동일하지 않다."
TH-REF46-09 · 조직은 같은 공적 기록을 영웅·악령·귀족 서사로 재편해 권리와 의무를 배분한다,REF-46,exact,"왕가의 탐험가 포섭은 작위 수여에서 끝나지 않고 사망 뒤 악령 공표로 반전된다. 이후 귀환 원정의 개선식에서는 다시 영웅 서사로 뒤집히며, 공개 정체 선언 한 번이 왕가로 하여금 기존 공문을 비밀 임무 서사로 수정하게 만든다. 더 먼 전시 구간에서는 그때 받은 작위와 명성이 소집 의무·군사 배치·클랜원 보호·하급 탐험가의 기대를 동시에 발생시켜 과거 홍보가 현재의 실제 명령권으로 돌아온다.","후반 전쟁 뒤 작위·군사 권한·악령 관련 공식 기록의 최종 상태, 희생자와 구조 실패가 공적 기록에 복원되는지, 조직이 중심 인물을 더 이상 질서 유지용 상징으로 사용하지 못하게 되는지.","공식 서사가 사회 전체의 판단을 완전히 통일하지는 않는다. 바바리안 공동체는 왕가의 악령 공표를 믿지 않고, 일부 탐험가와 동료는 행동 기억을 우선한다. 영웅 개선식도 유가족의 상실과 구조 실패를 삭제하지 못하며, 공적을 나눠 가진 기관에 대한 냉소를 남긴다. 공개 정체 선언이 성공한 것은 귀환 원정대·군중·귀족이 보는 자리에서 왕가가 즉시 부정하기 어려웠기 때문이며, 개인적 진실만으로 기록을 고칠 수 있었던 것은 아니다.",Yes,No,VERIFIED_THREAD,"114,837~115,942행 / 166,243~168,156행 / 211,599~214,416행 / 334,057~335,222행",REF-46 (https://app.notion.com/p/REF-46-3b2baa79eaae81f59dafc3d297935052?pvs=21),작품 고유,"대규모 참사에서 왕실 기사단이 탐험가를 버린 뒤 생존자들은 중심 인물을 영웅과 잠재적 구심점으로 말한다. 왕가는 그 공적을 부정하지 않고 작위·정수·장비를 제공하되 공식 행사에서 왕가에 우호적인 모습을 요구해 상징을 흡수하려 한다. 중심 인물이 사망한 것으로 알려진 뒤에는 소문을 공식 공문으로 승인해 같은 인물을 ‘악령’으로 기록하고, 동료·시민·조직의 접근과 기억을 바꾼다. 장기 원정에서 귀환한 생존자들은 처음에는 감시와 격리를 받지만, 후작은 개선식을 만들어 왕가가 구조하지 못한 사실과 협상 내용을 제거하고 여러 귀족·길드가 공적을 나눠 갖는 영웅 서사로 편집한다. 중심 인물이 군중 앞에서 본명을 공개하자 왕가는 위신을 지키기 위해 죽음과 악령 공표를 비밀 임무였다고 즉시 재해석한다. 훗날 같은 작위는 전시 소집과 군사령부 편입을 강제하는 통제 장치가 되는 동시에 클랜원의 처벌을 막고 하급 탐험가에게 후견 기대를 주는 보호 권한으로 작동한다.","이 작품의 조직 기록은 이미 일어난 사실을 중립적으로 보관하지 않는다. 왕가·길드·귀족·군부는 현재 질서에 필요한 인물 범주를 먼저 선택하고, 같은 공적을 위험한 구심점·회유할 영웅·제거된 악령·귀환한 비밀 요원·전시에 복무할 귀족으로 번역한다. 중요한 것은 명칭 변화가 홍보에서 끝나지 않는다는 점이다. 작위는 보물창고 접근과 공개 발언권을 주지만 소집과 군사 의무를 만들고, 악령 기록은 보호와 관계를 박탈하며, 영웅 서사는 민중의 신뢰를 주는 대신 실제 실패와 희생자의 책임 소재를 가린다. 개인은 기록을 완전히 거부하기보다 공개 장면과 조직 간 이해 충돌을 이용해 더 유리한 공식 해석을 강제한다.",REF-46 내부에서는 사회적 평가의 변화량을 칭찬 수가 아니라 공식 범주가 어떤 접근권·복무 의무·보호 가능성·처벌 위험을 새로 만들었는가로 추적할 수 있다. 공개 서사는 개인의 평판이 아니라 조직이 사람을 사용할 수 있는 법적·사회적 인터페이스다.,"중심 인물이 전쟁과 최종 공략에서 얻은 권한을 이용해 기록 작성 절차 자체를 바꾸는지, 아니면 계속 조직 간 이해를 이용해 자기 서사만 수정하는지 추가 확인한다.","231~232화의 왕가 실패 뒤 상징적 탐험가 회유와 작위·보상 설계, 338~341화의 사망 후 악령 공표와 사회적 기록 변경, 430~434화의 귀환자 격리·개선식·원정 서사 편집·공개 정체 회수, 706~708화의 작위 귀족 소집권·군사 지휘 의무·클랜 보호 권한을 직접 확인했다. 전체 순차 완독과 동일하지 않다."
TH-REF46-08 · 보호받던 신입은 상실을 전투 권한으로 바꾸되 통제·가족·종족 부채를 다시 조정해야 한다,REF-46,exact,"첫 동행에서 ‘혼자서는 어렵지만 한 사람 몫을 할 수 있는 탐험가’가 된 경험은 장기 부재 뒤 압도적 사격수와 전쟁 영웅으로 변형된다. 초기에는 중심 인물이 위험을 대신 받아 주지만, 재회 시에는 인물이 중심 인물을 세상 전체로부터 숨기려 한다. 통제 실패를 인정한 뒤에는 전투에서는 여전히 최상위 역할을 수행하면서도 경쟁 동료의 참여와 중심 인물의 외부 활동을 받아들이기 시작한다. 더 먼 구간에서는 순혈단 탈퇴와 종족 비난을 감수하고 동생을 찾아가며, 복수 때문에 끊긴 가족 관계를 부분적으로 복구한다.","917화 이후 순혈과 정령왕 계약의 최종 귀속, 종족이 이 인물의 독립 선택을 제도적으로 인정하는지, 동생과의 관계가 보호·죄책감이 아닌 상호 선택으로 안정되는지, 중심 인물 부재 시에도 자신의 목표를 유지하는지.","강해진 것이 곧 독립 욕망의 확립을 뜻하지 않는다. 전쟁 공적과 희귀 능력은 오히려 상실 강박을 실행할 수단을 늘렸다. 중심 인물이 통제를 지적한 뒤에도 창문·은거 같은 환경은 즉시 정상화되지 않으며, 경쟁 동료를 향한 불신도 남는다. 동생과의 화해 역시 완결되지 않아 서로 눈치를 보고 거리를 둔다. 종족 의무를 거부한 선택은 자유를 주지만 순혈의 공공적 성격과 공동체 손실을 삭제하지 않는다.",Yes,No,VERIFIED_THREAD,"3,079~8,886행 / 166,243~168,156행 / 170,077~171,718행 / 228,407~228,872행 / 363,287~365,530행",REF-46 (https://app.notion.com/p/REF-46-3b2baa79eaae81f59dafc3d297935052?pvs=21),작품 고유,"초기 신입은 다른 탐험가에게 살려 달라고 무릎을 꿇고, 도시의 동생을 부양하려는 욕망 때문에 불리한 배분과 위험한 상층 진입을 선택한다. 중심 인물은 감지·사격 역할을 맡기고 전투 후 성과를 인정하며 한 사람 몫의 탐험가로 대한다. 중심 인물의 사망 소식 뒤 신입은 복수를 목표로 일족의 순혈과 정령왕 계약을 얻고 전쟁의 최전선에서 ‘혈령후’로 불릴 만큼 독립 전력이 된다. 그러나 상실 시점에 멈춘 관계 욕망은 재회 직후 상대를 숨기고, 외부 연락과 장비를 차단하며, 경쟁 동료를 제거하려는 통제로 나타난다. 대면 뒤에는 자신의 문제를 인정하고 힘을 전부 버릴 의사까지 보이지만, 중심 인물은 그 순종을 이용하지 않고 관계를 위해 선택권을 보존한다. 후반에는 순혈단을 떠난 선택 때문에 종족의 배신자로 비난받고 순혈 회수를 위한 살해 주장까지 감수하며, 복수 중 방치했던 동생과의 관계를 직접 다시 잇기 시작한다.","전투력과 사회적 위상이 커졌다고 관계 주체로서 자동 성숙하는 것은 아니다. 이 인물은 상실을 견디기 위해 힘·이명·전쟁 공적을 쌓았지만, 그 힘의 목적이 한 사람을 잃지 않는 데 고정되어 있어 보호가 은닉과 통제로 뒤집힌다. 관계가 회복되기 위해서는 상대가 집착을 보상하거나 지배하는 것이 아니라, 통제 행동에 경계를 긋고 힘을 유지한 채 스스로 다른 책임을 다시 선택하게 해야 한다. 이후 동생과 종족 문제를 마주하는 장면은 관계 회복이 연인·동료 한 사람에게만 매달리는 것이 아니라 방치했던 가족과 공동체 부채를 다시 인수하는 과정임을 보여 준다.","REF-46 내부에서는 보호받던 인물의 성장을 전투력 상승이 아니라 ‘보호를 통제로 바꾸지 않고, 한 사람 외의 책임과 자기 선택을 다시 가질 수 있는가’로 판정할 수 있다. 상실로 얻은 힘은 관계 회복의 보상이 아니라 경계 설정과 부채 재인수를 요구하는 비용이 된다.","최종 위기에서 이 인물이 중심 인물을 지키는 것과 동생·종족·자기 생존을 지키는 선택을 어떻게 배분하는지, 순혈단 탈퇴로 발생한 공동체 비용을 본인이 어떤 방식으로 정산하는지 추가 확인한다.","8~17화의 첫 동행·생존 교육·동생 부양 욕망, 338~341화의 장기 부재 뒤 재회와 은닉·연락 차단, 346~349화의 힘과 집착 대면·관계 경계 재설정, 463화의 순혈·정령왕·계층 정수로 누적된 전투 권한과 정신 비용, 778~782화의 순혈단 탈퇴 대가·종족 비난·동생과의 관계 복구 시도를 직접 확인했다. 전체 순차 완독과 동일하지 않다."
TH-REF46-11 · 공통 출신과 정보 교환은 동맹을 보장하지 않으며 귀환 목표와 결별 조건을 명시해야 협력자가 된다,REF-46,exact,"첫 만남에서는 동향인에게 정보를 주고 커뮤니티 접근권을 열어 주지만 자기 장기 목적을 숨긴다. 현실 조우에서는 정체를 모른 채 공격과 협상을 오가며, 공통 적의 제안도 자기 기준에 따라 거절한다. 제삼자와의 계약에서는 소생 약속을 미끼로 장기 협력을 얻지만 약속 시점과 평가 권한을 독점한다. 정체 확인 뒤에는 미샤를 돌려줄 수 있다고 말하면서도 상대를 상징으로 이용한 책임과 귀환 집착을 드러낸다. 기록석의 미래와 왕가 전복 계획이 공개된 뒤에도 파멸적 플랜 B를 유지하고, 최종적으로 적·아군 대신 결별 조건이 포함된 협력자 관계를 선택한다.","917화 이후 귀환 가능성이 현실화됐을 때 협력 계약이 유지되는지, 현재 세계의 동료와 지구 귀환 중 선택이 충돌할 때 어느 쪽이 먼저 결별을 선언하는지, 제삼자에게 가한 구원 계약의 통제 비용이 최종적으로 정산되는지.","같은 고향 사람에게 보이는 호의는 다른 동료에게 동일하게 적용되지 않는다. 소생 약속을 받은 인물은 희망 때문에 떠나지 못하고, 약속 지연과 실적 요구로 사실상 종속된다. 정보 교환도 대칭적이지 않아 중요한 기록석·세력 관계·플랜 B는 장기간 숨겨진다. 협력자 계약 뒤에도 두 사람의 최종 소망이 다르면 즉시 갈라질 수 있으며, 한쪽이 예정된 미래를 통제하려 들면 다시 적대 관계로 바뀔 가능성이 남는다.",Yes,No,DEPRECATED,"59,669~60,429행 / 124,855~127,177행 / 154,743~154,901행 / 167,359~167,477행 / 214,817~216,083행 / 231,219~231,771행 / 234,665~234,893행 / 246,150~246,533행",REF-46 (https://app.notion.com/p/REF-46-3b2baa79eaae81f59dafc3d297935052?pvs=21),작품 고유,"같은 고향 출신 인물은 첫 접촉에서 생존 정보와 고급 정보망을 제공하고 친근한 호칭을 사용하지만, 자기 정체·세력·장기 계획은 숨긴다. 현실에서 다시 만났을 때도 상대가 같은 출신임을 확신하지 못하면 공격과 떠보기를 병행한다. 중심 인물의 사망을 믿은 동료에게는 소생 수단을 약속하고 전투원으로 육성하지만, 사용 시점을 미루고 실적을 요구해 구원 욕망을 통제 장치로 만든다. 상호 정체가 확인된 뒤에는 중심 인물을 상징으로 이용해 악령을 양지로 끌어내고 왕가를 전복하려 했음을 인정하며, 귀환이 최우선이라는 목표를 밝힌다. 중심 인물은 귀환 여부를 확정하지 못하고 현재 세계의 관계를 중시하므로 목표가 완전히 일치하지 않는다. 기록석과 예정된 미래를 둘러싼 비밀이 공개된 뒤 두 사람은 서로의 비상 계획을 폐기하지 않은 채, 귀환을 돕고 필요할 때 지원하되 목표가 충돌하면 갈라진다는 ‘협력자’ 관계를 명시한다.","공통 출신, 언어, 문화적 친밀감은 접근권과 첫 정보 제공을 만들지만 아군 판정을 보장하지 않는다. 이 인물의 모든 관계는 귀환 목표에 도움이 되는가를 기준으로 재평가되며, 동료·상징적 영웅·제삼자의 구원 욕망도 자원으로 사용할 수 있다. 반대로 중심 인물은 같은 출신이라는 이유로 가치관과 현재 관계를 포기하지 않는다. 두 사람이 안정적으로 협력하기 시작하는 지점은 모든 비밀을 털어놓거나 목표가 같아진 때가 아니라, 각자의 핵심 목표·숨겨 둔 비상 계획·결별 가능성을 서로 인정하고 지원 범위를 언어로 고정한 때다.","REF-46 내부에서 조건부 동맹의 안정성은 공통 정체나 친밀한 호칭보다 지원 범위·핵심 목표·결별 조건·비상 계획을 얼마나 명시했는가로 판정된다. 서로를 완전히 믿지 않아도 미래의 충돌을 숨기지 않으면 협력은 가능하지만, 제삼자의 욕망을 담보로 잡는 방식은 별도의 관계 부채를 남긴다.",중복 등록으로 사용 중지. 정본은 TH-REF46-11 · 공통 출신과 정보 교환은 동맹을 보장하지 않으며 귀환 목표와 결별 조건을 명시해야 협력자가 된다 (TH-REF46-11%20%C2%B7%20%EA%B3%B5%ED%86%B5%20%EC%B6%9C%EC%8B%A0%EA%B3%BC%20%EC%A0%95%EB%B3%B4%20%EA%B5%90%ED%99%98%EC%9D%80%20%EB%8F%99%EB%A7%B9%EC%9D%84%20%EB%B3%B4%EC%9E%A5%ED%95%98%EC%A7%80%20%EC%95%8A%EC%9C%BC%EB%A9%B0%20%EA%B7%80%ED%99%98%20%EB%AA%A9%ED%91%9C%EC%99%80%20%EA%B2%B0%EB%B3%84%203b2baa79eaae8104b078e11d53f587b3.csv) 를 사용한다.,"124~125화의 동향인 첫 접촉·정보 제공·고급 정보망 소개, 250~254화의 현실 조우·정체 은폐·공통 적과 별도 행동, 312·340화의 제삼자 구원 계약과 조건 통제, 435~437화의 상호 정체 확인·정보 교환·귀환 목표 충돌, 469~470화의 왕가 전복 계획·정보 은폐·피아 판정, 477화의 계약 당사자가 겪은 지연·불신·업무적 잔류, 500~501화의 기록석 공개·플랜 B 유지·협력자 계약을 직접 확인했다. 전체 순차 완독과 동일하지 않다."
TH-REF46-10 · 적대자는 복수·생존·귀환 목표를 분리한 채 반복 협력으로 조건부 동료가 된다,REF-46,exact,"첫 등장에서 계약을 우회하고 기억을 지우는 실용적 적대성이 확인된다. 섬 대치에서는 복수 목표를 버리지 않으면서도 협박자의 정보 독점을 깨고 중심 인물 측을 선택한다. 공동 전투와 표류에서는 전우 수준의 합을 보이지만 서로의 의도와 물건을 계속 경계한다. 시간 이동 뒤에는 정체 검증 장치를 통해 약점을 확보하고도 즉시 적대하지 않으며, 복수 목표의 불가능성을 들어도 포기하지 않는다. 더 먼 구간에서는 구출·신분 해결이라는 조건 아래 동료가 되겠다고 약속하고, 이전보다 넓은 정보를 상호 공개한다.","원래 시간대로 돌아간 뒤 조건부 동료 약속이 실제로 어떤 소속·지휘권·정보 권리로 구현되는지, 언니 구출 이후 복수 장부가 닫히는지, 917화 이후 최종 귀환·잔류 선택에서 두 사람의 목표가 충돌하는지.","반복 협력이 도덕적 신뢰나 전면적 화해를 뜻하지 않는다. 적대자는 첫 등장부터 계약의 빈틈을 이용하고 기억을 지우며, 섬에서도 자기 숙원을 위한 정보 경로가 없었다면 다른 선택을 했을 가능성이 남는다. 중심 인물의 정체를 캐낸 이유에는 신뢰 확인뿐 아니라 배신 방지용 약점 확보가 포함된다. 미래의 동료 약속도 언니 생존과 신분 문제 해결이 모두 충족될 때만 발동하며, 복수 목표가 좌절되거나 귀환 조건이 달라지면 관계가 다시 분기될 수 있다.",Yes,No,DEPRECATED,"71,555~71,729행 / 136,863~137,317행 / 138,393~140,179행 / 141,713~142,863행 / 149,059~151,503행",REF-46 (https://app.notion.com/p/REF-46-3b2baa79eaae81f59dafc3d297935052?pvs=21),작품 고유,"초기 적대자는 살인을 금지한 계약의 문구를 우회해 복수 대상을 죽게 만들고 기억을 지우며, 중심 인물 일행에게도 귀한 기억 삭제 약을 사용해 정체 노출을 막는다. 섬에서는 자기 숙원과 관련된 물건을 미끼로 협박받지만, 다른 정보 획득 경로가 있음을 계산한 뒤 협박자를 제거하고 중심 인물 측을 택한다. 이후 독 해독제 제공, 몬스터 웨이브 방어, 전위와 극딜 역할 분담, 표류 환경의 공동 생존을 수행하면서도 과거 약탈·배신·복수의 책임은 소거하지 않는다. 시간 이동 뒤에는 중심 인물의 정체를 검증해 약점으로 보유하려는 계산과 ‘믿어도 되는지 알고 싶다’는 욕망을 함께 드러낸다. 중심 인물 역시 상대의 언니를 구하고 신분 문제를 해결한다는 조건 아래 미래의 동료 관계를 제안한다. 그 뒤 두 사람은 악령·오르큘리스·과거 사건 정보를 교환하지만, 각자의 비밀과 최종 선택권을 전부 넘기지는 않는다.","이 관계의 변화는 적대자가 선해지거나 과거를 용서받는 과정이 아니다. 복수, 생존, 시간 귀환, 언니 구출, 현재 동료 보호가 서로 다른 목표 장부로 유지되며, 장면마다 어느 목표가 우선인지 다시 계산한다. 반복 협력으로 신뢰가 생겨도 신뢰는 무방비가 아니라 ‘상대가 어떤 조건에서는 배신하지 않을지 예측할 수 있음’에 가깝다. 조건부 동료가 되는 결정 역시 감정적 화해가 아니라, 상대의 숙원을 돕고 신분 제약을 해결한다는 구체 조건과 향후 선택을 묶은 약속이다.","REF-46 내부에서 적대적 동행은 호감 상승으로 성립하지 않는다. 복수·생존·귀환·구출 목표를 분리해 공개하고, 상대가 약점을 가진 상태에서도 조건을 지키는 장면이 반복될 때 ‘친구’가 아니라 예측 가능한 조건부 동료로 재분류된다.",중복 등록으로 사용 중지. 정본은 TH-REF46-10 · 적대자는 복수·생존·귀환 목표를 분리한 채 반복 협력으로 조건부 동료가 된다 (TH-REF46-10%20%C2%B7%20%EC%A0%81%EB%8C%80%EC%9E%90%EB%8A%94%20%EB%B3%B5%EC%88%98%C2%B7%EC%83%9D%EC%A1%B4%C2%B7%EA%B7%80%ED%99%98%20%EB%AA%A9%ED%91%9C%EB%A5%BC%20%EB%B6%84%EB%A6%AC%ED%95%9C%20%EC%B1%84%20%EB%B0%98%EB%B3%B5%20%ED%98%91%EB%A0%A5%EC%9C%BC%EB%A1%9C%20%EC%A1%B0%EA%B1%B4%EB%B6%80%20%203b2baa79eaae81a1899bceec7c09794d.csv) 를 사용한다.,"148화의 복수 대상 처리와 기억 삭제, 276~280화의 인질 대치·구조·해독·공동 전투, 282~287화의 표류 생존과 시간 귀환 계획, 301~303화의 정체 검증·약점 계산·복수 목표 유지, 306화의 조건부 동료 약속과 상호 정보 공개를 직접 확인했다. 전체 순차 완독과 동일하지 않다."
TH-REF46-11 · 공통 출신과 정보 교환은 동맹을 보장하지 않으며 귀환 목표와 결별 조건을 명시해야 협력자가 된다,REF-46,exact,"첫 만남에서는 동향인에게 정보를 주고 커뮤니티 접근권을 열어 주지만 자기 장기 목적을 숨긴다. 현실 조우에서는 정체를 모른 채 공격과 협상을 오가며, 공통 적의 제안도 자기 기준에 따라 거절한다. 제삼자와의 계약에서는 소생 약속을 미끼로 장기 협력을 얻지만 약속 시점과 평가 권한을 독점한다. 정체 확인 뒤에는 미샤를 돌려줄 수 있다고 말하면서도 상대를 상징으로 이용한 책임과 귀환 집착을 드러낸다. 기록석의 미래와 왕가 전복 계획이 공개된 뒤에도 파멸적 플랜 B를 유지하고, 최종적으로 적·아군 대신 결별 조건이 포함된 협력자 관계를 선택한다.","917화 이후 귀환 가능성이 현실화됐을 때 협력 계약이 유지되는지, 현재 세계의 동료와 지구 귀환 중 선택이 충돌할 때 어느 쪽이 먼저 결별을 선언하는지, 제삼자에게 가한 구원 계약의 통제 비용이 최종적으로 정산되는지.","같은 고향 사람에게 보이는 호의는 다른 동료에게 동일하게 적용되지 않는다. 소생 약속을 받은 인물은 희망 때문에 떠나지 못하고, 약속 지연과 실적 요구로 사실상 종속된다. 정보 교환도 대칭적이지 않아 중요한 기록석·세력 관계·플랜 B는 장기간 숨겨진다. 협력자 계약 뒤에도 두 사람의 최종 소망이 다르면 즉시 갈라질 수 있으며, 한쪽이 예정된 미래를 통제하려 들면 다시 적대 관계로 바뀔 가능성이 남는다.",Yes,No,VERIFIED_THREAD,"59,669~60,429행 / 124,855~127,177행 / 154,743~154,901행 / 167,359~167,477행 / 214,817~216,083행 / 231,219~231,771행 / 234,665~234,893행 / 246,150~246,533행",REF-46 (https://app.notion.com/p/REF-46-3b2baa79eaae81f59dafc3d297935052?pvs=21),작품 고유,"같은 고향 출신 인물은 첫 접촉에서 생존 정보와 고급 정보망을 제공하고 친근한 호칭을 사용하지만, 자기 정체·세력·장기 계획은 숨긴다. 현실에서 다시 만났을 때도 상대가 같은 출신임을 확신하지 못하면 공격과 떠보기를 병행한다. 중심 인물의 사망을 믿은 동료에게는 소생 수단을 약속하고 전투원으로 육성하지만, 사용 시점을 미루고 실적을 요구해 구원 욕망을 통제 장치로 만든다. 상호 정체가 확인된 뒤에는 중심 인물을 상징으로 이용해 악령을 양지로 끌어내고 왕가를 전복하려 했음을 인정하며, 귀환이 최우선이라는 목표를 밝힌다. 중심 인물은 귀환 여부를 확정하지 못하고 현재 세계의 관계를 중시하므로 목표가 완전히 일치하지 않는다. 기록석과 예정된 미래를 둘러싼 비밀이 공개된 뒤 두 사람은 서로의 비상 계획을 폐기하지 않은 채, 귀환을 돕고 필요할 때 지원하되 목표가 충돌하면 갈라진다는 ‘협력자’ 관계를 명시한다.","공통 출신, 언어, 문화적 친밀감은 접근권과 첫 정보 제공을 만들지만 아군 판정을 보장하지 않는다. 이 인물의 모든 관계는 귀환 목표에 도움이 되는가를 기준으로 재평가되며, 동료·상징적 영웅·제삼자의 구원 욕망도 자원으로 사용할 수 있다. 반대로 중심 인물은 같은 출신이라는 이유로 가치관과 현재 관계를 포기하지 않는다. 두 사람이 안정적으로 협력하기 시작하는 지점은 모든 비밀을 털어놓거나 목표가 같아진 때가 아니라, 각자의 핵심 목표·숨겨 둔 비상 계획·결별 가능성을 서로 인정하고 지원 범위를 언어로 고정한 때다.","REF-46 내부에서 조건부 동맹의 안정성은 공통 정체나 친밀한 호칭보다 지원 범위·핵심 목표·결별 조건·비상 계획을 얼마나 명시했는가로 판정된다. 서로를 완전히 믿지 않아도 미래의 충돌을 숨기지 않으면 협력은 가능하지만, 제삼자의 욕망을 담보로 잡는 방식은 별도의 관계 부채를 남긴다.","귀환과 세계 보존이 동시에 달성될 수 없을 때 두 협력자가 합의한 결별 절차를 실제로 지키는지, 각자의 플랜 B가 상대의 동료·도시·세계에 가하는 위험을 어디까지 허용하는지 추가 확인한다.","124~125화의 동향인 첫 접촉·정보 제공·고급 정보망 소개, 250~254화의 현실 조우·정체 은폐·공통 적과 별도 행동, 312·340화의 제삼자 구원 계약과 조건 통제, 435~437화의 상호 정체 확인·정보 교환·귀환 목표 충돌, 469~470화의 왕가 전복 계획·정보 은폐·피아 판정, 477화의 계약 당사자가 겪은 지연·불신·업무적 잔류, 500~501화의 기록석 공개·플랜 B 유지·협력자 계약을 직접 확인했다. 전체 순차 완독과 동일하지 않다."
TH-REF46-10 · 적대자는 복수·생존·귀환 목표를 분리한 채 반복 협력으로 조건부 동료가 된다,REF-46,exact,"첫 등장에서 계약을 우회하고 기억을 지우는 실용적 적대성이 확인된다. 섬 대치에서는 복수 목표를 버리지 않으면서도 협박자의 정보 독점을 깨고 중심 인물 측을 선택한다. 공동 전투와 표류에서는 전우 수준의 합을 보이지만 서로의 의도와 물건을 계속 경계한다. 시간 이동 뒤에는 정체 검증 장치를 통해 약점을 확보하고도 즉시 적대하지 않으며, 복수 목표의 불가능성을 들어도 포기하지 않는다. 더 먼 구간에서는 구출·신분 해결이라는 조건 아래 동료가 되겠다고 약속하고, 이전보다 넓은 정보를 상호 공개한다.","원래 시간대로 돌아간 뒤 조건부 동료 약속이 실제로 어떤 소속·지휘권·정보 권리로 구현되는지, 언니 구출 이후 복수 장부가 닫히는지, 917화 이후 최종 귀환·잔류 선택에서 두 사람의 목표가 충돌하는지.","반복 협력이 도덕적 신뢰나 전면적 화해를 뜻하지 않는다. 적대자는 첫 등장부터 계약의 빈틈을 이용하고 기억을 지우며, 섬에서도 자기 숙원을 위한 정보 경로가 없었다면 다른 선택을 했을 가능성이 남는다. 중심 인물의 정체를 캐낸 이유에는 신뢰 확인뿐 아니라 배신 방지용 약점 확보가 포함된다. 미래의 동료 약속도 언니 생존과 신분 문제 해결이 모두 충족될 때만 발동하며, 복수 목표가 좌절되거나 귀환 조건이 달라지면 관계가 다시 분기될 수 있다.",Yes,No,VERIFIED_THREAD,"71,555~71,729행 / 136,863~137,317행 / 138,393~140,179행 / 141,713~142,863행 / 149,059~151,503행",REF-46 (https://app.notion.com/p/REF-46-3b2baa79eaae81f59dafc3d297935052?pvs=21),작품 고유,"초기 적대자는 살인을 금지한 계약의 문구를 우회해 복수 대상을 죽게 만들고 기억을 지우며, 중심 인물 일행에게도 귀한 기억 삭제 약을 사용해 정체 노출을 막는다. 섬에서는 자기 숙원과 관련된 물건을 미끼로 협박받지만, 다른 정보 획득 경로가 있음을 계산한 뒤 협박자를 제거하고 중심 인물 측을 택한다. 이후 독 해독제 제공, 몬스터 웨이브 방어, 전위와 극딜 역할 분담, 표류 환경의 공동 생존을 수행하면서도 과거 약탈·배신·복수의 책임은 소거하지 않는다. 시간 이동 뒤에는 중심 인물의 정체를 검증해 약점으로 보유하려는 계산과 ‘믿어도 되는지 알고 싶다’는 욕망을 함께 드러낸다. 중심 인물 역시 상대의 언니를 구하고 신분 문제를 해결한다는 조건 아래 미래의 동료 관계를 제안한다. 그 뒤 두 사람은 악령·오르큘리스·과거 사건 정보를 교환하지만, 각자의 비밀과 최종 선택권을 전부 넘기지는 않는다.","이 관계의 변화는 적대자가 선해지거나 과거를 용서받는 과정이 아니다. 복수, 생존, 시간 귀환, 언니 구출, 현재 동료 보호가 서로 다른 목표 장부로 유지되며, 장면마다 어느 목표가 우선인지 다시 계산한다. 반복 협력으로 신뢰가 생겨도 신뢰는 무방비가 아니라 ‘상대가 어떤 조건에서는 배신하지 않을지 예측할 수 있음’에 가깝다. 조건부 동료가 되는 결정 역시 감정적 화해가 아니라, 상대의 숙원을 돕고 신분 제약을 해결한다는 구체 조건과 향후 선택을 묶은 약속이다.","REF-46 내부에서 적대적 동행은 호감 상승으로 성립하지 않는다. 복수·생존·귀환·구출 목표를 분리해 공개하고, 상대가 약점을 가진 상태에서도 조건을 지키는 장면이 반복될 때 ‘친구’가 아니라 예측 가능한 조건부 동료로 재분류된다.","공동의 위협이 사라진 뒤에도 상대의 선택권과 비밀 경계를 존중하는지, 언니 구출과 신분 해결이 완료되었을 때 약탈자 시절의 책임을 어떤 방식으로 정산하는지 추가 확인한다.","148화의 복수 대상 처리와 기억 삭제, 276~280화의 인질 대치·구조·해독·공동 전투, 282~287화의 표류 생존과 시간 귀환 계획, 301~303화의 정체 검증·약점 계산·복수 목표 유지, 306화의 조건부 동료 약속과 상호 정보 공개를 직접 확인했다. 전체 순차 완독과 동일하지 않다."
TH-REF46-13 · 불확실한 정보는 닻 질문·행동 기록·제삼자 공개를 겹쳐야 행동 가능한 신뢰로 바뀐다,REF-46,exact,"초반 공개 재판은 사적 취조에서 거부되던 검증을 기록·군중·고등급 전문가와 결합해 판결을 뒤집는다. 플레이어 정보 시장에서는 직접 소문의 진위를 묻는 대신 알려진 인물과 행동을 닻으로 삼아 판매자의 출처와 설명 구조를 시험한다. 중반 진실게임은 사전에 준비한 질문 목록과 폐쇄형 질문으로 최소 사실을 확보하고, 재판 준비에서는 상대의 침묵 전략을 예상해 증거원을 늘린다. 후반 포로 심문은 사소한 답변으로 반응 기준을 만든 뒤 핵심 정보로 접근하지만, 강압이 정보 신뢰를 훼손할 수 있다는 비용도 함께 드러낸다.","917화 이후 최종 세계 구조와 귀환 정보를 검증할 때 어떤 독립 증거원이 남는지, 왕가·마탑·플레이어 조직이 가진 기록 중 어느 것이 조작되지 않은 기준 자료인지, 강압 없이 적대자의 정보를 검증하는 제도적 절차가 확립되는지.","교차 검증도 객관적 진실을 자동 보장하지 않는다. 공개 기록을 담당한 전문가가 매수되거나 군중이 잘못된 서사에 휩쓸릴 수 있고, 정보 판매자가 아는 사실과 추론을 섞어 말할 수도 있다. 알려진 닻 질문은 출처의 일관성만 높일 뿐 소문의 최종 진위를 증명하지 않는다. 고문과 처벌에 의존한 심문은 진실보다 고통을 멈추기 위한 답을 만들 수 있으며, 심문자가 거짓을 판별한다고 믿는 기준 자체가 틀릴 수 있다. 여러 증거가 같은 권력 관계에서 나왔다면 숫자가 늘어도 독립 증거가 아니다.",Yes,No,DEPRECATED,"18,407~19,180행 / 43,957~45,080행 / 151,797~152,700행 / 230,220~230,330행 / 236,613~237,250행",REF-46 (https://app.notion.com/p/REF-46-3b2baa79eaae81f59dafc3d297935052?pvs=21),작품 고유,"길드 사건에서 중심 인물은 자기 진술 하나로 무죄를 주장하지 않고, 사건 당사자·조사관·거짓 증인·고등급 마법사·영상 기록·군중을 한 장소에 모아 서로의 발화를 교차시킨다. 정보 시장에서는 직접 확인하기 어려운 재난 소문을 묻지 않고, 이미 실재를 아는 마법사의 최근 행동을 먼저 질문해 판매자가 자발적으로 소문과 연결하는지 확인한다. 판매자의 설명은 학파 목적·실험 조건·왕가의 예상 대응과 맞물리면서 행동 가능한 정보로 격상된다. 진실게임에서는 질문 목록을 준비하고 가능한 항목을 예·아니오로 좁혀 추론 가능한 최소 사실을 확보한다. 법정 분쟁에서는 검증 마법만 믿지 않고 상대의 묵비권과 부분 진술을 예상해 여러 증인과 법률 조력자를 확보한다. 포로 심문에서는 처음부터 핵심을 묻지 않고 침묵·사소한 개인 질문·이름 질문 순으로 반응 기준을 만든다.","이 작품에서 정보는 한 번의 증언이나 장치 반응만으로 확정되지 않는다. 이미 알고 있는 사실을 닻으로 삼은 우회 질문, 답변자가 예상하지 못한 연결, 물적 기록, 독립된 제삼자의 판정, 공개된 자리에서의 반복 진술을 겹쳐야 비로소 행동 기준이 된다. 중요한 것은 모든 증거가 동일한 결론을 말하는가보다 서로 다른 실패 가능성을 보완하는가이다. 진실 장치는 의도적 거짓을 잡지만 잘못된 확신을 놓치고, 증인은 장면을 보았지만 회유될 수 있으며, 기록은 남지만 운영자가 숨길 수 있다. 그래서 검증 묶음은 단일 정답을 선언하기보다 거짓말·오해·은폐의 비용을 단계적으로 높인다.",REF-46 내부에서는 정보 신뢰를 ‘맞다/틀리다’의 단일 판정이 아니라 닻 질문·행동 기록·전문가 판정·제삼자 증언·공개 비용이 서로 다른 오류를 얼마나 차단하는가로 측정할 수 있다. 행동 가능한 신뢰는 증거 수보다 증거원의 독립성과 실패 방식의 차이에서 생긴다.,중복 등록으로 사용 중지. 정본은 TH-REF46-13 · 불확실한 정보는 닻 질문·행동 기록·제삼자 공개를 겹쳐야 행동 가능한 신뢰로 바뀐다 (TH-REF46-13%20%C2%B7%20%EB%B6%88%ED%99%95%EC%8B%A4%ED%95%9C%20%EC%A0%95%EB%B3%B4%EB%8A%94%20%EB%8B%BB%20%EC%A7%88%EB%AC%B8%C2%B7%ED%96%89%EB%8F%99%20%EA%B8%B0%EB%A1%9D%C2%B7%EC%A0%9C%EC%82%BC%EC%9E%90%20%EA%B3%B5%EA%B0%9C%EB%A5%BC%20%EA%B2%B9%EC%B3%90%EC%95%BC%20%ED%96%89%EB%8F%99%20%EA%B0%80%203b2baa79eaae811d9137cdc4e97d16f7.csv) 를 사용한다.,"39~40화의 공개 기록·조사관·증인·마법사 교차 검증, 91~93화의 직접 소문 대신 알려진 인물을 닻으로 삼은 정보 구매와 근거 확인, 307~309화의 질문 목록·폐쇄형 질문·답변 지연과 반응 해석, 467화의 증언 회유·묵비권 예상 뒤 복수 증인과 법률 조력자 확보, 481~482화의 무질문 압박·사소한 질문으로 반응 기준 형성·단계적 심문을 직접 확인했다. 전체 순차 완독과 동일하지 않다."
TH-REF46-12 · 진실 판정 장치는 발화자의 확신만 인증해 질문권·묵비권·문장 설계가 협상권을 결정한다,REF-46,exact,"초반 길드 사건에서는 신분이 낮아 검증 장치에 접근하지 못하던 인물이 군중과 기록을 동원해 공개 검증을 강제한다. 중반 원탁에서는 장치가 정보 거래를 유지하지만, 참가자들은 질문을 거부하거나 최소 문장만 말하고도 순번을 끝낸다. 장치 제작자와의 대화에서는 예·아니오 질문이 좁은 사실을 확정하는 반면, 심리적 찜찜함은 사실상 맞는 답에도 적색을 만들고 모호한 선문답은 초록불을 얻는다. 더 먼 집회에서는 잘못된 믿음이 통과해 상반된 주장들이 모두 초록불을 받을 수 있음이 공개되고, 마지막에는 질문 선택과 거절 사유 자체를 장치로 검사하는 규칙이 만들어진다.","917화 이후 진실 보석과 유사한 장치의 최종 소유·작동 여부, 제작자가 결과를 조작할 수 있는지에 대한 완전한 확정, 장치가 사라진 뒤 원탁 구성원들이 질문권과 정보 신뢰를 어떤 규칙으로 대체하는지.","장치가 무용한 것은 아니다. 의도적으로 사실과 다른 문장을 말하면 적색을 내고, 예·아니오형 질문을 연속해 좁은 사실들을 확정하면 추론의 범위를 줄일 수 있다. 공개된 자리에서 여러 사람이 질문과 이의를 이어가면 애매한 문장의 비용도 커진다. 다만 발화자가 잘못된 정보를 확신하거나 핵심 전제를 생략하면 초록불이 객관적 사실을 보장하지 않으며, 검증 요청권이 신분·비용·운영자 권한에 묶이면 장치가 있어도 약자는 사용하지 못한다.",Yes,No,DEPRECATED,"17,363~19,180행 / 60,091~60,830행 / 151,797~152,700행 / 230,220~230,330행 / 231,851~232,620행 / 278,330~278,450행",REF-46 (https://app.notion.com/p/REF-46-3b2baa79eaae81f59dafc3d297935052?pvs=21),작품 고유,"낮은 등급의 피조사자는 검증 마법 비용을 지불하겠다고 해도 정식 요청권이 없다는 이유로 거절당하고, 공개 인질극과 군중·기록 장치가 생긴 뒤에야 동일한 검증 절차에 접근한다. 원탁의 보석은 직접적인 거짓말에는 적색을 내지만, 말하는 사람이 진실이라 믿는 잘못된 정보와 애매한 표현·수수께끼식 답변에는 초록빛을 낸다. 중심 인물은 장치를 앞에 두고 질문을 예·아니오형으로 좁혀 팩트를 확인하고, 상대는 ‘모두의 소망이 향하는 곳’ 같은 해석 가능한 문장으로 정보량을 제한한다. 재판에서는 불리한 질문에 침묵하고 유리한 진실만 말하는 전략이 가능하며, 원탁에서도 짧은 문장으로 초록불을 받은 뒤 추가 질문을 거부할 수 있다. 후반 질문 게임은 답변자가 받을 질문을 선택하고 정체 노출을 이유로 거절할 수 있게 해 질문권 자체를 별도 협상 대상으로 만든다.","진실 판정 장치는 사실 전체를 열어 주는 열쇠가 아니라 특정 문장을 발화자가 얼마나 참이라고 믿는지 확인하는 좁은 센서다. 따라서 정보량과 해석 방향은 질문을 누가 설계하는지, 어떤 전제를 문장에 넣는지, 답변자가 침묵·생략·모호화를 사용할 수 있는지에 의해 결정된다. 장치가 강할수록 노골적인 거짓말은 줄지만, 대신 질문권·답변 선택권·검증 접근권을 둘러싼 제도적 협상이 커진다. 같은 초록불도 객관적 사실, 주관적 확신, 불완전한 문장, 진실한 거절 사유를 구분하지 않으면 서로 반대되는 주장에 동시에 붙을 수 있다.","REF-46 내부에서는 진실 장치의 강도를 거짓말 탐지 정확도로만 보지 않고, 누가 질문할 수 있고 누가 침묵할 수 있으며 어떤 문장 단위가 검증되는지로 판정할 수 있다. 검증 기술이 존재해도 질문·문장·접근권을 가진 쪽이 정보 협상의 우위를 점한다.",중복 등록으로 사용 중지. 정본은 TH-REF46-12 · 진실 판정 장치는 발화자의 확신만 인증해 질문권·묵비권·문장 설계가 협상권을 결정한다 (TH-REF46-12%20%C2%B7%20%EC%A7%84%EC%8B%A4%20%ED%8C%90%EC%A0%95%20%EC%9E%A5%EC%B9%98%EB%8A%94%20%EB%B0%9C%ED%99%94%EC%9E%90%EC%9D%98%20%ED%99%95%EC%8B%A0%EB%A7%8C%20%EC%9D%B8%EC%A6%9D%ED%95%B4%20%EC%A7%88%EB%AC%B8%EA%B6%8C%C2%B7%EB%AC%B5%EB%B9%84%EA%B6%8C%C2%B7%EB%AC%B8%EC%9E%A5%20%EC%84%A4%EA%B3%84%203b2baa79eaae8151975ad0c5e1f503a2.csv) 를 사용한다.,"37~40화의 검증 요청 등급 제한·공개 진실 규명, 125~126화의 원탁 정보 판정과 답변 거부, 307~309화의 예·아니오 질문 설계·심리 기반 오판·수수께끼식 진실 답변, 467화의 묵비권과 부분 진실 전략, 471~472화의 잘못 믿는 정보 통과·최소 발화 뒤 침묵, 572화의 답변 거부 사유 검증과 질문 선택 규칙을 직접 확인했다. 전체 순차 완독과 동일하지 않다."
TH-REF46-13 · 불확실한 정보는 닻 질문·행동 기록·제삼자 공개를 겹쳐야 행동 가능한 신뢰로 바뀐다,REF-46,exact,"초반 공개 재판은 사적 취조에서 거부되던 검증을 기록·군중·고등급 전문가와 결합해 판결을 뒤집는다. 플레이어 정보 시장에서는 직접 소문의 진위를 묻는 대신 알려진 인물과 행동을 닻으로 삼아 판매자의 출처와 설명 구조를 시험한다. 중반 진실게임은 사전에 준비한 질문 목록과 폐쇄형 질문으로 최소 사실을 확보하고, 재판 준비에서는 상대의 침묵 전략을 예상해 증거원을 늘린다. 후반 포로 심문은 사소한 답변으로 반응 기준을 만든 뒤 핵심 정보로 접근하지만, 강압이 정보 신뢰를 훼손할 수 있다는 비용도 함께 드러낸다.","917화 이후 최종 세계 구조와 귀환 정보를 검증할 때 어떤 독립 증거원이 남는지, 왕가·마탑·플레이어 조직이 가진 기록 중 어느 것이 조작되지 않은 기준 자료인지, 강압 없이 적대자의 정보를 검증하는 제도적 절차가 확립되는지.","교차 검증도 객관적 진실을 자동 보장하지 않는다. 공개 기록을 담당한 전문가가 매수되거나 군중이 잘못된 서사에 휩쓸릴 수 있고, 정보 판매자가 아는 사실과 추론을 섞어 말할 수도 있다. 알려진 닻 질문은 출처의 일관성만 높일 뿐 소문의 최종 진위를 증명하지 않는다. 고문과 처벌에 의존한 심문은 진실보다 고통을 멈추기 위한 답을 만들 수 있으며, 심문자가 거짓을 판별한다고 믿는 기준 자체가 틀릴 수 있다. 여러 증거가 같은 권력 관계에서 나왔다면 숫자가 늘어도 독립 증거가 아니다.",Yes,No,VERIFIED_THREAD,"18,407~19,180행 / 43,957~45,080행 / 151,797~152,700행 / 230,220~230,330행 / 236,613~237,250행",REF-46 (https://app.notion.com/p/REF-46-3b2baa79eaae81f59dafc3d297935052?pvs=21),작품 고유,"길드 사건에서 중심 인물은 자기 진술 하나로 무죄를 주장하지 않고, 사건 당사자·조사관·거짓 증인·고등급 마법사·영상 기록·군중을 한 장소에 모아 서로의 발화를 교차시킨다. 정보 시장에서는 직접 확인하기 어려운 재난 소문을 묻지 않고, 이미 실재를 아는 마법사의 최근 행동을 먼저 질문해 판매자가 자발적으로 소문과 연결하는지 확인한다. 판매자의 설명은 학파 목적·실험 조건·왕가의 예상 대응과 맞물리면서 행동 가능한 정보로 격상된다. 진실게임에서는 질문 목록을 준비하고 가능한 항목을 예·아니오로 좁혀 추론 가능한 최소 사실을 확보한다. 법정 분쟁에서는 검증 마법만 믿지 않고 상대의 묵비권과 부분 진술을 예상해 여러 증인과 법률 조력자를 확보한다. 포로 심문에서는 처음부터 핵심을 묻지 않고 침묵·사소한 개인 질문·이름 질문 순으로 반응 기준을 만든다.","이 작품에서 정보는 한 번의 증언이나 장치 반응만으로 확정되지 않는다. 이미 알고 있는 사실을 닻으로 삼은 우회 질문, 답변자가 예상하지 못한 연결, 물적 기록, 독립된 제삼자의 판정, 공개된 자리에서의 반복 진술을 겹쳐야 비로소 행동 기준이 된다. 중요한 것은 모든 증거가 동일한 결론을 말하는가보다 서로 다른 실패 가능성을 보완하는가이다. 진실 장치는 의도적 거짓을 잡지만 잘못된 확신을 놓치고, 증인은 장면을 보았지만 회유될 수 있으며, 기록은 남지만 운영자가 숨길 수 있다. 그래서 검증 묶음은 단일 정답을 선언하기보다 거짓말·오해·은폐의 비용을 단계적으로 높인다.",REF-46 내부에서는 정보 신뢰를 ‘맞다/틀리다’의 단일 판정이 아니라 닻 질문·행동 기록·전문가 판정·제삼자 증언·공개 비용이 서로 다른 오류를 얼마나 차단하는가로 측정할 수 있다. 행동 가능한 신뢰는 증거 수보다 증거원의 독립성과 실패 방식의 차이에서 생긴다.,"최종 선택을 앞두고 기억·기록석·현지 역사·진실 장치·당사자 증언이 충돌할 때 어떤 증거 조합이 행동 기준이 되는지, 서로 다른 조직에서 나온 기록이 실제로 독립적인지 추가 확인한다.","39~40화의 공개 기록·조사관·증인·마법사 교차 검증, 91~93화의 직접 소문 대신 알려진 인물을 닻으로 삼은 정보 구매와 근거 확인, 307~309화의 질문 목록·폐쇄형 질문·답변 지연과 반응 해석, 467화의 증언 회유·묵비권 예상 뒤 복수 증인과 법률 조력자 확보, 481~482화의 무질문 압박·사소한 질문으로 반응 기준 형성·단계적 심문을 직접 확인했다. 전체 순차 완독과 동일하지 않다."
TH-REF46-12 · 진실 판정 장치는 발화자의 확신만 인증해 질문권·묵비권·문장 설계가 협상권을 결정한다,REF-46,exact,"초반 길드 사건에서는 신분이 낮아 검증 장치에 접근하지 못하던 인물이 군중과 기록을 동원해 공개 검증을 강제한다. 중반 원탁에서는 장치가 정보 거래를 유지하지만, 참가자들은 질문을 거부하거나 최소 문장만 말하고도 순번을 끝낸다. 장치 제작자와의 대화에서는 예·아니오 질문이 좁은 사실을 확정하는 반면, 심리적 찜찜함은 사실상 맞는 답에도 적색을 만들고 모호한 선문답은 초록불을 얻는다. 더 먼 집회에서는 잘못된 믿음이 통과해 상반된 주장들이 모두 초록불을 받을 수 있음이 공개되고, 마지막에는 질문 선택과 거절 사유 자체를 장치로 검사하는 규칙이 만들어진다.","917화 이후 진실 보석과 유사한 장치의 최종 소유·작동 여부, 제작자가 결과를 조작할 수 있는지에 대한 완전한 확정, 장치가 사라진 뒤 원탁 구성원들이 질문권과 정보 신뢰를 어떤 규칙으로 대체하는지.","장치가 무용한 것은 아니다. 의도적으로 사실과 다른 문장을 말하면 적색을 내고, 예·아니오형 질문을 연속해 좁은 사실들을 확정하면 추론의 범위를 줄일 수 있다. 공개된 자리에서 여러 사람이 질문과 이의를 이어가면 애매한 문장의 비용도 커진다. 다만 발화자가 잘못된 정보를 확신하거나 핵심 전제를 생략하면 초록불이 객관적 사실을 보장하지 않으며, 검증 요청권이 신분·비용·운영자 권한에 묶이면 장치가 있어도 약자는 사용하지 못한다.",Yes,No,VERIFIED_THREAD,"17,363~19,180행 / 60,091~60,830행 / 151,797~152,700행 / 230,220~230,330행 / 231,851~232,620행 / 278,330~278,450행",REF-46 (https://app.notion.com/p/REF-46-3b2baa79eaae81f59dafc3d297935052?pvs=21),작품 고유,"낮은 등급의 피조사자는 검증 마법 비용을 지불하겠다고 해도 정식 요청권이 없다는 이유로 거절당하고, 공개 인질극과 군중·기록 장치가 생긴 뒤에야 동일한 검증 절차에 접근한다. 원탁의 보석은 직접적인 거짓말에는 적색을 내지만, 말하는 사람이 진실이라 믿는 잘못된 정보와 애매한 표현·수수께끼식 답변에는 초록빛을 낸다. 중심 인물은 장치를 앞에 두고 질문을 예·아니오형으로 좁혀 팩트를 확인하고, 상대는 ‘모두의 소망이 향하는 곳’ 같은 해석 가능한 문장으로 정보량을 제한한다. 재판에서는 불리한 질문에 침묵하고 유리한 진실만 말하는 전략이 가능하며, 원탁에서도 짧은 문장으로 초록불을 받은 뒤 추가 질문을 거부할 수 있다. 후반 질문 게임은 답변자가 받을 질문을 선택하고 정체 노출을 이유로 거절할 수 있게 해 질문권 자체를 별도 협상 대상으로 만든다.","진실 판정 장치는 사실 전체를 열어 주는 열쇠가 아니라 특정 문장을 발화자가 얼마나 참이라고 믿는지 확인하는 좁은 센서다. 따라서 정보량과 해석 방향은 질문을 누가 설계하는지, 어떤 전제를 문장에 넣는지, 답변자가 침묵·생략·모호화를 사용할 수 있는지에 의해 결정된다. 장치가 강할수록 노골적인 거짓말은 줄지만, 대신 질문권·답변 선택권·검증 접근권을 둘러싼 제도적 협상이 커진다. 같은 초록불도 객관적 사실, 주관적 확신, 불완전한 문장, 진실한 거절 사유를 구분하지 않으면 서로 반대되는 주장에 동시에 붙을 수 있다.","REF-46 내부에서는 진실 장치의 강도를 거짓말 탐지 정확도로만 보지 않고, 누가 질문할 수 있고 누가 침묵할 수 있으며 어떤 문장 단위가 검증되는지로 판정할 수 있다. 검증 기술이 존재해도 질문·문장·접근권을 가진 쪽이 정보 협상의 우위를 점한다.","진실 장치가 없는 최종 협상에서도 예·아니오 질문·답변 거부·제삼자 검증 규칙이 유지되는지, 객관적 사실과 발화자의 확신을 구분하는 새 절차가 생기는지 추가 확인한다.","37~40화의 검증 요청 등급 제한·공개 진실 규명, 125~126화의 원탁 정보 판정과 답변 거부, 307~309화의 예·아니오 질문 설계·심리 기반 오판·수수께끼식 진실 답변, 467화의 묵비권과 부분 진실 전략, 471~472화의 잘못 믿는 정보 통과·최소 발화 뒤 침묵, 572화의 답변 거부 사유 검증과 질문 선택 규칙을 직접 확인했다. 전체 순차 완독과 동일하지 않다."
TH-REF46-15 · 실패한 탐사·구조 시도는 가설 폐기·도구 요구·지도 갱신으로 다음 시도의 탐색 공간을 줄인다,REF-46,exact,"균열 실패에서 놓친 징후를 복기하는 개인 학습은 수백 화 뒤 조직적 탐사에서 반복된다. 심해·상공 탐사는 실패 이유를 분리해 같은 시도를 중단하거나 변형하고, 파손 장비는 귀환 뒤 제작할 새 기록구의 요구로 남는다. 정신 지배 사고에서는 레일 역추적 실패와 지도 완성 실패가 차례로 발생하지만, 각각 건물 우선 수색과 숨은 방 가설로 전환된다. 관제실 발견 뒤에는 개인 기억이 아니라 매일 갱신된 지도 복사본이 탐사대 전체의 공용 자산이 된다.","917화 이후 최종 공략에서 누적된 실패 기록과 지도 복사본이 보존되는지, 왕가·마탑이 차세대 기록 장치를 실제로 제작하는지, 조직이 실패 실험의 인명·장비 한도를 정하는 공식 중단 기준을 만드는지.","모든 실패가 유용한 정보를 남기는 것은 아니다. 관측 장비가 완전히 파손되면 원인 추정만 남고, 흐릿한 영상과 목격담은 오판을 강화할 수 있다. ‘한 번 더’라는 실험 권한은 인력과 장비를 소모하며, 조사단장의 반복 실패가 다른 대원의 노동을 강제로 끌어다 쓰는 문제도 생긴다. 중심 인물은 위험한 장소에 직접 들어가 동료의 대기 명령을 무시하고 사고에 노출되기도 한다. 지도 갱신 역시 숨은 통로·움직이는 레일·운영자 개입이 있으면 곧 낡아질 수 있다.",Yes,No,VERIFIED_THREAD,"292,295~292,746행 / 294,099~295,666행 / 296,555~299,739행",REF-46 (https://app.notion.com/p/REF-46-3b2baa79eaae81f59dafc3d297935052?pvs=21),작품 고유,"균열에서 철수한 중심 인물은 결과를 성공으로 포장하지 않고 공략 실패라고 선언한 뒤, 진행 중 무시했던 정신 오염 징후와 회복용 꽃의 배분을 복기해 다음 진입 시 확인할 조건으로 남긴다. 이후 정체불명의 목표 지점에서는 심해 잠수와 상공 비행이 연달아 실패한다. 끝까지 닿지 못한 심해 탐사는 동일 방식의 재시도를 중단하고, 상공 탐사는 추가 목격과 영상 기록을 확보한 뒤 자율 실험 단계로 전환한다. 화살과 무게추에 기록구를 달아 보낸 실험은 충격과 수압으로 장비가 파손되지만, 실패는 어떤 환경에서도 작동하는 차세대 기록 장치의 요구 사양으로 바뀐다. 정신 지배 사고 뒤에는 한 사람씩 구출해 최소 병력을 확보하고, 레일 역주행이 분기 때문에 비효율적임을 확인하자 건물 전체 지도를 먼저 만든다. 지도 완성 뒤에도 감옥이 나오지 않자 ‘지도에 없는 숨은 방’이라는 새 가설로 전환하고, 별도의 관찰자가 발견한 이음새·홈·카드 정보를 결합해 관제실에 도달한다. 이후 레일을 멈추고 탐사대를 투입해 매일 최신 구조도를 복사·배포한다.","실패는 같은 행동을 더 강하게 반복하라는 신호가 아니라 탐색 공간을 줄이는 관측값이다. 어디까지 내려갔는지, 어떤 높이부터 돌풍이 생겼는지, 기록구가 어느 충격에서 깨졌는지, 레일 역추적이 몇 갈래에서 폭발적으로 복잡해지는지를 남기면 다음 시도에서 버릴 방법과 필요한 도구가 정해진다. 지도 100% 완성도 목표물을 찾지 못하면 실패가 아니라 기존 지도 모델에 숨은 층이 없다는 전제를 폐기하는 증거가 된다. 구조 작전 역시 전원을 한 번에 구하려 하지 않고, 안전지점·최소 병력·관제권·최신 지도 순으로 복구 능력을 키운다.",REF-46 내부에서는 실패의 가치를 성공으로 이어졌는가가 아니라 다음 시도에서 제거된 가설·추가된 요구 사양·갱신된 지도 범위로 측정할 수 있다. 재도전의 설득력은 기억력보다 실패를 공용 기록으로 바꾸는 절차에서 생긴다.,"최종 루트에서 기억·지도·기록구가 서로 다른 결과를 가리킬 때 어떤 실패 기록을 폐기하고 어떤 것을 다음 가설의 기준으로 삼는지, 탐사 실험의 중단 권한이 누구에게 있는지 추가 확인한다.","604화의 지하 1층 균열 실패 인정·정신 오염 징후 복기·새 조건 기록, 608~612화의 심해·상공 탐사 실패·복수 목격과 영상 기록·파손된 기록구·차세대 장비 요구, 614~622화의 정신 지배 사고·단계적 구조·레일 역추적 포기·건물 지도 완성·숨은 방 가설 수정·관제실 발견·매일 갱신되는 레일 구조도 배포를 직접 확인했다. 전체 순차 완독과 동일하지 않다."
TH-REF46-14 · 사망·부상 보고는 역할 공백과 지휘 책임을 다음 편제로 넘기는 인력 손실 장부가 된다,REF-46,exact,"계층군주전에서는 폭동으로 전위가 지원을 잃고 27명이 죽은 뒤, 남은 직군 분포를 보고해 수호자 공백을 확인하고 중심 인물에게 희귀 정수와 지원 자원을 집중한다. 수백 화 뒤 1등급 전투에서는 사망자 이름을 실시간 보고하고, 수호자 이탈 뒤 3분간 발생한 대량 사망을 별도로 계산한다. 전투 뒤에는 인원 재편이 예정되고, 더 먼 균열 실패에서 사령관까지 사망하자 단순 보충을 넘어 지휘권 승계와 직업별 책임 구조 개편으로 이어진다.","후반 대규모 전쟁과 917화 이후 최종 공략에서 손실 장부가 실제 보충·퇴각 기준으로 어떻게 작동하는지, 전사자 가족·소속 조직에 대한 책임이 어떤 절차로 정산되는지, 직업별 책임 체계가 도시 귀환 뒤에도 유지되는지.","손실을 정확히 보고한다고 사망을 예방하거나 책임이 정의롭게 배분되는 것은 아니다. 계층군주전의 클랜은 보호비 계약과 내부 생존을 우선하며 비클랜 탐험가를 미끼로 이용하고, 왕가 사령관은 몇 명이 죽더라도 임무와 특정 인물의 생존을 달성하면 성공이라고 판정한다. 새 지휘 체계도 책임자를 세우는 만큼 하급자의 실패를 위로 전가하거나 반대로 책임자에게 과도하게 집중시킬 수 있다. 수치와 직군 분류는 죽은 사람의 관계·약속·전문성을 완전히 대체하지 못한다.",Yes,No,VERIFIED_THREAD,"31,803~35,638행 / 271,429~273,764행 / 292,295~294,098행",REF-46 (https://app.notion.com/p/REF-46-3b2baa79eaae81f59dafc3d297935052?pvs=21),작품 고유,"초기 대형 클랜은 계층군주와 싸우며 사망자를 실시간 집계하고도 전열을 유지하지만, 보호 대상의 폭동으로 전위 지원이 끊기자 근접 전사들이 전멸에 가까운 피해를 입는다. 생존자 보고에서 ‘근접 전사 둘뿐’이라는 역할 공백이 확인되자, 지휘관은 희귀 정수·도핑·지원 이능을 한 명에게 집중해 임시 수호자를 만든다. 훗날 왕가 탐사군은 1등급 마물전에서 전사자 이름과 소속을 전투 중 계속 보고하고, 전투 뒤 경상·중상·전사 숫자를 구분한다. 중심 수호자가 기절한 3분 동안 전사자 21명이 발생한 사실은 탱커 역할의 공백이 단순 전투력 감소가 아니라 전체 배치 붕괴임을 증명한다. 이후 전사자 누적으로 조별 균형을 다시 맞추고, 사령관 사망 뒤에는 승계권을 둘러싼 논쟁과 투표를 거쳐 새 지휘자를 세운다. 새 지휘자는 네 개의 균등 조를 그대로 두기보다 마법·신관·원거리·근접·기사·탱커·지원·비전투 직군별 책임자를 두어 손실과 명령의 귀속점을 다시 만든다.","이 작품에서 사망자 수는 비극을 강조하는 장식이 아니라 다음 작전의 조직도를 바꾸는 입력값이다. 누가 죽었는지, 어느 시점에 어떤 지원이 끊겼는지, 어느 역할이 비었는지를 보고해야만 희귀 자원을 어디에 투자하고 누구를 후방에 두며 지휘권을 누구에게 넘길지 결정할 수 있다. 손실 장부는 ‘몇 명이 죽었는가’보다 ‘어떤 기능과 책임이 사라졌는가’를 기록한다. 동시에 지휘관은 결정을 맡는 대가로 손실의 책임을 인수하지만, 임무 성공을 사람의 생존보다 우선하는 지휘관도 존재해 책임 선언이 곧 보호 윤리를 뜻하지는 않는다.","REF-46 내부에서는 전투 손실을 감정적 희생이나 숫자 합계로만 처리하지 않고, 사라진 역할·지원선·명령권을 다음 편제와 자원 투자에 반영할 때 재도전의 변화량이 생긴다. 손실 보고는 애도의 종결이 아니라 다음 배치의 시작이다.","최종 위기에서 역할 공백이 발생했을 때 지휘관이 임무 지속과 철수 중 무엇을 선택하는지, 전사자 수가 아니라 기능 상실률을 기준으로 한 중단 규칙이 마련되는지 추가 확인한다.","67~73화의 계층군주 방어전·폭동·전사 27명·수호자 공백과 임시 전력 재구성, 556~560화의 기존 전사자 7명·1등급 전투 준비·전사자 28명과 탱커 이탈 뒤 3분간 21명 사망·인원 재편 예고, 604~607화의 균열 실패·사령관 사망·지휘권 승계·직업별 책임 체계 개편을 직접 확인했다. 전체 순차 완독과 동일하지 않다."
TH-REF46-17 · 공동 전리품은 현금 분배·개인 매입·공용 비축·군자금으로 용도별 권리를 분리해 보존된다,REF-46,exact,"희귀 정수의 외부 소유권 분쟁은 무력 충돌 직전까지 가지만 관례와 마법사들의 협상으로 정리되고, 내부에서는 판매와 흡수 중 어느 쪽이 팀 전체에 유리한지 다시 논의한다. 다음 대형 정산에서는 획득물을 현금·특수 노동·공용 소모품·개인 매입·공용 장비로 세분화해 장부화한다. 훨씬 뒤 원정대 단위에서는 개별 전리품을 군자금으로 통합하고 처분 권한을 지휘자에게 맡기지만, 희귀 소재의 제작 대상은 공동 판단으로 남겨 개인 파티의 사용권 분리가 조직 규모로 확대된다.","917화 이후 클랜 공금·공용 장비·희귀 정수의 최종 소유 주체, 지휘자 교체나 조직 해산 시 군자금과 공용 물품의 귀속, 내부 매입 기회가 복수 희망자 사이에서 어떻게 배분되는지.","소유권 관례는 법처럼 확정적이지 않아 희귀 보상이 걸리면 무력 분쟁으로 쉽게 붕괴한다. 내부 매입 제도는 공동체 몫을 보존하지만 현금이 부족한 구성원을 빚에 묶고, 부유한 구성원이 좋은 장비를 선점하기 쉽게 만들 수 있다. 공용 물품 지정도 미래 공략이라는 명분 아래 개인 지불을 피하려는 전략으로 오해받을 수 있다. 원정대가 전리품과 사용 권한을 지휘자 한 명에게 맡기는 장면에서는 감시·정기 보고·거부 절차가 확인되지 않아 신뢰가 잘못된 리더에게 집중될 위험이 남는다.",Yes,No,VERIFIED_THREAD,"80,555~80,980행 / 99,579~99,680행 / 220,679~221,050행",REF-46 (https://app.notion.com/p/REF-46-3b2baa79eaae81f59dafc3d297935052?pvs=21),작품 고유,"다른 팀이 사냥 중인 몬스터의 마지막 타격을 가한 뒤 희귀 정수가 나오자 양측은 소유권을 주장한다. 기존 관례는 먼저 사냥하던 팀의 권리를 지지하지만, 관례 위반이 곧 법적 강제는 아니며 위원회가 개인 분쟁으로 처리할 가능성도 제시된다. 소유권이 자기 팀에 남은 뒤에는 리더가 독단적으로 흡수하지 않고 판매할지 특정 구성원이 사용할지를 논의하며, 팀원이 정수를 취할 경우 판매가 일부를 공동체에 지불하는 내부 매입 규칙이 작동한다. 후속 정산에서는 마석과 전투 소득은 균등 현금화하고, 마법으로 보존한 약초는 특수 노동 가산을 적용하며, 포션은 판매하지 않고 공용 소모품으로 남긴다. 개인이 가져갈 장비는 시세보다 낮은 내부 가격을 공동체에 지불하지만, 미래 공략에 필요한 넘버스 아이템은 개인 물품에서 제외해 팀 공용으로 보관한다. 더 큰 원정대에서는 회수한 장비 대부분을 지휘자에게 맡겨 군자금으로 전환하되, 재가공 소재로 무엇을 만들지는 추후 구성원 모두가 납득할 이유를 제시해 공동 결정하기로 한다.","공동으로 얻었다는 사실만으로 모든 물건을 같은 방식으로 나누지 않는다. 먼저 외부 집단과의 관계에서는 발견·사냥·마지막 타격 중 무엇이 소유권을 만드는지 관례와 공개 절차로 경계를 정한다. 소유권이 확정된 뒤에는 현금 수익권, 개인 사용권, 공용 보유권, 처분권을 다시 분리한다. 즉 개인이 물건을 들고 있다고 해서 완전한 사유재산이 되는 것이 아니며, 공동체에 내부 가격을 지급하거나 미래 공략에 사용할 의무가 붙을 수 있다. 규모가 커지면 처분 실무는 리더에게 위임되지만, 군자금의 목적과 희귀 소재의 최종 사용은 집단적 정당화를 요구한다.","REF-46 내부에서는 공동 획득물의 공정성을 동일 비율로 쪼개는 데서 찾지 않는다. 소유권을 먼저 확정한 뒤 현금 수익·개인 사용·공용 비축·처분 권한을 목적에 따라 분리하고, 개인화에는 공동체 보상이나 미래 사용 의무를 붙일 때 장기 파티의 자산이 보존된다.","클랜 규모에서 개인 사용 희망자가 여럿일 때 가격 외에 공략 적합성·기여·위험 부담을 어떤 절차로 비교하는지, 공용 물품을 처분하거나 개인화할 때 누가 거부권을 갖는지 추가 확인한다.","167화의 외부 팀 개입으로 발생한 정수 소유권 분쟁·관례와 위원회 판단 가능성·팀 내부 판매 결정, 202화 전후의 최종 결산에서 균등 현금·특수 전리품 가산·공용 소모품·개인 전리품 내부 매입·팀 공용 아이템 구분, 447화의 원정대 전리품 군자금 전환·재가공 소재의 공동 사용 결정권을 직접 확인했다. 전체 순차 완독과 동일하지 않다."
TH-REF46-16 · 분배 비율은 현재 기여와 특수 노동을 가격화하고 성장 뒤 재협상되는 동료 계약이다,REF-46,exact,"첫 임시 동행에서는 생존 위기와 정보 격차가 9:1이라는 불균등 계약을 만들지만, 약속된 비율 자체는 종료 뒤에도 강제력을 가진다. 수백 화 뒤 정식 파티 창설에서는 모든 구성원이 자기 노동과 생활 책임을 근거로 몫을 협상하고, 미래 성장 뒤 재조정을 계약 안에 포함한다. 이후 실제 성장한 구성원의 비율이 15%에서 20%로 올라 균등 분배가 성립한다. 더 먼 사후 구간에서는 중심 인물이 다섯 동료에게 유산 비율을 동일하게 지정해 특정 친밀 관계를 우대하지 않고, 분배로 인한 서운함이 파티를 해체하지 않도록 한다.","917화 이후 최종 파티와 클랜의 일반 전리품·특수 노동·지휘 책임 비율, 장기 부재자와 비전투 인력의 몫, 유산 균등 비율이 실제 소유권 이전까지 그대로 집행되는지.","합의된 비율이라고 항상 자유롭고 공정한 것은 아니다. 초기 신입은 추격과 부상 때문에 9:1 계약을 거절하기 어려웠고, 정보와 전투력을 가진 쪽이 협상 조건을 사실상 독점했다. 균등 분배가 성립한 뒤에도 특수 전리품 가산은 유지되며, 정수를 직접 흡수한 구성원은 자기 몫을 받아도 내부 매입 비용 때문에 빚만 늘 수 있다. 리더의 지도·정보·책임 노동은 분배율에 충분히 반영되지 않았다는 불만도 남는다. 다른 클랜에서는 등급별 비율을 고정하고 몰이꾼처럼 실제 노동을 하는 구성원에게 정산 몫을 주지 않아, 재협상 가능한 분배 계약이 세계 전체의 보편 규칙은 아니다.",Yes,No,VERIFIED_THREAD,"3,883~7,845행 / 76,559~76,825행 / 83,337~83,419행 / 154,253~155,091행",REF-46 (https://app.notion.com/p/REF-46-3b2baa79eaae81f59dafc3d297935052?pvs=21),작품 고유,"초기 중심 인물은 추격당하는 신입에게 생존·보호와 2층 진입을 제공하는 대신 전리품 90%를 갖는 임시 계약을 맺는다. 계약 종료 뒤 상대의 가족이 공동 획득 정수의 절반값만 제시하자 약속된 9:1 비율을 근거로 부족분을 요구하고, 다음 장기 동행에는 5:5를 제안해 임시 위험 계약과 미래 파티 계약을 분리한다. 정식 5인 파티를 만들 때는 현재 전투 등급·길잡이 기능·마법사의 시험관과 부산물 획득 능력을 각각 가격화해 일반 전리품 비율과 특수 전리품 가산을 협상한다. 동시에 약한 구성원이 성장해 한 사람 몫을 하게 되면 비율을 다시 정하기로 명시한다. 실제로 핵심 정수를 얻고 전투력이 올라간 구성원은 다음 정산부터 20%로 인상되어 전원이 일반 전리품을 균등하게 받는다. 중심 인물이 사망한 것으로 여겨진 뒤 남긴 유서도 다섯 동료에게 재산 비율을 20%씩 동일하게 두어 생전의 분배 관계를 사후 공동체 유지 장치로 연장한다.","분배율은 단순한 경제 계산이 아니라 현재 관계에서 누구를 완전한 동료로 인정하는지를 수치로 표시하는 계약이다. 위험 구조와 정보 우위가 큰 임시 동행에서는 비율이 극단적으로 불균등하지만, 장기 동행 의사가 생기면 균등 계약을 별도로 제안한다. 정식 파티에서는 전투력뿐 아니라 길찾기·마법적 채취·시험관 보존처럼 다른 사람이 대체하기 어려운 노동도 별도 몫으로 환산된다. 중요한 점은 최초 비율이 신분처럼 고정되지 않는다는 것이다. 성장과 실제 역할 수행이 확인되면 당사자가 직접 요구하지 않아도 재협상되며, 최종 균등 비율은 감정적 친밀감보다 현재 기여를 서로 인정한 결과가 된다.","REF-46 내부에서 분배율은 친밀감의 보상이 아니라 현재 기여·희소 노동·위험 부담을 가격화한 관계 상태표다. 장기 공동체의 신뢰는 처음부터 같은 몫을 주는 데서보다, 역할 변화가 생겼을 때 비율을 실제로 다시 여는 데서 형성된다.","클랜 규모로 확대된 뒤에도 구성원의 성장과 역할 변화에 따라 비율을 정기적으로 갱신하는지, 지휘·행정·연구처럼 전투 외 노동이 어떤 기준으로 몫을 얻는지 추가 확인한다.","9~17화의 생존 위험 속 9:1 임시 계약·약속된 비율의 실제 정산·향후 5:5 제안, 159화의 정식 파티 분배 협상·특수 전리품 가산·향후 재협상 조건, 173화의 성장 후 20% 균등 분배 전환, 312화의 사후 유산 5인 균등 비율과 타 클랜의 등급제·무배당 노동자 대비를 직접 확인했다. 전체 순차 완독과 동일하지 않다."
검토 완료 · 원본 묶음 · REF-01-20260805-193858-618314,REF-01,exact,기존 REF-01 TH에 이미 반영된 축과 중복,원 초안의 광범위한 단일 TH 정의는 기존 TH 경계를 중복하므로 폐기하지 않고 원본 QA 기록으로 보존,하나의 생존 자원 계산 TH로 묶으면 삶의 방식·생활 세계·사건 엔진의 경계가 소실됨,Yes,No,REVISE,block 1~11,REF-01 (https://app.notion.com/p/REF-01-b1ebaa79eaae82449d4781d49d57197f?pvs=21),복합 유사,본문 TH 판정 및 근거 참조 — 미확정,본문 TH 판정 참조 — 검토 대기,,기존 TH-REF01-ENG-01·WLD-01·EVT-01 보강 근거로만 재배치; 독립 TH 승격 없음,packets REF-01-20260805-193858-618314 source_material; block 1~11
검토 완료 · 원본 묶음 · REF-01-20260805-205009-b59641,REF-01,exact,독립 TH 두 건으로 이관,다른 추격 아크와 초기 기술 재현 후보의 장기 연결,도주 구조와 기술 감각 복원을 한 TH로 묶으면 사건 엔진과 성장 판단의 경계가 흐려짐,Yes,No,REVISE,block 516~526,REF-01 (https://app.notion.com/p/REF-01-b1ebaa79eaae82449d4781d49d57197f?pvs=21),작품 고유,본문 TH 판정 및 근거 참조 — 미확정,본문 TH 판정 참조 — 검토 대기,,TH-REF01-EVT-03과 TH-REF01-ENG-04로 분리 완료,packets REF-01-20260805-205009-b59641 source_material; block 516~526
검토 완료 · 원본 묶음 · REF-01-20260805-201910-8e98d7,REF-01,exact,두 독립 TH와 한 후속 질문으로 이관,불완전 재현 실험 후보의 잘린 작동 사슬과 먼 회수,분신 분업·이동 수련·기술 재현은 서로 다른 문제를 해결함,Yes,No,REVISE,block 274~284,REF-01 (https://app.notion.com/p/REF-01-b1ebaa79eaae82449d4781d49d57197f?pvs=21),복합 유사,본문 TH 판정 및 근거 참조 — 미확정,본문 TH 판정 참조 — 검토 대기,,TH-REF01-ENG-02와 TH-REF01-ENG-03으로 분리 완료; 불완전 재현 후보는 TH-REF01-ENG-04의 다음 질문으로 보존,packets REF-01-20260805-201910-8e98d7 source_material; block 274~284
검토 완료 · 원본 묶음 · REF-01-20260805-211831-299ece,REF-01,exact,TH-REF01-EVT-04 한 건으로 이관,강적 파훼의 다른 적·실패 사례와 조직 접촉 반복,단일 전투의 약점 해명은 장면 가치가 있으나 독립 TH의 먼 반복 근거가 부족함,Yes,No,REVISE,block 732~742,REF-01 (https://app.notion.com/p/REF-01-b1ebaa79eaae82449d4781d49d57197f?pvs=21),작품 고유,본문 TH 판정 및 근거 참조 — 미확정,본문 TH 판정 참조 — 검토 대기,,공개 수요 유인 후보를 TH-REF01-EVT-04로 이관; 강적 생존 구조 해명 후보는 장기 반복 부족으로 독립 승격하지 않음,packets REF-01-20260805-211831-299ece source_material; block 732~742
검토 완료 · 원본 묶음 · REF-01-20260805-201623-6ddc6c,REF-01,exact,독립 TH 두 건으로 이관,분리된 두 TH의 먼 재등장과 안전장치 제거의 장기 반복,하나의 묶음에서 자원 보존·집단 분열·위험 선택을 함께 다루면 해결하는 문제가 서로 달라짐,Yes,No,REVISE,block 252~262,REF-01 (https://app.notion.com/p/REF-01-b1ebaa79eaae82449d4781d49d57197f?pvs=21),작품 고유,본문 TH 판정 및 근거 참조 — 미확정,본문 TH 판정 참조 — 검토 대기,,TH-REF01-RES-02와 TH-REF01-EVT-02로 분리 완료; 안전장치 제거 후보는 장기 성향 근거 부족으로 미승격,packets REF-01-20260805-201623-6ddc6c source_material; block 252~262
검토 완료 · 원본 묶음 · REF-02-20260805-215845-b68d41,REF-02,exact,TH-REF02-REL-03에 이관,시험 실패·조직 내부 반대·장기 신뢰 변화,기능 중심 자기소개 한 문장만으로는 관계 메커니즘을 증명하지 못하며 조사·사과·의뢰·보상 사슬이 필요함,Yes,No,REVISE,unit 119~123,REF-02 (https://app.notion.com/p/REF-02-242baa79eaae82f09f8a81cb120e78ad?pvs=21),작품 고유,미확정,검증을 역이용하는 상호 선별 후보 — 검토 대기,,상호 선별 후보를 TH-REF02-REL-03으로 분리 완료; 나머지 Macro·Micro 후보는 TH 승격 근거로 사용하지 않음,packets REF-02-20260805-215845-b68d41 source_material; unit 119~123
검토 완료 · 원본 묶음 · REF-02-20260805-232145-f81560,REF-02,unresolved,인접 변형 후보는 있으나 검증 사슬 불완전,"미복원 인용 1건, 203화와 205~207화 변형의 결과, 제3자 권한 재배치 후속",직접 처치와 제3자 검증·교섭 중단은 결과 구조가 달라 하나의 메커니즘으로 확정하기 어려움,Yes,No,REVISE,unit 203~207,REF-02 (https://app.notion.com/p/REF-02-242baa79eaae82f09f8a81cb120e78ad?pvs=21),판정 보류,미확정,외부 포섭 제안의 실질 목적 폭로와 자원·권한 전환 후보 — 검토 대기,,외부 포섭의 실질 목적 폭로 후보는 본문 종결·반례·후속 결과가 불완전해 독립 TH 승격하지 않음,packets REF-02-20260805-232145-f81560 source_material; unit 203~207
검토 완료 · 원본 묶음 · REF-01-20260805-205835-8374ab,REF-01,exact,TH-REF01-WLD-02에 병합,직접 근거 보강 필요 판단 1건과 비경 밖 측정 실패 사례,단일 구간만으로 별도 TH를 만들면 같은 제약 환경 측정 메커니즘이 중복됨,Yes,No,REVISE,block 582~592,REF-01 (https://app.notion.com/p/REF-01-b1ebaa79eaae82449d4781d49d57197f?pvs=21),동일 메커니즘,본문 후보 참조 — 미확정,제약 환경 측정과 기존 능력의 상대적 우위 재구성 후보 — 검토 대기,,REF-01-20260805-212113-66c8b5의 환경 측정 후보와 병합해 TH-REF01-WLD-02로 이관 완료,packets REF-01-20260805-205835-8374ab source_material; block 582~592
검토 완료 · 원본 묶음 · REF-02-20260805-215724-842462,REF-02,unresolved,독립 TH 네 건과 병합 TH 한 건에 이관,미복원 인용 1건은 승격 근거에서 제외; 각 TH의 장기 반복·실패 사례,평가·신뢰·사건 선점·장비 개조·기술 성장은 서로 다른 문제를 해결하므로 한 묶음으로 유지 불가,Yes,No,REVISE,unit 114~118,REF-02 (https://app.notion.com/p/REF-02-242baa79eaae82f09f8a81cb120e78ad?pvs=21),복합 유사,미확정,평가 행동화·기능적 신뢰·이벤트 선점·기능 보존형 개조·목적 재정의 성장 후보 — 검토 대기,,TH-REF02-REL-01·REL-02·EVT-01·EXP-01로 분리하고 기술 재정의 후보는 TH-REF02-TEC-01에 병합 완료,packets REF-02-20260805-215724-842462 source_material; unit 114~118
검토 완료 · 원본 묶음 · REF-02-20260805-213439-08dcaa,REF-02,exact,미확인,오해가 유지·해소되는 후속 범위와 독자 정보/인물 정보 차이의 반복,정보 제한만으로는 오해 메커니즘과 단순 정보 누락을 구분할 수 없음,Yes,No,REVISE,unit 32~36,REF-02 (https://app.notion.com/p/REF-02-242baa79eaae82f09f8a81cb120e78ad?pvs=21),판정 보류,미확정,정보 제한과 합리적 오해를 이용한 전투 결과 은폐 후보 — 검토 대기,,정보 제한과 합리적 오해 후보는 작동 사슬·반례·후속 해소가 부족해 독립 TH 승격하지 않음,packets REF-02-20260805-213439-08dcaa source_material; unit 32~36
검토 완료 · 원본 묶음 · REF-03-20260805-234705-19079d,REF-03,unresolved,독립 TH 세 건으로 이관,미복원 인용 2건은 승격 근거에서 제외; 중후반 세계 선택·실패·지도화 반복,바람의 세계 조건·실패 학습·탐험 운영은 연결되지만 해결하는 연구 문제가 달라 개별 TH로 분리함,Yes,No,REVISE,unit 1~5,REF-03 (https://app.notion.com/p/REF-03-b61baa79eaae8295a565812d4f66d82d?pvs=21),작품 고유,미확정,"바람의 보상·위험 결합, 실패 비용의 안전 조건 전환, 탐험 운영 후보 — 검토 대기",,TH-REF03-WLD-01·ENG-01·EVT-01로 분리 완료,packets REF-03-20260805-234705-19079d source_material; unit 1~5
검토 완료 · 원본 묶음 · REF-01-20260805-212113-66c8b5,REF-01,exact,독립 TH 두 건에 이관,압도 전력의 다른 기능 분해 사례와 잠재 보상 보류의 후속 비용,환경 측정·행동 보류·전력 기능 분해는 해결하는 문제가 달라 묶음 TH로 유지할 수 없음,Yes,No,REVISE,block 753~763,REF-01 (https://app.notion.com/p/REF-01-b1ebaa79eaae82449d4781d49d57197f?pvs=21),복합 유사,본문 후보 참조 — 미확정,제약 환경 재분류·적대 행동 보류·압도 전력 기능 분해 후보 — 검토 대기,,"환경 측정 후보는 TH-REF01-WLD-02로 병합, 적대 행동 보류 후보는 TH-REF01-CHR-02로 분리; 압도 전력 기능 분해는 독립 승격 보류",packets REF-01-20260805-212113-66c8b5 source_material; block 753~763
검토 완료 · 원본 묶음 · REF-02-20260805-214543-b2e542,REF-02,exact,TH-REF02-TEC-01과 TH-REF02-CHR-01에 이관,구조 파훼 실패·비용 사례와 틀린 인물 추론의 관계 비용,기술 파훼와 인물 판단을 한 TH로 묶으면 기술·캐릭터 연구 경계가 사라짐,Yes,No,REVISE,unit 71~75,REF-02 (https://app.notion.com/p/REF-02-242baa79eaae82f09f8a81cb120e78ad?pvs=21),복합 유사,미확정,법술 구조 관찰·인물 판단 기준 역추론·역할 복구 우선 협업 후보 — 검토 대기,,"술식 구조 후보는 TH-REF02-TEC-01로 병합·THREAD 승격, 인물 예외 추론은 TH-REF02-CHR-01로 분리 완료",packets REF-02-20260805-214543-b2e542 source_material; unit 71~75
TH-REF01-ENG-04 · 실전 목표를 낮춰 과거 기술 감각을 복원한다,REF-01,exact,초기 불완전 재현 구간과의 연결 가능성은 있으나 해당 후보 본문이 불완전함,block 275~284의 불완전 재현 후보 재구성,부분 성공은 승리를 보장하지 않고 신체 비용이 지속된다.,Yes,No,VERIFIED_SCENE,"block 519~520, 525",REF-01 (https://app.notion.com/p/REF-01-b1ebaa79eaae82449d4781d49d57197f?pvs=21),복합 유사,과거 감각 회상→정면 재현 실패→목표 축소→부분 성공→적 공격의 상호 충돌→감각 복원,"압도적 공격을 그대로 되돌리는 목표가 실패하자 궤도를 비껴내는 낮은 목표로 바꾸고, 그 성공을 통해 과거의 기술 감각을 복원한다.",,초기 실험과 현재 실전 복원이 하나의 장기 스레드인지 재확인할 수 있는가?,REF-01-20260805-205009-b59641 / block 516~526
TH-REF01-RES-02 · 희귀 자원을 즉시 소비하지 않고 성장 환경으로 보존한다,REF-01,exact,먼 회차 반복 미확인,다른 희귀 자원과 실패한 보존 사례,은닉 재료 부족으로 약식 진법을 사용하며 발각 가능성이 남는다.,Yes,No,VERIFIED_SCENE,"block 252~253, 257",REF-01 (https://app.notion.com/p/REF-01-b1ebaa79eaae82449d4781d49d57197f?pvs=21),작품 고유,희귀 자원 발견→생존 상태의 장기 가치 확인→은닉·경비→성장 조건 확보→뿌리째 이식→반복 수련 편입,희귀 자원을 소모품이 아니라 장기 성장 환경으로 전환한다. 획득 지연 자체가 손실 회피가 아니라 이후 수련과 관조를 가능하게 하는 선택이다.,,획득 지연이 장기적으로 회수되지 않거나 손실되는 사례가 있는가?,REF-01-20260805-201623-6ddc6c / block 252~262
TH-REF01-CHR-02 · 잠재 보상을 보존하기 위해 적대 행동을 보류한다,REF-01,exact,인접 두 구간의 회수,보상 보존 때문에 실제 손실을 입는 사례,매장물이 길하지 않다는 경고 이후 최종 선택은 미확인이다.,Yes,No,VERIFIED_SCENE,"block 756, 761~762",REF-01 (https://app.notion.com/p/REF-01-b1ebaa79eaae82449d4781d49d57197f?pvs=21),작품 고유,적 확인→공격 이익과 잠재 손실 비교→공격 보류→매장물 후보 등장→위험 경고로 재판단 압박,적대 세력을 즉시 제거하는 확정 이익보다 그들이 찾을 가능성이 있는 정보·매장물의 잠재 가치를 보존한다.,,잠재 가치가 불길한 위험으로 바뀌면 보류 기준은 어떻게 수정되는가?,REF-01-20260805-212113-66c8b5 / block 753~763
TH-REF01-EVT-02 · 독점 보상을 공동전선의 내부 경쟁으로 뒤집는다,REF-01,exact,동일 대규모 전투 안의 변형만 확인,다른 집단전과 역으로 결속이 강화되는 사례,후반 생존자들은 방어 진법을 만들어 실제 협력에 성공한다.,Yes,No,VERIFIED_SCENE,"block 254~255, 258~261",REF-01 (https://app.notion.com/p/REF-01-b1ebaa79eaae82449d4781d49d57197f?pvs=21),작품 고유,자원 독점→공동 약탈 계획→보상 대표자에게 이동→시선·위험 집중→목표 분열→내부 공격→포위 붕괴,공동 적을 향한 집단도 보상 분배가 불가능하면 경쟁자 집단으로 재분류된다. 주인공은 보상의 물리적 이동으로 이미 존재하던 불신을 가시화한다.,,보상 이동이 집단을 분열시키지 못하는 조건은 무엇인가?,REF-01-20260805-201623-6ddc6c / block 252~262
TH-REF01-ENG-03 · 이동 시간을 반복 수련의 자원으로 바꾼다,REF-01,exact,같은 범위 안 두 이동 구간,외부 사건이 수련 계획을 무너뜨리는 사례,모든 이동이 성장으로 전환되는지는 확인되지 않았다.,Yes,No,VERIFIED_SCENE,"block 275~278, 282~284",REF-01 (https://app.notion.com/p/REF-01-b1ebaa79eaae82449d4781d49d57197f?pvs=21),복합 유사,장거리 이동→이동 기술 반복 사용→효율·숙련 상승→목적지 사건→다음 이동 수련 계획,장거리 이동과 시간 경과를 사건 공백으로 처리하지 않고 이동 방식 자체를 훈련과 숙련도 상승에 사용한다.,,어떤 능력·자원 조건에서만 이동 시간이 수련 자원이 되는가?,REF-01-20260805-201910-8e98d7 / block 274~284
TH-REF01-WLD-02 · 제약 환경을 측정해 위험·자원·전술로 재분류한다,REF-01,exact,떨어진 두 구간에서 측정과 재분류가 반복되지만 장기 실패 축적은 부족,비경 밖 제약 환경과 측정 실패 사례,"냉기 안개가 자원이면서 즉시 동결 위험이며, 205835 묶음의 직접 근거 보강 필요 판단 1건이 남아 있다.",Yes,No,VERIFIED_SCENE,"block 582~592, 753, 755~756",REF-01 (https://app.notion.com/p/REF-01-b1ebaa79eaae82449d4781d49d57197f?pvs=21),동일 메커니즘,제약 진입→신식·비행·원기 수치 측정→기존 능력 상대 우위 확인→환경 자원 시험→신체 위험 노출→분신·수련장으로 사용 조건 재설계,낯선 비경의 제한을 배경 설명으로 두지 않고 수치와 신체 반응으로 측정해 기존 능력의 상대 우위·수련 효율·유격전 조건·자원 위험으로 다시 분류한다.,,측정 불가능하거나 잘못 측정한 환경에서 판단이 어떻게 무너지는가?,REF-01-20260805-205835-8374ab + REF-01-20260805-212113-66c8b5
TH-REF01-EVT-03 · 추적자를 환경·미끼·분신의 충돌 구조로 돌린다,REF-01,exact,한 장기 추격 아크 안 반복·변형,다른 추격 아크와 전술 실패의 장기 결과,"경맥 파열 위험, 독, 괴뢰 파괴, 신체 손상, 전송진에 의한 추적 재개가 발생한다.",Yes,No,VERIFIED_SCENE,"block 516~520, 523~526",REF-01 (https://app.notion.com/p/REF-01-b1ebaa79eaae82449d4781d49d57197f?pvs=21),작품 고유,추적 확인→환경 위험과 공격 조건 파악→미끼·분신·함정 선택→공격 방향 유도→본체 재배치→부분 손상·지연→새 추적 수단에 재변형,직접 격파할 수 없는 추적자를 처치 대상으로 고정하지 않고 환경 생물·괴뢰·분신·진혈과 충돌시키며 탈출 경로를 갱신한다.,,같은 방식이 조직적 대응을 만난 뒤에도 유지되는가?,REF-01-20260805-205009-b59641 / block 516~526
TH-REF01-ENG-02 · 분신의 결함을 반복 노동의 생산 분업으로 전환한다,REF-01,exact,먼 회차 반복 미확인,분업의 장기 지속과 실패 비용,독립 욕망·명령 거부·본체와의 갈등은 확인되지 않았다.,Yes,No,VERIFIED_SCENE,block 274~275,REF-01 (https://app.notion.com/p/REF-01-b1ebaa79eaae82449d4781d49d57197f?pvs=21),작품 고유,분신 생성→본체와 다른 감정·법력 확인→노동 실패→반복 수련→생산 담당 정착,분신의 불완전함을 실패로 폐기하지 않고 반복 노동과 수련을 맡기는 생산 역할로 바꾼다.,,분신의 역할이 성장 뒤에도 생산 분업으로 유지되는가?,REF-01-20260805-201910-8e98d7 / block 274~284
TH-REF01-EVT-04 · 공개 수요로 만든 함정을 정보·전투 기회로 역이용한다,REF-01,exact,다른 거래·조직 접촉 반복 미확인,조직 가입 없이 반복 정보 획득이 가능한지,역이용에는 성공했지만 어느 조직이 장기 적대 세력인지 미확인이다.,Yes,No,VERIFIED_SCENE,block 732~736,REF-01 (https://app.notion.com/p/REF-01-b1ebaa79eaae82449d4781d49d57197f?pvs=21),작품 고유,공개 수요→감시·약탈 계획→유인 접촉→표면 협상과 비공개 정보 분리→전투·정보 획득,공개 거래 수요가 적대 조직의 유인책으로 바뀌자 함정을 회피하는 대신 조직 정체와 전투 정보를 얻는 접촉 기회로 재정의한다.,,상대가 유인 역이용을 예상할 때 이 구조는 어떻게 실패하는가?,REF-01-20260805-211831-299ece / block 732~742
TH-REF02-TEC-01 · 술식 구조를 목적 단위로 해체·재설계한다,REF-02,exact,71~75의 저주·주령·방어막과 118~119의 관통 기술로 먼 반복·변형 확인,구조 파악 실패·영력 차이로 재설계가 무너지는 사례,"구조를 볼 시간과 접근 지식이 필요하고, 머리를 관통해도 적이 생존해 처치력 한계가 드러난다.",Yes,No,VERIFIED_THREAD,"unit 71~75, 118~119",REF-02 (https://app.notion.com/p/REF-02-242baa79eaae82f09f8a81cb120e78ad?pvs=21),동일 메커니즘,구조 관찰→공통 기반·취약점 발견→영력 삽입·붕괴→원리 재학습→다른 술식 변형 적용→자기 기술 목적 재정의→실전 검증,상대 술식의 구조를 관찰해 취약점을 파괴하는 방식과 자기 기술의 목적·속성을 다시 정의하는 방식이 떨어진 구간에서 반복된다. 힘의 수치보다 구조와 목적의 재설계가 성장의 증거가 된다.,,어떤 술식은 구조 분석보다 압도적 출력 때문에 파훼할 수 없는가?,REF-02-20260805-214543-b2e542 + REF-02-20260805-215724-842462
TH-REF03-ENG-01 · 실패 비용을 다음 탐험의 안전 조건으로 다시 쓴다,REF-03,exact,첫 실패와 다음 탐험 설계,다른 유형 실패가 조건 수정으로 이어지는 장기 반복,같은 위험은 줄였지만 새로운 식량·물 문제가 발생해 완전한 안전은 되지 않는다.,Yes,No,VERIFIED_SCENE,unit 2~4,REF-03 (https://app.notion.com/p/REF-03-b61baa79eaae8295a565812d4f66d82d?pvs=21),작품 고유,쉬운 힘 선택→대가 미확인→고통·무력화→현실 잔여→실패 원인 분해→정보 수집→다음 세계 조건 수정,탐험 실패의 고통과 무력화를 감정 잔여로만 두지 않고 원인을 분해해 외부 정보를 찾고 다음 바람의 인물·환경 조건을 수정한다.,,실패 학습이 과잉 안전화나 보상 축소를 만드는가?,REF-03-20260805-234705-19079d / unit 1~5
TH-REF02-REL-03 · 조직의 검증을 역검증과 시험 거래로 바꾼다,REF-02,exact,한 협상·의뢰 사슬,시험 실패와 조직 내부 반대,양측이 상대의 실제 목적을 완전히 알지 못하며 장기 신뢰는 미확인이다.,Yes,No,VERIFIED_SCENE,unit 119~123,REF-02 (https://app.notion.com/p/REF-02-242baa79eaae82f09f8a81cb120e78ad?pvs=21),작품 고유,은밀 조사→감지·역공→정면 사과·정당화→기능 공개→시험 의뢰→수행·보상→다음 거래,조직의 은밀한 조사를 감지해 역공한 뒤 조사자를 제거하지 않고 사과·정당화·기능 중심 자기소개·시험 의뢰로 상호 선별 구조를 만든다.,,역검증이 협력 대신 적대 확정으로 끝나는 조건은 무엇인가?,REF-02-20260805-215845-b68d41 / unit 119~123
TH-REF02-EVT-01 · 예정된 사건을 선점하되 현장에서 보수·위험을 다시 협상한다,REF-02,exact,한 사건 구간,예정 정보와 실제 전개의 불일치,게임 지식이 틀리거나 상대가 협상을 거부하는 실패가 없다.,Yes,No,VERIFIED_SCENE,unit 117~118,REF-02 (https://app.notion.com/p/REF-02-242baa79eaae82f09f8a81cb120e78ad?pvs=21),작품 고유,사건 조건 확인→장소·시점 선점→예정 인물 조우→사전 지식 은폐→명령 거절→위험·보수 협상→협력 진입,미래 지식으로 조우 시점과 장소를 선점하지만 결과를 자동 확정하지 않고 현장에서 명령을 거절하며 위험·보수·지급 시점을 다시 협상한다.,,사전 지식이 틀렸을 때도 현장 협상 구조가 유지되는가?,REF-02-20260805-215724-842462 / unit 114~118
TH-REF02-REL-02 · 서로의 비밀을 강제로 열지 않고 기능적 협업을 유지한다,REF-02,exact,관계 정의와 한 차례 출향 약속,비밀 충돌·배신·권리 변화,이해관계가 충돌하거나 비밀이 관계를 훼손하는 반례가 없다.,Yes,No,VERIFIED_SCENE,unit 115~116,REF-02 (https://app.notion.com/p/REF-02-242baa79eaae82f09f8a81cb120e78ad?pvs=21),작품 고유,독립 목적→비밀 강제 공개 거부→이익 일치 범위 협업→이별 시 효용·귀환 약속→재협업 가능성 유지,각자의 목적과 비밀을 전부 공개하지 않으면서도 이익이 겹치는 범위와 미래 재협업 가능성을 확인해 관계를 유지한다.,,비밀 보존이 신뢰가 아니라 회피로 바뀌는 경계는 무엇인가?,REF-02-20260805-215724-842462 / unit 114~118
TH-REF03-WLD-01 · 바람은 보상과 그 세계의 위험을 함께 고정한다,REF-03,exact,초기 두 세계 이상에서 반복,중후반 세계 선택과 예외,바람이 정확히 반영된 것인지 사후 해석인지 분리되지 않으며 안전 욕망도 식량·물 부족을 제거하지 못한다.,Yes,No,VERIFIED_SCENE,unit 1~5,REF-03 (https://app.notion.com/p/REF-03-b61baa79eaae8295a565812d4f66d82d?pvs=21),작품 고유,현실 결핍→구체적 바람→세계·환경 고정→보상 등장→예상 밖 위험·비용,추상적 바람은 원하는 보상만 호출하지 않고 그 보상이 존재하는 환경·자원 결핍·위험 조건까지 함께 고정한다.,,바람과 실제 세계의 불일치가 누적되면 주인공은 조건을 어떻게 수정하는가?,REF-03-20260805-234705-19079d / unit 1~5
TH-REF02-CHR-01 · 평소 하지 않을 행동으로 실종자의 예외 조건을 역추론한다,REF-02,exact,다른 인물·사건 반복 미확인,틀린 인물 추론과 관계 비용,진짜 목표가 공개되지 않아 추론 일부만 맞았을 가능성이 있다.,Yes,No,VERIFIED_SCENE,unit 71~72,REF-02 (https://app.notion.com/p/REF-02-242baa79eaae82f09f8a81cb120e78ad?pvs=21),작품 고유,실종 단서→평소 판단 기준 대조→비정상 행동 확인→예외 조건 가설→복합 원인 연결→제삼자 부분 확인→수색 목표 전환,인물의 성격을 형용사로 고정하지 않고 평소라면 하지 않을 행동을 기준으로 현재의 예외 조건과 사건 원인을 추론한다.,,주인공의 인물 이해가 틀렸을 때 수색과 관계가 어떻게 수정되는가?,REF-02-20260805-214543-b2e542 / unit 71~75
TH-REF03-EVT-01 · 탐험을 지도·우선순위·생존 계산으로 운영한다,REF-03,exact,초기 탐험 한 구간,다른 세계의 지도화와 실패 사례,"식량·물 부족, 길 단절, 암흑 때문에 일부 탐사가 불가능하며 계산이 운과 정보 부족을 제거하지 못한다.",Yes,No,VERIFIED_SCENE,unit 4~5,REF-03 (https://app.notion.com/p/REF-03-b61baa79eaae8295a565812d4f66d82d?pvs=21),작품 고유,미지 공간 진입→구조 개괄→정보·보상 가치 비교→자원·지형 제약 확인→범위 축소·경로 변경→유물·정보 회수,광범위한 폐허를 전면 탐사하지 않고 현재 시간·체력·식량·시야로 감당할 수 있는 장소와 경로를 우선순위화한다.,,우선순위 판단이 틀려 더 큰 기회를 잃는 반례는 있는가?,REF-03-20260805-234705-19079d / unit 1~5
TH-REF02-REL-01 · 사회적 평가가 접근권과 위장 필요를 함께 바꾼다,REF-02,exact,114~116 인접 구간 반복,조직 권한·임무·보상으로 확장되는 장기 사례,명성은 긍정적 권리뿐 아니라 적대 표적화를 함께 만든다.,Yes,No,VERIFIED_SCENE,unit 114~116,REF-02 (https://app.notion.com/p/REF-02-242baa79eaae82f09f8a81cb120e78ad?pvs=21),작품 고유,성과·경지 상승→대우 변화→축하·경계·영입·공포로 반응 분기→거래 가치와 위험 상승→가짜 신분·이동 경로 필요,"경지와 명성의 상승을 설명문이 아니라 문지기·군중·적대자의 행동 변화로 보여 주고, 높아진 가치와 위험이 새로운 접근권과 위장 필요를 동시에 만든다.",,평가 상승이 실제 권한을 주지 않고 위험만 높이는 구간은 있는가?,REF-02-20260805-215724-842462 / unit 114~118
TH-REF02-EXP-01 · 정체 은폐를 기능 보존형 장비 개조로 해결한다,REF-02,exact,문제 제기와 후속 전투 회수,다른 잠입·위장 장면 반복,직접 검사하면 식별될 가능성이 남는다.,Yes,No,VERIFIED_SCENE,"unit 114, 116, 118",REF-02 (https://app.notion.com/p/REF-02-242baa79eaae82f09f8a81cb120e78ad?pvs=21),작품 고유,외형 위장 시도→출력 시 해제 한계→봉인 배제→외형 자체 개조→가짜 신분·속성 표현 결합→전투 회수,고유 장비의 사용을 포기하거나 봉인하지 않고 외형 자체를 개조해 기능과 정체 은폐를 함께 보존한다.,,기능 보존이 불가능해 장비 사용을 포기해야 하는 경계는 무엇인가?,REF-02-20260805-215724-842462 / unit 114~118