장면명,REF 코드,TH 색인,관찰 좌표,등록 시각,마지막 검토,연결 장면,원문 위치,원문 확보,인물,작품명,장면 ID,장면 역할,장면 조건,집필 지시문 없음,집필용 준비,표면 모방 위험,화수
33화 · 생존 동일시가 강자의 관용으로 읽히는 객잔 장면,REF-11,https://app.notion.com/p/3b2baa79eaae81e79cb1d74a24d9b2dd,처단 중지의 내적 이유와 주변의 도덕적 해석이 어긋남. 행동 결과는 실제 생존과 탁자 값 지불로 이어짐.,2026년 8월 4일 오후 9:29,2026년 8월 4일,35화 자소단 전달 장면과 함께 읽기. 냉혹함·이용으로 해석되는 반대 사례는 아직 미확보.,33화 58~84행,Yes,"정연신, 헌원창, 객잔 낭인과 관찰자들",시한부 천재가 살아남는 법,SCENE-1,"오해, 핵심","압도적 무력 우위, 모욕 이후 처단 가능 상태, 상대의 비굴한 생존 선택, 당사자의 내적 동일시를 주변이 알지 못함",Yes,핵심 범위 준비,중간,33화
35화 · 시간 비용 때문에 넘긴 자원이 대협의 행위로 읽히는 장면,REF-11,https://app.notion.com/p/3b2baa79eaae81e79cb1d74a24d9b2dd,자기 성장에 필요한 부분은 취하고 남은 기운을 전량 전달함. 외부 인물은 손실 없는 전달과 수혜 결과를 근거로 대인·대협으로 해석하며 말투와 보상 약속을 바꿈.,2026년 8월 4일 오후 9:29,2026년 8월 4일,33화 객잔 관용 오독 장면. 평판이 이후 의무나 압박으로 돌아오는 먼 후속은 미확보.,35화 26~110행,Yes,"정연신, 유현, 화산검절 천주, 마진",시한부 천재가 살아남는 법,SCENE-2,"오해, 핵심, 후속","비전 영약을 이미 복용한 상태, 온전한 체화에는 긴 시간이 필요함, 타인에게 기운을 넘길 수 있음, 주변은 당사자의 시간 계산을 모름",Yes,핵심 범위 준비,높음,35화
32화 · 유운패와 일회 협조권이 전과를 실제 접근권으로 바꾸는 장면,REF-11,https://app.notion.com/p/3b0baa79eaae81489c10f1d2699c51f2,전과가 칭찬으로 끝나지 않고 유운패·속가 문파의 예우·일회 정치 협조권으로 구체화된다. 정연신은 사양하지 않고 이후 임무와 지위 도전에 쓸 가능성을 계산한다.,2026년 8월 4일 오후 9:52,2026년 8월 4일,31~32화 공개 공적 귀속 장면 / 35화 총관부의 청색 승단 판정 장면,32화 176~206행,Yes,"정연신, 서천검공 구양신, 종남검선, 종남파 인물들",시한부 천재가 살아남는 법,SCENE-4,"핵심, 후속","외부 문파의 전쟁에 기여함, 승리 결과가 조직의 실익으로 이어짐, 수장이 보상을 판정할 수 있음, 주인공에게 이후 임무와 지위 도전이 남아 있음",Yes,핵심 범위 준비,중간,32화
31~32화 · 참수의 사실이 공개 공적과 전황 변화로 전환되는 장면,REF-11,https://app.notion.com/p/3b0baa79eaae81489c10f1d2699c51f2,참수의 사실만으로는 주변이 이해하지 못한다. 헌원창이 정연신의 소속과 전과를 공개 호명한 뒤 환호·전의·전황이 연속해서 바뀐다.,2026년 8월 4일 오후 9:52,2026년 8월 4일,32화 유운패·일회 협조권 장면 / 35화 총관부의 청색 승단 판정 장면,31화 432~454행 + 32화 4~78행,Yes,"정연신, 헌원창, 패검종주, 종남파·패검종 무인들",시한부 천재가 살아남는 법,SCENE-3,"핵심, 후속","상식 밖의 전과가 발생했지만 주변이 즉시 이해하지 못함, 공개 전장, 소속과 공적 귀속이 불명확함, 양측 사기가 흔들리는 순간",Yes,핵심 범위 준비,높음,31~32화
35화 · 누적 공적이 내부 관리자의 승단 판정으로 확인되는 장면,REF-11,https://app.notion.com/p/3b0baa79eaae81489c10f1d2699c51f2,칭찬이 아니라 총관부의 공적 분류 권한과 승단 조건이 먼저 제시된다. 정연신은 외부 소문보다 내부 관리자의 판정을 듣고 자신의 진전을 새롭게 체감한다.,2026년 8월 4일 오후 9:53,2026년 8월 4일,31~32화 공개 공적 귀속 장면 / 32화 유운패·협조권 보상 장면,35화 252~286행,Yes,"정연신, 총관부 도유원",시한부 천재가 살아남는 법,SCENE-6,"핵심, 후속","여러 임무의 공적이 이미 누적됨, 당사자는 대략적인 성과만 앎, 내부 인사 관리자가 분류와 점수를 알고 있음, 다음 승단에는 형식적 시험과 작은 임무가 남음",Yes,대비 포함 준비,낮음,35화
34화 · 첫 검격 실패 뒤 상대의 독문무공으로 표현 수단을 바꾸는 장면,REF-11,https://app.notion.com/p/3b2baa79eaae81ddb335c0f88ecb9af5,"첫 검격 실패를 숨기지 않고 보여 준 뒤 상대 무공의 목적과 투로를 관찰한다. 검을 집어넣고 같은 금나수의 상위 궤적으로 전환하며, 상대 수용은 교만에서 공황·갈망·절망으로 바뀐다.",2026년 8월 4일 오후 9:53,2026년 8월 4일,TH-REF11-CHR-01의 천재성 변형 / 같은 방식이 실패하거나 상대의 집념을 강화하는 반례는 미확보,34화 52~78행 + 128~206행,Yes,"정연신, 투귀",시한부 천재가 살아남는 법,SCENE-5,"이탈, 핵심","주력 검격이 처음 빗나감, 상대는 독문 금나수와 신법을 우월성의 근거로 삼음, 개인적 모욕과 관계 기억이 자극됨, 즉시 전투 중 수단을 바꿔야 함",Yes,대비 포함 준비,높음,34화
8화 · 검이 부러진 결과와 출수 판정을 분리하고 경쟁자가 깨달음까지 지켜 주는 장면,REF-11,https://app.notion.com/p/3b0baa79eaae81798183f137cff283b3,"구경꾼은 부러진 검을 패배로 보지만 남궁화신과 고수들은 출수 시점을 기준으로 반대로 판정한다. 남궁화신은 패배 선언 뒤 원한이나 변명 대신 다음 비무를 기약하고, 정연신의 깨달음이 끝날 때까지 호법을 선다.",2026년 8월 4일 오후 10:01,2026년 8월 4일,15화 첫 임무에서 정연신의 경공 부족과 실패가 그대로 드러나는 장면 / 남궁화신과의 후속 경쟁 관계,8화 50~176행 + 246~268행,Yes,"정연신, 남궁화신, 입황성 심사관과 고수들",시한부 천재가 살아남는 법,SCENE-9,"대비, 핵심, 후속","입문 시험의 공개 비무, 표면 결과는 정연신의 검 파손, 고수들은 출수 시점과 진기 운용을 별도로 판정함, 경쟁자는 다음 시험을 앞둠",Yes,대비 포함 준비,중간,8화
4~5화 · 죽였을 때의 후폭풍을 불확실하게 만들어 전력 차이를 멈추는 장면,REF-11,https://app.notion.com/p/3b0baa79eaae81cc8b2dcab0c3ccb638,"첫 손속에서 상대가 검 대신 수도를 쓴 사실로 자제 여부를 추론한다. 모욕과 공개 살해로 그 추론을 시험한 뒤, 소식망·양양까지의 거리·입황성 원로의 혈족이라는 불확실한 후폭풍을 구체화한다.",2026년 8월 4일 오후 10:01,2026년 8월 4일,5화 패검종주의 생존 판정과 비무 약속 / 같은 방식이 실패하거나 상대가 비용을 감수하는 반례는 미확보,4화 276~290행·364~402행 + 5화 20~146행,Yes,"정연신, 패검종주, 패검종·혈염교 무인, 정가장 총관, 종남파 무인",시한부 천재가 살아남는 법,SCENE-7,"미해결, 핵심","절대적인 전력 열세, 외가와 입황성의 실제 개입 가능성은 불명확함, 상대 역시 정치적 후폭풍의 범위를 확정하지 못함, 공개된 수장 앞에서 즉시 생사 결정을 받아야 함",Yes,대비 포함 준비,높음,4~5화
6화 · 사과로 화해하지 않고 다음 행동으로 관계를 다시 맡기는 작별,REF-11,https://app.notion.com/p/3b0baa79eaae81798183f137cff283b3,정중산은 사과로 화해를 완료하지 않고 다음 만남까지 형이 되겠다는 행동 과제를 맡는다. 정연신은 자질 부족과 조카 보호를 직접 요구한다. 총관의 충성은 사라진 장원보다 살아남은 사람과 가산 관리로 이동한다.,2026년 8월 4일 오후 10:01,2026년 8월 4일,5화 멸문 직후 생존자 배치 / 이후 정중산과 총관이 실제로 책임을 수행하는지 추적 필요,6화 30~96행,Yes,"정연신, 정중산, 정혜, 정가장 총관, 종남파 무인들",시한부 천재가 살아남는 법,SCENE-8,"미해결, 핵심","가족과 가문이 혈겁으로 붕괴함, 오랜 냉대와 책임 회피가 한 문장으로 해소될 수 없음, 생존자들이 서로 다른 장소로 떠나야 함",Yes,대비 포함 준비,중간,6화
10화 · 무공의 장점과 한계를 함께 설명하고 이해도에 따라 가르침을 달리하는 장면,REF-11,https://app.notion.com/p/3b0baa79eaae81798183f137cff283b3,마진은 마광결을 만능으로 포장하지 않고 깊이가 얕다는 약점을 먼저 인정한다. 생존 목적과 난전 전제를 설명한 뒤 헌원창에게는 몸으로 반복시키고 정연신에게는 핵심 확인 뒤 다음 오의를 제시한다.,2026년 8월 4일 오후 10:02,2026년 8월 4일,14화 첫 임무에서 상급자가 보호 책임을 맡는 장면 / 15화 실제 임무에서 부족함이 드러나는 장면,10화 204~278행 + 290~318행,Yes,"정연신, 헌원창, 마진",시한부 천재가 살아남는 법,SCENE-10,"대비, 핵심","새 조직의 정식 교육, 같은 무공을 서로 다른 이해도의 신입 둘이 배움, 지도자가 무공의 효용과 약점을 모두 알고 있음",Yes,대비 포함 준비,중간,10화
15화 · 천재의 경공 부족과 강호 초출의 도주 대응 실패가 그대로 드러나는 장면,REF-11,https://app.notion.com/p/3b0baa79eaae81eea317f29d3053f6db,"동료 셋이 차례로 정연신을 앞지르고, 적은 정면 교환을 피한다. 정연신은 완전히 자세를 잡았지만 상대가 방향을 틀자 대응하지 못한다. 실패 뒤 선배들은 원인을 분리해 설명하고 각 신입의 다른 결함을 평가한다.",2026년 8월 4일 오후 10:02,2026년 8월 4일,8화 공개 비무에서의 천재 인정 / 10화 마광결 교육 / 14화 첫 임무 보호 책임,15화 4~156행,Yes,"정연신, 백미려, 청명, 헌원창, 혈염교도",시한부 천재가 살아남는 법,SCENE-12,"대비, 실패, 후속","첫 외부 임무, 정연신은 정면 교전과 쾌검에는 강하지만 경공·보법이 부족함, 적은 정면 승부 대신 도주용 보신경을 사용함",Yes,대비 포함 준비,낮음,15화
14화 · 첫 임무에서 상급자가 신입의 보호 책임을 명시적으로 떠안는 배치 장면,REF-11,https://app.notion.com/p/3b0baa79eaae81798183f137cff283b3,마진은 임무의 배경과 불확실성을 설명하고 신입의 들뜸을 경계한다. 청색 고수 둘에게 백색 신입을 무사히 돌아오게 할 책임을 직접 부여한다. 보호는 감정 선언이 아니라 임무 편성과 책임 발화로 나타난다.,2026년 8월 4일 오후 10:02,2026년 8월 4일,15화 경공 부족과 도주 실패 / 이후 백미려·청명의 평가와 책임 분담,14화 104~196행,Yes,"정연신, 헌원창, 백미려, 청명, 마진",시한부 천재가 살아남는 법,SCENE-11,"선행, 핵심","신입 두 명의 첫 외부 임무, 적대 세력은 혈염교와 연관됨, 상급자 둘이 동행함, 임무 정보와 실제 위험이 완전히 확정되지 않음",Yes,대비 포함 준비,낮음,14화
2화 · 악령 처형 뒤 주변 태도를 표본 삼아 역할 연기를 시작하는 장면,REF-46,https://app.notion.com/p/3b2baa79eaae81ff8a82e39db9463f0f,처벌 사례와 집단의 무반응이 먼저 현지 규범을 증명한다. 중심 인물은 주변 태도를 표본으로 삼아 표정과 반응을 수행한다.,2026년 8월 5일 오전 2:17,2026년 8월 5일,6~7화 동행자 시험 / 150화 동료의 현재 인격 판정,301~417행,Yes,"비요른 얀델, 오름, 부족장, 성인식의 어린 전사들",게임 속 바바리안으로 살아남기,SCENE-13,"선행, 핵심",같은 외부 인격이 정체를 드러낸 즉시 처벌되고 집단은 의례를 중단하지 않으며 중심 인물은 현지 규범을 알지 못함,Yes,대비 포함 준비,높음,2화
151화 · 생존 교육이 후배의 과잉 전승으로 되돌아와 책임을 묻는 장면,REF-46,https://app.notion.com/p/3b2baa79eaae81ff8a82e39db9463f0f,후배의 교육 성공을 먼저 보상한 뒤 인간 이름을 붙인 전리품과 집단 구호를 공개해 빠진 경계가 종족 전체 적대로 확장됐음을 드러낸다.,2026년 8월 5일 오전 2:17,2026년 8월 5일,153~154화 기존 지도자와 교육권 충돌 / 154화 인간 전체 적대 교육 수정,"73,253~73,364행",Yes,"비요른 얀델, 카론, 어린 전사들",게임 속 바바리안으로 살아남기,SCENE-16,"대비, 실패, 후속",생존 교육을 받은 후배가 더 어린 구성원을 가르치는 위치에 올랐지만 가르침의 경계는 전달되지 않음,Yes,대비 포함 준비,높음,151화
154화 · 기존 지도자가 패배를 인정하지 않은 채 교육권과 도전 조건을 넘기는 장면,REF-46,https://app.notion.com/p/3b2baa79eaae81ff8a82e39db9463f0f,기존 지도자는 전면 사과하거나 자리를 넘기지 않는다. 과거 실패와 제약을 공개하고 교육 유효성을 인정하되 금지선·감시·도전 조건을 붙인다.,2026년 8월 5일 오전 2:17,2026년 8월 5일,153~154화 지도 책임 충돌 / 154화 과잉 교육 수정,"74,393~74,579행",Yes,"비요른 얀델, 부족장",게임 속 바바리안으로 살아남기,SCENE-18,"대비, 후속",젊은 전사가 공개적으로 지도자의 자리를 원한다고 선언했고 둘은 물리적 충돌까지 벌였으나 생존 문제에는 일부 공통 인식이 있음,Yes,대비 포함 준비,중간,154화
6~7화 · 종족 선입견을 이용해 동행자를 시험하고 실제 습격을 피하는 장면,REF-46,https://app.notion.com/p/3b2baa79eaae81ff8a82e39db9463f0f,"무해한 역할 연기로 빈틈을 보이되, 한 번의 신뢰 판정 뒤에도 잠들지 못하는 비용이 남는다. 반복한 위장이 실제 습격을 감지하게 한다.",2026년 8월 5일 오전 2:17,2026년 8월 5일,2화 역할 연기 시작 / 150화 가까운 동료에게 위장이 통하지 않는 장면,"2,513~3,063행",Yes,"비요른 얀델, 한스",게임 속 바바리안으로 살아남기,SCENE-14,"대비, 실패",낯선 사람과 서로 잠을 맡기는 임시 거래를 해야 하지만 양쪽 모두 상대를 온전히 믿지 않음,Yes,대비 포함 준비,높음,6~7화
154화 · 공개 도전 선언 뒤 인간 전체 적대 교육을 동료 사례로 수정하는 장면,REF-46,https://app.notion.com/p/3b2baa79eaae81ff8a82e39db9463f0f,"도전 조건을 군중 앞에서 공개해 새 지위를 사회적 사실로 만든 뒤, 희생한 인간 동료의 사례로 종족 분류보다 행동 기준을 우선하도록 교육을 수정한다.",2026년 8월 5일 오전 2:17,2026년 8월 5일,151화 과잉 전승 / 154화 조건부 교육권 이양,"74,581~74,665행",Yes,"비요른 얀델, 아이나르, 카론, 주변 바바리안들, 드왈키",게임 속 바바리안으로 살아남기,SCENE-19,"실패, 후속",조건부 교육권을 얻었지만 기존 교육은 인간 전체에 대한 증오로 확장될 위험이 이미 드러남,Yes,대비 포함 준비,중간,154화
150화 · 동료가 정체 의심보다 누적 행동으로 현재 인격을 판정하는 장면,REF-46,https://app.notion.com/p/3b2baa79eaae81ff8a82e39db9463f0f,"가까운 동료는 전형적 분노 연기를 간파한다. 의심 근거와 반증 행동을 차례로 제시해 현재의 사람을 판정하고, 노출 위험을 경고한다.",2026년 8월 5일 오전 2:17,2026년 8월 5일,2화 역할 연기 시작 / 6~7화 위장 비용 / 151화 교육의 과잉 전승,"72,483~72,717행",Yes,"비요른 얀델, 로트밀러, 팀 반푼이",게임 속 바바리안으로 살아남기,SCENE-15,"미해결, 핵심, 후속",눈치 빠른 동료가 비정상적 지식과 행동을 근거로 외부 인격을 의심하지만 장기간 함께한 행동 기록도 알고 있음,Yes,대비 포함 준비,높음,150화
153~154화 · 생존 강의가 기존 지도자의 방치 책임과 후계 선언으로 전환되는 장면,REF-46,https://app.notion.com/p/3b2baa79eaae81ff8a82e39db9463f0f,실용 교육을 누적한 뒤 권력자를 등장시킨다. 중심 인물은 변명 대신 사망률·장비·교육 부재를 질문하고 자신이 책임을 맡겠다고 선언한다.,2026년 8월 5일 오전 2:17,2026년 8월 5일,151화 과잉 전승 / 154화 조건부 교육권 이양,"74,113~74,389행",Yes,"비요른 얀델, 카론, 어린 전사들, 부족장",게임 속 바바리안으로 살아남기,SCENE-17,핵심,실전 생존 지식을 가르치던 중 기존 지도자가 현장을 목격하고 교육 내용이 전통과 지도 책임을 건드림,Yes,대비 포함 준비,높음,153~154화
453~454화 · 해고된 행정 전문가를 필요 기반으로 고용하고 실제 부서 권한을 넘기는 장면,REF-46,https://app.notion.com/p/3b2baa79eaae81ff8a82e39db9463f0f,친구를 돕는 시혜가 아니라 실제 직무 필요와 급여를 제시한다. 현장 오해를 풀고 통계·재정·도시 계획으로 업무를 나누며 미래 부서장 권한까지 준다.,2026년 8월 5일 오전 2:23,2026년 8월 5일,452화 내부·외부 역할 분리 / 650~651화 기술 교육과 고용 확대,"223,899~224,329행",Yes,"비요른 얀델, 샤빈 에무어, 메리 제이나, 셰퍼드 램든, 릭 앤더슨, 바바리안 전사들",게임 속 바바리안으로 살아남기,SCENE-21,"핵심, 후속",내부 행정 능력은 없고 외부 전문가들은 실직 상태지만 낯선 조직에서 일할 위험과 업무 오해가 있음,Yes,대비 포함 준비,중간,453~454화
651화 · 회사 등록으로 전사를 직원으로 바꾸고 성별·세대별 교육과 고용 경로를 여는 장면,REF-46,https://app.notion.com/p/3b2baa79eaae81ff8a82e39db9463f0f,사업자 승인과 직원 등록으로 전사 집단을 노동 조직으로 바꾼다. 성인 남성·여성·문해력을 가진 아이에게 서로 다른 교육과 고용 경로를 제시한다.,2026년 8월 5일 오전 2:23,2026년 8월 5일,650화 비전투 노동의 명예화 / 651화 외부 전문가 교육·감독 구조,"311,281~311,359행",Yes,"비요른 얀델, 샤빈 에무어, 바바리안 전사들, 비프론 주민들",게임 속 바바리안으로 살아남기,SCENE-24,후속,대규모 인력을 합법적으로 일하게 할 고용 주체와 전투 외 역할이 없는 성인·아이의 경로가 필요함,Yes,대비 포함 준비,중간,651화
651화 · 외부 전문가의 분업을 단기 대행에서 교육·감독·권한 위임 구조로 바꾸는 장면,REF-46,https://app.notion.com/p/3b2baa79eaae81ff8a82e39db9463f0f,단순 노동과 전문 노동을 나눈 뒤 교육 부족을 한계로 확인한다. 전문가 한 명이 열 명을 감독하는 구조를 만들고 중요한 준비를 전문가에게 완전히 위임한다.,2026년 8월 5일 오전 2:23,2026년 8월 5일,650화 비전투 노동 평가 / 651화 회사 등록과 세대별 고용 경로,"311,157~311,259행",Yes,"비요른 얀델, 골드비어드 백작가의 드워프 기술자들, 바바리안 작업자들",게임 속 바바리안으로 살아남기,SCENE-23,"핵심, 후속",내부 작업자는 힘과 속도는 있지만 전문 기술이 없고 외부 전문가는 단기 성과와 장기 전승을 함께 설계해야 함,Yes,대비 포함 준비,중간,651화
452화 · 전투 지도자와 행정 전문가의 역할을 분리해 외부 전문 인력을 찾는 장면,REF-46,https://app.notion.com/p/3b2baa79eaae81ff8a82e39db9463f0f,새 지도자가 공금·문서·인력 공백을 개인 희생으로 버티지 않고 우선순위 목록으로 바꾼다. 내부 장로에게는 교육·전투 역할만 남기고 행정은 외부 전문가에게 맡긴다.,2026년 8월 5일 오전 2:23,2026년 8월 5일,453~454화 외부 행정 전문가 고용과 조직 창설,"223,350~223,490행",Yes,"비요른 얀델, 아이나르, 은퇴한 장로들",게임 속 바바리안으로 살아남기,SCENE-20,"핵심, 후속",새 지도자가 빈 금고·문서·인력 공백을 떠안았고 내부 전사들은 행정 문해력이 부족함,Yes,대비 포함 준비,중간,452화
650화 · 비전투 노동을 기존 명예와 보상 체계에 연결한 뒤 능력 한계를 공개 평가하는 장면,REF-46,https://app.notion.com/p/3b2baa79eaae81ff8a82e39db9463f0f,보상·공개 칭찬·경연으로 기존 인정 욕구를 건축 노동에 연결한다. 열의를 먼저 보여 준 뒤 운반·속도 장점과 설계·정밀 기술 결함을 항목별로 공개한다.,2026년 8월 5일 오전 2:23,2026년 8월 5일,651화 외부 전문가의 교육·감독 구조 / 회사 등록과 고용 경로,"311,053~311,155행",Yes,"비요른 얀델, 아이나르, 샤빈 에무어, 건축 작업에 참여한 바바리안들",게임 속 바바리안으로 살아남기,SCENE-22,"대비, 핵심",전투만 가치 있다고 믿던 구성원에게 건축 노동을 지속시키고 실제 사업 투입 수준을 평가해야 함,Yes,대비 포함 준비,중간,650화
17화 · 축소 지도와 사라진 상호를 현지 증언으로 대조해 시대차 가설을 세우는 장면,REF-46,https://app.notion.com/p/3b2baa79eaae81789b63cac5e62439c1,게임 지도는 방향만 주고 실제 거리를 주지 못한다. 사라진 상호를 현지인의 기억과 대조해 동일 세계의 다른 시대라는 가설을 강화하되 도서관 조사와 현장 방문을 남긴다.,2026년 8월 5일 오전 2:32,2026년 8월 5일,171화 게임에 없던 건물·일기 장면 / 309~310화 게임에 없던 생존 정보 공개,"7,427~7,465행",Yes,"비요른 얀델, 라프도니아의 중년 주민, 에르웬",게임 속 바바리안으로 살아남기,SCENE-26,핵심,게임에서 알던 약속 장소의 대략적 방향은 기억하지만 실제 도시는 훨씬 크고 상호도 현재 존재하지 않음,Yes,대비 포함 준비,중간,17화
3화 · 미궁 진입을 생계·신체·죽음 비용으로 다시 계산하는 장면,REF-46,https://app.notion.com/p/3b2baa79eaae81789b63cac5e62439c1,게임에서는 버튼으로 끝나던 진입을 현실의 생계 제한·신체 상태·죽음 공포로 다시 계산한다. 마지막에는 게임식 예/아니오 문법을 빌리지만 그 판단은 곧 검증될 확신으로만 남는다.,2026년 8월 5일 오전 2:32,2026년 8월 5일,4화 첫 문단의 과거형 확신 반전 / 31화 수치 밖 신체·정신 변수 장면,"959~1,223행",Yes,"비요른 얀델, 아이나르",게임 속 바바리안으로 살아남기,SCENE-25,"대비, 핵심",미궁에 들어가면 죽을 수 있지만 종족 신분 때문에 도시 생계도 막힐 가능성이 높고 입장 마감이 임박함,Yes,대비 포함 준비,높음,3화
171화 · 게임에 없던 건물과 일기로 현실 전용 역사 단서를 확보하는 장면,REF-46,https://app.notion.com/p/3b2baa79eaae81789b63cac5e62439c1,무반응 비석을 포기한 뒤 주변 탐색에서 게임에 없던 건물과 기록을 찾는다. 기록은 차원·생존자·멸망 사건을 연결하고 즉시 물적 단서 검증으로 이어진다.,2026년 8월 5일 오전 2:32,2026년 8월 5일,171화 비석 직접 탐색 중단 / 171~172화 현실 전용 물품 전문 감정,"82,737~82,855행",Yes,"비요른 얀델, 레이븐, 미샤 칼스타인, 아이나르",게임 속 바바리안으로 살아남기,SCENE-29,"핵심, 후속",게임 랜드마크 자체에서는 단서를 얻지 못했지만 주변을 수색할 시간과 팀원이 있으며 현실에는 게임에 없던 구조물이 존재할 수 있음,Yes,대비 포함 준비,높음,171화
171화 · 무반응 비석을 재검증하되 제한 시간에 직접 집착을 중단하는 장면,REF-46,https://app.notion.com/p/3b2baa79eaae81789b63cac5e62439c1,게임에서 기능이 없던 비석도 현실에서는 재검증한다. 그러나 30분 뒤 시간 비용이 커지자 기록 조사로 질문을 넘기고 주변 탐색으로 방법을 바꾼다.,2026년 8월 5일 오전 2:32,2026년 8월 5일,171화 주변 건물·일기 발견 / 171~172화 물품 전문 감정 이관,"82,653~82,735행",Yes,"비요른 얀델, 레이븐, 미샤 칼스타인",게임 속 바바리안으로 살아남기,SCENE-28,"대비, 실패",게임에서는 무반응인 랜드마크지만 현실 전용 단서 가능성이 있고 미궁 폐쇄까지 시간이 얼마 남지 않음,Yes,대비 포함 준비,중간,171화
31화 · 수치상 충분한 파티가 공포·구토·시전 반동으로 붕괴하는 장면,REF-46,https://app.notion.com/p/3b2baa79eaae81789b63cac5e62439c1,게임에서는 충분한 전력인 파티가 현실의 냄새·공포·신체 반동으로 무너진다. 붕괴는 추상 설명이 아니라 구르기·피 토하기·몸이 굳었다는 사후 진술로 확인된다.,2026년 8월 5일 오전 2:32,2026년 8월 5일,3화 진입 확신 / 171화 직접 탐색 중단과 방법 전환,"14,391~14,485행",Yes,"비요른 얀델, 아이나르, 히쿠로드 무라드, 레이븐, 타르진",게임 속 바바리안으로 살아남기,SCENE-27,"실패, 핵심",게임 수치와 역할 구성만 보면 충분히 승리 가능한 전투였으나 실제 시체 냄새·공포·마법 시전 반동이 발생함,Yes,대비 포함 준비,높음,31화
409화 · 예상보다 쉬운 적 배치를 정찰과 소음 통제로 다시 검증하는 장면,REF-46,https://app.notion.com/p/3b2baa79eaae81789b63cac5e62439c1,목표 거점의 병력이 예상보다 적어도 즉시 낙관하지 않는다. 추가 척후·회복·기술 사용 금지·주변 확인을 거쳐 변수 부재를 확인한 뒤 공격을 명령한다.,2026년 8월 5일 오전 2:33,2026년 8월 5일,171화 제한 시간에 조사 방법을 바꾸는 장면 / 447화 전문가에게 물품 판정을 넘기는 장면,"199,313~199,423행",Yes,"비요른 얀델, 아멜리아 레인웨일즈, 멜란드 카이슬란, 원정대 척후조",게임 속 바바리안으로 살아남기,SCENE-33,대비,익숙한 지역과 작전 구도는 알고 있지만 목표 거점의 실제 병력 수가 예상보다 적어 함정 가능성이 남음,Yes,대비 포함 준비,중간,409화
409화 · 정수 획득 순서가 현실의 선행 선택 연쇄로 뒤집힌 것을 재계산하는 장면,REF-46,https://app.notion.com/p/3b2baa79eaae81789b63cac5e62439c1,게임의 정석 획득 순서와 달리 이미 보유한 정수를 마주한다. 현재 차이를 오류로 끝내지 않고 더 이른 희귀 획득이 연쇄적으로 가능하게 한 전투들을 역산한다.,2026년 8월 5일 오전 2:33,2026년 8월 5일,31화 현실 변수로 파티 평가 수정 / 447화 변형 물품의 효과 추정 중단,"199,279~199,311행",Yes,"비요른 얀델, 노아르크 원정대",게임 속 바바리안으로 살아남기,SCENE-32,"대비, 핵심",정석 성장 트리의 몬스터를 처음 처치했지만 그 정수는 이미 다른 경로에서 획득한 상태임,Yes,대비 포함 준비,중간,409화
447화 · 익숙한 비약의 형태 차이를 개량 가능성으로 남기고 전문가 연구에 넘기는 장면,REF-46,https://app.notion.com/p/3b2baa79eaae81789b63cac5e62439c1,익숙한 이름과 기본 효능은 즉시 식별하지만 크기와 형태가 다르자 효과 범위를 확정하지 않는다. 개량 가능성을 남기고 마법사가 연구실에서 확인하기로 한다.,2026년 8월 5일 오전 2:33,2026년 8월 5일,171~172화 게임에 없던 물품의 특수 감정 이관 / 409화 성장 순서 재계산,"220,681~220,733행",Yes,"비요른 얀델, 아멜리아 레인웨일즈, 베르실, 리리스 마로네, 원정대원들",게임 속 바바리안으로 살아남기,SCENE-34,"핵심, 후속",게임과 과거 현실에서 알고 있던 비약을 발견했지만 제조 주체와 형태가 달라 개량 여부와 효과량이 불명확함,Yes,대비 포함 준비,중간,447화
309~310화 · 게임에 없던 생존 정보를 공개해 은폐 범위와 후속 연구를 시험하는 장면,REF-46,https://app.notion.com/p/3b2baa79eaae81789b63cac5e62439c1,"게임에 없던 생존 정보를 첫 교환 정보로 제시한다. 진실 장치 반응뿐 아니라 누가 처음 듣는지, 제작자가 어디까지 숨겼는지, 다른 참석자가 어떤 연구·정치 판단으로 이어 가는지를 함께 본다.",2026년 8월 5일 오전 2:33,2026년 8월 5일,171화 현실 전용 역사 기록 / 447화 익숙하지만 변형된 물품의 전문가 연구,"153,313~153,415행",Yes,"비요른 얀델, 아우릴 가비스, 라비, 파멸학자, 오르큘리스 단장",게임 속 바바리안으로 살아남기,SCENE-31,"핵심, 후속",게임 제작자와 다른 고인물들이 같은 자리에 있으며 주인공만 아는 게임 비수록 정보를 어떤 수준으로 공개할지 결정해야 함,Yes,대비 포함 준비,높음,309~310화
171~172화 · 게임에 없던 물품을 확보한 뒤 전문 감정으로 넘기는 장면,REF-46,https://app.notion.com/p/3b2baa79eaae81789b63cac5e62439c1,일기 단서로 찾은 물품은 게임 지식만으로 기능을 확정하지 않는다. 귀속 뒤 현장 반응이 없자 마법사도 판정을 멈추고 도시의 특수 감정가에게 넘긴다.,2026년 8월 5일 오전 2:33,2026년 8월 5일,171화 현실 전용 일기 발견 / 447화 형태가 달라진 익숙한 비약 연구 이관,"82,855~82,925행",Yes,"비요른 얀델, 레이븐",게임 속 바바리안으로 살아남기,SCENE-30,"핵심, 후속",기록이 가리킨 물품을 발견했지만 게임에는 없고 현장 마법 검사로도 기능을 밝힐 수 없음,Yes,대비 포함 준비,중간,171~172화
49화 · 결함이 있는 초행 마법사를 공략 슬롯과 통제 가능성으로 모집하는 장면,REF-46,https://app.notion.com/p/3b2baa79eaae81bfb47dc8800d164eae,"지원자의 허풍·초행이라는 결함을 확인하고도 마법 슬롯, 낮은 추가 요구, 명령 순응 가능성을 근거로 합격시킨다. ‘동료’라는 호칭과 내부의 통제 계산이 동시에 놓인다.",2026년 8월 5일 오전 2:50,2026년 8월 5일,47화 보호 역할 재설계 / 52~53화 결함 공개 뒤 장기 동행,"22,970~23,005행",Yes,"비요른 얀델, 리올 워브 드왈키, 히쿠로드 무라드",게임 속 바바리안으로 살아남기,SCENE-36,"대비, 선행",상층 탐사에 마법사가 필요하지만 지원자는 허풍이 심하고 미궁 경험이 없음,Yes,대비 포함 준비,높음,49화
52~53화 · 보호 동기를 계기로 각자의 결함과 추방 경험을 공개하고 장기 동행을 말하는 장면,REF-46,https://app.notion.com/p/3b2baa79eaae81bfb47dc8800d164eae,리더의 실패를 용서한 뒤 구성원들이 영혼수 부재·직업 실패·마법 재능 부족·시기심을 차례로 공개한다. 결함을 숨긴 채 슬롯으로 남지 않고 서로의 장기 동행 의사를 말한다.,2026년 8월 5일 오전 2:50,2026년 8월 5일,52화 리더 실패와 공개 책임 / 173화 성장에 따른 분배권 조정,"24,620~24,767행",Yes,"비요른 얀델, 히쿠로드 무라드, 리올 워브 드왈키, 미샤 칼스타인, 브라운 로트밀러",게임 속 바바리안으로 살아남기,SCENE-38,"핵심, 후속",첫 여정 중 리더의 위험한 행동이 공개적으로 판정됐고 구성원 모두 각자의 열등감과 결함을 숨기고 있음,Yes,대비 포함 준비,높음,52~53화
47화 · 딜러 장비보다 방패를 택해 자신을 동료 보호 역할로 재설계하는 장면,REF-46,https://app.notion.com/p/3b2baa79eaae81bfb47dc8800d164eae,정수와 상층 파티 조건이 바뀌자 무기 강화보다 심장 방어와 대형 방패를 택한다. 아직 동료는 구하지 않았지만 자기 역할을 먼저 인간 장벽으로 고정한다.,2026년 8월 5일 오전 2:50,2026년 8월 5일,49화 결함 있는 마법사 모집 / 52~53화 팀 위험과 결함 공개,"22,223~22,299행",Yes,비요른 얀델,게임 속 바바리안으로 살아남기,SCENE-35,"선행, 핵심",2인 탐사에서 상층 다인 파티로 전환해야 하며 새 정수 때문에 기존 공격 장비의 효율이 낮아짐,Yes,대비 포함 준비,중간,47화
173화 · 성장한 구성원의 기여도를 반영해 분배권을 다시 조정하는 장면,REF-46,https://app.notion.com/p/3b2baa79eaae81bfb47dc8800d164eae,정산에서 빚만 남은 구성원의 전투 성장이 확인되자 리더가 먼저 분배율 인상을 제안하고 다른 구성원도 동의한다. 관계의 성장은 경제 권리 변화로 기록된다.,2026년 8월 5일 오전 2:50,2026년 8월 5일,52~53화 결함 공개와 장기 동행 / 447화 공동 전리품과 합류 시기 조정,"83,341~83,417행",Yes,"비요른 얀델, 아이나르, 미샤 칼스타인, 브라운 로트밀러, 레이븐",게임 속 바바리안으로 살아남기,SCENE-39,"대비, 후속",구성원이 낮은 전투력 때문에 낮은 분배율을 받았으나 새 정수로 평균 전력에 도달함,Yes,대비 포함 준비,중간,173화
52화 · 팀원을 모욕한 상대에게 반응한 리더가 전원을 위험에 빠뜨리고 공개 책임을 지는 장면,REF-46,https://app.notion.com/p/3b2baa79eaae81bfb47dc8800d164eae,"팀원을 모욕한 강자에게 리더가 폭발하자 주인공이 무기와 행동을 강제로 멈춘다. 안전지대로 빠진 뒤 리더는 변명 없이 사과하고, 동료는 위험 책임과 보호 동기를 분리해 판정한다.",2026년 8월 5일 오전 2:50,2026년 8월 5일,49화 기능 슬롯 모집 / 52~53화 결함 공개와 장기 동행,"24,480~24,619행",Yes,"비요른 얀델, 히쿠로드 무라드, 리올 워브 드왈키, 브라운 로트밀러, 미샤 칼스타인, 드자르위 클랜",게임 속 바바리안으로 살아남기,SCENE-37,"실패, 핵심",상대 전력이 압도적인 상황에서 팀원이 공개 모욕을 당하고 팀장이 감정적으로 선공하려 함,Yes,대비 포함 준비,높음,52화
827화 · 추가 구조를 감상이 아니라 집단 생존 확률과 동료 회수 가능성으로 설명하는 장면,REF-46,https://app.notion.com/p/3b2baa79eaae81bfb47dc8800d164eae,추가 구조에 반대하는 구성원에게 주인공은 도덕적 명령보다 즉사 구역·인원 규모·정석 방어의 생존 확률을 설명한다. 사람 회수와 자기 생존이 같은 전략으로 결합된다.,2026년 8월 5일 오전 2:51,2026년 8월 5일,825~826화 임시 공동체 편입 / 826~827화 공동체 반례,"382,820~382,967행",Yes,"비요른 얀델, 임시 동행자들",게임 속 바바리안으로 살아남기,SCENE-49,"핵심, 후속",현재 방식으로는 좌석과 위험이 한계에 도달했고 추가 생존자 구조 여부를 집단이 결정해야 함,Yes,대비 포함 준비,중간,827화
175화 · 생존 조언을 멈추고 타인의 마지막 선택을 침해하지 않는 장면,REF-46,https://app.notion.com/p/3b2baa79eaae81bfb47dc8800d164eae,주인공은 위험과 생존 가능성을 충분히 설명한 뒤 더는 설득하지 않는다. 상대가 남기로 한 선택을 존중하고 구조 가능성만 열어 둔다.,2026년 8월 5일 오전 2:51,2026년 8월 5일,173화 분배권 조정 / 208화 의견 청취 뒤 최종 결정 책임,"84,555~84,689행",Yes,"비요른 얀델, 외부 인격 A",게임 속 바바리안으로 살아남기,SCENE-40,"대비, 미해결",상대가 치명적 위험을 알면서도 자기 이유로 현장에 남으려 하고 주인공은 강제로 데려갈 수 있음,Yes,대비 포함 준비,중간,175화
825~826화 · 흩어진 동료를 찾기 위해 낙오자를 능력 기준으로 태우며 이동 공동체를 만드는 장면,REF-46,https://app.notion.com/p/3b2baa79eaae81bfb47dc8800d164eae,붕괴 중 주인공은 흩어진 동료를 찾으며 만난 낙오자를 구조한다. 구조자는 감상보다 능력·디버프·이동 가능성을 즉시 확인해 임시 공동체로 편입한다.,2026년 8월 5일 오전 2:51,2026년 8월 5일,826~827화 공동체 판단 기준의 반례 / 827화 추가 구조의 생존 논리,"382,140~382,340행",Yes,"비요른 얀델, 메이즈 라이너, 낙오자들",게임 속 바바리안으로 살아남기,SCENE-47,"대비, 후속",차원 붕괴로 동료와 흩어졌고 이동하지 않으면 죽지만 이동 중 다른 생존자를 만남,Yes,대비 포함 준비,높음,825~826화
446화 · 빈 파티 슬롯을 급히 채우지 않고 현재 구성원만 클랜에 등록하는 장면,REF-46,https://app.notion.com/p/3b2baa79eaae81bfb47dc8800d164eae,결원은 전력 손실로 보이지만 아무나 채우지 않는다. 현재 관계와 검증된 책임을 기준으로 조직을 먼저 등록하고 빈자리는 열린 상태로 둔다.,2026년 8월 5일 오전 2:51,2026년 8월 5일,382~383화 새 소속 인정 / 447화 합류 시기와 전리품 공동 결정,"220,397~220,450행",Yes,"비요른 얀델, 현재 파티 구성원들",게임 속 바바리안으로 살아남기,SCENE-45,"대비, 후속",파티 정원은 비어 있지만 조직 등록 시점이 왔고 즉시 충원할 후보는 검증되지 않음,Yes,대비 포함 준비,중간,446화
208화 · 동료 의견을 들은 뒤 실제 죽음의 책임을 인식하고 최종 합류 결정을 맡는 장면,REF-46,https://app.notion.com/p/3b2baa79eaae81bfb47dc8800d164eae,"리더는 구성원에게 위험과 선택지를 공개하고 의견을 듣는다. 마지막 결정은 떠넘기지 않고 직접 내리며, 실패하면 게임 캐릭터가 아니라 실제 사람이 죽는다는 책임을 자각한다.",2026년 8월 5일 오전 2:51,2026년 8월 5일,175화 타인의 마지막 선택 존중 / 211~212화 행동 기준의 새 리더 선택,"101,579~101,713행",Yes,"비요른 얀델, 파티 구성원들",게임 속 바바리안으로 살아남기,SCENE-41,핵심,대규모 위험에 합류할지 결정해야 하고 어느 선택도 구성원의 생명을 보장하지 못함,Yes,대비 포함 준비,높음,208화
382~383화 · 옛 동료가 새 소속을 얻은 사실을 받아들이고 현재 동료를 자동 보호 대상으로 보지 않는 장면,REF-46,https://app.notion.com/p/3b2baa79eaae81bfb47dc8800d164eae,재회한 옛 동료는 이미 새 팀과 책임을 얻었다. 주인공은 과거 친밀감을 이유로 자동 복귀를 요구하지 않고 현재 소속과 선택을 먼저 확인한다.,2026년 8월 5일 오전 2:51,2026년 8월 5일,446화 빈 슬롯을 급히 채우지 않는 장면 / 447화 합류 시기 공동 조정,"186,957~187,135행",Yes,"비요른 얀델, 옛 동료 A, 새 동료들",게임 속 바바리안으로 살아남기,SCENE-44,"대비, 미해결, 후속",장기 분리 뒤 재회했지만 옛 동료는 새로운 팀·지위·책임을 얻은 상태임,Yes,대비 포함 준비,중간,382~383화
211~212화 · 버림받은 팀들이 기존 직함보다 위험을 함께 감수할 행동을 기준으로 새 리더를 선택하는 장면,REF-46,https://app.notion.com/p/3b2baa79eaae81bfb47dc8800d164eae,기존 리더들이 자기 생존을 위해 팀을 버린 뒤 남은 사람들이 위험을 함께 감수한 인물을 중심으로 다시 모인다. 리더십은 직함이 아니라 실제 행동과 집단 선택으로 재배분된다.,2026년 8월 5일 오전 2:51,2026년 8월 5일,208화 최종 결정 책임 / 216화 실패 뒤 선택 책임 정산,"103,615~103,971행",Yes,"비요른 얀델, 버림받은 탐험가들, 기존 팀장들",게임 속 바바리안으로 살아남기,SCENE-42,"핵심, 후속",기존 지휘자들이 구성원을 버렸고 남은 집단은 즉시 새 지휘 체계를 정해야 함,Yes,대비 포함 준비,높음,211~212화
826~827화 · 죽은 동료를 소모품으로 보는 생존자를 구조한 뒤 공동체 판단 기준의 반례로 남기는 장면,REF-46,https://app.notion.com/p/3b2baa79eaae81bfb47dc8800d164eae,"주인공은 생존자를 구조하고 능력을 확인하지만, 그가 자신을 지키다 죽은 동료를 쓰레기라 부르자 즉시 불쾌감과 배제 충동을 느낀다. 전력 가치는 공동체 자격과 분리된다.",2026년 8월 5일 오전 2:51,2026년 8월 5일,825~826화 임시 공동체 편입 / 827화 추가 구조의 생존 논리,"382,380~382,640행",Yes,"비요른 얀델, 엘베인 커터, 메이즈 라이너, 사망한 탐험가들",게임 속 바바리안으로 살아남기,SCENE-48,"대비, 실패",유용한 능력을 가진 생존자를 구조했지만 그가 자신을 보호하다 죽은 사람들을 소모품으로 취급함,Yes,대비 포함 준비,높음,826~827화
216화 · 동료를 잃은 구성원이 리더를 원망하지 않고 자신이 선택한 책임까지 되돌려 받는 장면,REF-46,https://app.notion.com/p/3b2baa79eaae81bfb47dc8800d164eae,상실 뒤 구성원은 리더에게 책임을 전가하지 않는다. 리더도 위로로 덮지 않고 자신이 내린 결정과 상대가 동의한 선택을 함께 인정한다.,2026년 8월 5일 오전 2:51,2026년 8월 5일,208화 최종 결정 책임 / 211~212화 새 리더 선택,"106,059~106,163행",Yes,"비요른 얀델, 상실한 구성원 A",게임 속 바바리안으로 살아남기,SCENE-43,"미해결, 실패",공동 결정 뒤 실제 사망자가 발생했고 생존한 구성원이 상실을 감당해야 함,Yes,대비 포함 준비,높음,216화
447화 · 공동 전리품의 사용을 집단 결정으로 남기고 각자의 기존 직위에 따라 합류 시기를 조정하는 장면,REF-46,https://app.notion.com/p/3b2baa79eaae81bfb47dc8800d164eae,강력한 전리품도 리더가 독점 결정하지 않는다. 각자의 기존 직위와 외부 책임을 고려해 사용권과 합류 시기를 함께 조정한다.,2026년 8월 5일 오전 2:51,2026년 8월 5일,173화 분배권 조정 / 446화 빈 슬롯 유지,"220,825~220,889행",Yes,"비요른 얀델, 파티 구성원들",게임 속 바바리안으로 살아남기,SCENE-46,"핵심, 후속",공동 획득한 고가치 전리품과 복수 구성원의 외부 직위·의무가 동시에 존재함,Yes,대비 포함 준비,중간,447화
394~396화 · 무력 시험 뒤 패배자들이 정보·치밀함·결의를 다시 평가해 지휘권을 수용하는 장면,REF-46,https://app.notion.com/p/3b2baa79eaae813b9438cd9f8e8120aa,네 명을 상대한 결투 승리 뒤 패배자들은 단순 힘이 아니라 상대 정보 파악·의도적 유인·합리적 부상 교환·끝까지 버티는 결의를 각각 지휘 근거로 재평가한다.,2026년 8월 5일 오전 7:43,2026년 8월 5일,393화 지휘 기준 공개 토론 / 397화 팀 자율과 전체 집결 명령 분리,"192,171~193,237행",Yes,"비요른 얀델(리헨 슈이츠), 멜렌드 카이슬란, 티타나 아쿠라바, 제임스 칼라, 준, 치유사들",게임 속 바바리안으로 살아남기,SCENE-52,"대비, 핵심",4대1 결투가 공개 보장됐지만 무력 승리만으로 지휘 적격을 증명하기에는 부족함,Yes,대비 포함 준비,높음,394~396화
393화 · 통솔·경험·정보·신뢰를 서로 다른 후보가 지휘 기준으로 공개 토론하는 장면,REF-46,https://app.notion.com/p/3b2baa79eaae813b9438cd9f8e8120aa,다섯 후보가 각자 통솔력·경험·정보·후원·신뢰를 지휘 자격으로 주장한다. 주인공은 말로 합의하지 않고 실제 시험으로 판정을 넘긴다.,2026년 8월 5일 오전 7:43,2026년 8월 5일,394~396화 실전 결과 뒤 지휘권 수용 / 397화 팀 자율과 전체 명령 분리,"191,881~192,127행",Yes,"비요른 얀델(리헨 슈이츠), 멜렌드 카이슬란, 티타나 아쿠라바, 제임스 칼라, 준, 테르세리온 후작",게임 속 바바리안으로 살아남기,SCENE-51,"대비, 핵심",후원 세력이 다른 다섯 후보가 서른 명 규모 비밀 원정대의 단일 지휘권을 놓고 경쟁함,Yes,대비 포함 준비,높음,393화
503~504화 · 발견 소유권을 유지하면서 살인 증거를 수집해 길드 판단으로 넘기는 장면,REF-46,https://app.notion.com/p/3b2baa79eaae813b9438cd9f8e8120aa,숨은 길을 먼저 찾은 집단의 발견권은 인정한다. 그러나 이를 숨기려 여섯 명을 죽인 정황은 수정구·신분증·증언으로 증거화해 길드의 공적 판단에 넘긴다.,2026년 8월 5일 오전 7:43,2026년 8월 5일,393~397화 원정대 지휘권·자율 구조 / 604~606화 군단 책임 인수와 재편,"247,639~248,015행",Yes,"비요른 얀델, 에르웬, 베르실, 아멜리아, 미샤, 아이나르, 아우옌, 중소 클랜과 희생자들, 탐험가 길드",게임 속 바바리안으로 살아남기,SCENE-54,"대비, 핵심",중소 클랜이 숨은 길을 최초 발견했지만 이를 목격한 여섯 명을 살해한 정황이 있음,Yes,대비 포함 준비,높음,503~504화
397화 · 평시 팀 자율 전투와 비상시 전체 집결 진형을 분리하는 장면,REF-46,https://app.notion.com/p/3b2baa79eaae813b9438cd9f8e8120aa,서른 명을 이틀 만에 하나의 부대로 만들지 않는다. 기존 팀의 숙련을 유지하고 평시 개별 전투와 비상시 전체 집결·진형만 공통 명령으로 표준화한다.,2026년 8월 5일 오전 7:43,2026년 8월 5일,394~396화 지휘권 수용 / 606화 기능 책임자·정기 보고 체계 재편,"193,951~194,017행",Yes,"비요른 얀델(리헨 슈이츠), 다섯 팀장, 원정대원 30명, 제임스 칼라",게임 속 바바리안으로 살아남기,SCENE-53,"핵심, 후속",각 팀은 이미 숙련됐지만 전체 서른 명을 이틀 안에 단일 전투 단위로 훈련할 수 없음,Yes,대비 포함 준비,중간,397화
215화 · 생존 판단을 보고하고 외부 지휘관에게 자질을 인정받는 장면,REF-46,https://app.notion.com/p/3b2baa79eaae813b9438cd9f8e8120aa,팀을 다른 지휘자에게 맡긴 뒤 왕실 본부로 이동해 경로와 위험을 보고한다. 지휘관은 결과보다 어떤 필요 선택을 했는지 확인하고 지휘 자질을 인정한다.,2026년 8월 5일 오전 7:43,2026년 8월 5일,208화 파티 최종 결정 책임 / 211~212화 행동 기준의 새 리더 선택,"105,245~105,477행",Yes,"비요른 얀델, 레이븐, 에르고스 경, 마르코 엘번, 베르실 고울랜드, 왕실 임시 본부",게임 속 바바리안으로 살아남기,SCENE-50,"핵심, 후속",심각한 부상 상태로 경고 반지와 생존 경로 정보를 왕실 본부에 전달해야 하며 팀은 다른 사람에게 맡겨야 함,Yes,대비 포함 준비,높음,215화
618화 · 레일 구조도를 매일 갱신해 지도 복사본을 전원에게 배포하는 장면,REF-46,https://app.notion.com/p/3b2baa79eaae819d958ad97fbc196994,현장 수색으로 만든 레일 구조도를 매일 갱신하고 복사본을 모든 대원에게 배포한다. 개인 발견이 버전이 있는 공용 자산으로 바뀐다.,2026년 8월 5일 오전 7:44,2026년 8월 5일,617~618화 관제실 발견·레일 정지 / 620화 숨은 대기실 발견,"298,371~298,419행",Yes,"비요른 얀델, 아멜리아 레인웨일즈, 왕실 탐사군",게임 속 바바리안으로 살아남기,SCENE-62,"핵심, 후속",레일 구조가 복잡하고 계속 발견·변경되어 개인 기억만으로는 전체 수색이 불가능함,Yes,대비 포함 준비,중간,618화
559화 · 전투 결과를 본 전문가가 자기 오판을 인정하고 판단 발언권을 열어주는 장면,REF-46,https://app.notion.com/p/3b2baa79eaae813b9438cd9f8e8120aa,전문가는 전투 전 주인공의 위험 평가를 낮게 봤지만 실제 희생을 본 뒤 자기 오판을 인정하고 다음 판단에서 주인공의 발언권을 높인다.,2026년 8월 5일 오전 7:44,2026년 8월 5일,559화 손실 보고 / 560화 지도 기반 다음 목표 자문,"273,273~273,323행",Yes,"비요른 얀델, 가휜 베실러스",게임 속 바바리안으로 살아남기,SCENE-57,"대비, 후속",전문가의 사전 평가와 실제 전투 손실이 크게 어긋남,Yes,대비 포함 준비,중간,559화
557화 · 전문 지식 충돌을 듣고 지휘관이 목표와 모든 책임을 직접 확정하는 장면,REF-46,https://app.notion.com/p/3b2baa79eaae813b9438cd9f8e8120aa,전문가들이 서로 다른 공략 대상을 주장하자 사령관은 다수결로 책임을 넘기지 않고 한 목표를 선택하며 모든 손실 책임을 자기 이름으로 선언한다.,2026년 8월 5일 오전 7:44,2026년 8월 5일,393화 지휘 기준 토론 / 559화 승리·전사자 보고,"271,881~272,027행",Yes,"비요른 얀델, 제롬 세인트레드, 가휜 베실러스, 왕실 탐사군",게임 속 바바리안으로 살아남기,SCENE-55,"대비, 핵심",전문가 의견이 갈리고 어느 목표도 무손실을 보장하지 못함,Yes,대비 포함 준비,높음,557화
559화 · 승리와 전사자 보고 뒤 임무 성공 논리가 사람의 손실과 충돌하는 장면,REF-46,https://app.notion.com/p/3b2baa79eaae813b9438cd9f8e8120aa,1등급 마물 처치라는 위업은 공식 보고되지만 정수 미획득과 전사자 수가 이어진다. 성공 보고가 손실을 지우지 못한다.,2026년 8월 5일 오전 7:44,2026년 8월 5일,557화 책임 선언 / 559화 전문가의 오판 인정,"273,037~273,133행",Yes,"비요른 얀델, 제롬 세인트레드, 에보스트, 왕실 탐사군",게임 속 바바리안으로 살아남기,SCENE-56,"대비, 실패",목표 처치에는 성공했지만 다수 사망과 핵심 보상 미획득이 발생함,Yes,대비 포함 준비,높음,559화
620~621화 · 탐사·연구·자원 생산을 병행하고 맞춤형 정수를 동료·대원·왕실 몫으로 배분하는 장면,REF-46,https://app.notion.com/p/3b2baa79eaae813b9438cd9f8e8120aa,탐사와 연구를 병행하며 생산된 정수의 우선순위를 동료·현장 대원·왕실 몫으로 나눈다. 발견 성과가 개인 독점이 아니라 재생산 가능한 배분 체계로 바뀐다.,2026년 8월 5일 오전 7:44,2026년 8월 5일,620화 동료 수색·권한 분담 / 618화 지도 공용화,"299,307~299,655행",Yes,"비요른 얀델, 레이븐, 아멜리아 레인웨일즈, 왕실 탐사군",게임 속 바바리안으로 살아남기,SCENE-64,"대비, 후속",새로운 자원 생산 기술이 생겼지만 수량과 실험 비용이 제한됨,Yes,대비 포함 준비,중간,620~621화
606화 · 군대식 조 편성을 기능 책임자와 정기 보고 체계로 재편하는 장면,REF-46,https://app.notion.com/p/3b2baa79eaae813b9438cd9f8e8120aa,기존 조와 무관하게 클래스별 책임자를 세우고 연구·조사·전투 기능을 나눈다. 지휘자는 책임자를 통해 정기 보고를 받는다.,2026년 8월 5일 오전 7:44,2026년 8월 5일,397화 팀 자율·전체 집결 분리 / 618화 갱신 지도 공용화,"293,235~293,491행",Yes,"비요른 얀델, 가휜 베실러스, 레이븐, 탐사군 책임자들",게임 속 바바리안으로 살아남기,SCENE-61,"핵심, 후속",수백 명의 기존 군대식 조 편성으로 연구·조사·전투를 동시에 관리하기 어려움,Yes,대비 포함 준비,중간,606화
560화 · 공략 뒤 갱신된 지도 위에서 다음 목표의 자문권이 확대되는 장면,REF-46,https://app.notion.com/p/3b2baa79eaae813b9438cd9f8e8120aa,공략 후 회의에서 가장 오래 머물렀고 지도를 제공한 사람이 다음 경로를 제안한다. 개인 경험은 지도와 손실 평가를 통해 집단의 자문권으로 바뀐다.,2026년 8월 5일 오전 7:44,2026년 8월 5일,559화 전문가의 오판 인정 / 606화 기능 책임자·보고 체계,"273,431~273,509행",Yes,"비요른 얀델, 제롬 세인트레드, 각 조장과 지휘관",게임 속 바바리안으로 살아남기,SCENE-58,"핵심, 후속",한 공략이 끝났고 전력 손실을 반영해 다음 목적지를 정해야 함,Yes,대비 포함 준비,중간,560화
620화 · 맞춤형 정수 연구보다 동료 수색을 우선하고 구조 뒤 조사 권한을 분담하는 장면,REF-46,https://app.notion.com/p/3b2baa79eaae813b9438cd9f8e8120aa,희귀 연구 성과에 탐사군이 몰입하지만 주인공은 레일 수색을 재개해 동료들을 찾는다. 구조 직후 조사단장에게 현장 조사 권한을 남긴다.,2026년 8월 5일 오전 7:44,2026년 8월 5일,618화 갱신 지도 배포 / 620~621화 탐사·연구·자원 배분,"298,977~299,235행",Yes,"비요른 얀델, 레이븐, 아멜리아 레인웨일즈, 조사단장, 구조된 동료들",게임 속 바바리안으로 살아남기,SCENE-63,"대비, 핵심",맞춤형 정수라는 대형 연구 성과와 실종 동료 수색이 경쟁함,Yes,대비 포함 준비,높음,620화
604화 · 선행 지식의 누락과 인원 손실을 인정하고 공략 실패를 선언하는 장면,REF-46,https://app.notion.com/p/3b2baa79eaae813b9438cd9f8e8120aa,정석 공략과 다른 결과가 나오자 누락된 정보와 손실을 확인하고 성공으로 포장하지 않는다. 지휘자는 실패를 직접 선언한다.,2026년 8월 5일 오전 7:44,2026년 8월 5일,557화 목표·책임 선언 / 604~605화 군단 지휘권 인수,"292,369~292,503행",Yes,"비요른 얀델, 왕실 탐사군, 대주교",게임 속 바바리안으로 살아남기,SCENE-59,"실패, 핵심",선행 공략 정보가 현실에서 누락됐고 핵심 인물과 병력을 잃음,Yes,대비 포함 준비,높음,604화
604~605화 · 지휘 공백에서 조사 권한을 먼저 행사하고 공개 선출로 군단 지휘권을 인수하는 장면,REF-46,https://app.notion.com/p/3b2baa79eaae813b9438cd9f8e8120aa,사령관 부재와 부사령관의 거부 속에서 주인공은 현장 조사와 책임 정리를 먼저 수행한 뒤 구성원들의 공개 동의로 군단 지휘권을 인수한다.,2026년 8월 5일 오전 7:44,2026년 8월 5일,604화 공략 실패 / 606화 기능 책임자·보고 체계 재편,"292,649~293,109행",Yes,"비요른 얀델, 가휜 베실러스, 왕실 탐사군 지휘관들",게임 속 바바리안으로 살아남기,SCENE-60,"핵심, 후속",사령관이 사라지고 합법적 승계자도 수백 명 책임을 거부함,Yes,대비 포함 준비,높음,604~605화
309화 · 몸의 이름과 진입 시기를 묻는 질문에 묵비하고 정보 역유출 위험 때문에 진실게임을 조기 종료하는 장면,REF-46,https://app.notion.com/p/3b2baa79eaae81078483c176b5c95fa5,"아우릴 가비스가 과거 위장 이름을 조사해 실명과 진입 시기를 좁힌다. 비요른은 질문에 답하지 않고, 자신의 다음 질문도 현재 위치를 노출할 수 있음을 깨달아 게임을 끝낸다.",2026년 8월 5일 오전 8:09,2026년 8월 5일,308화 질문 설계 / 309화 정보 제출형 원탁 규칙,"152,811~152,973행",Yes,"비요른 얀델, 아우릴 가비스",게임 속 바바리안으로 살아남기,SCENE-70,"이탈, 핵심",상대가 위장 이름의 모순을 조사했고 질문을 주고받을수록 실명·진입 시기·현재 위치가 좁혀짐,Yes,대비 포함 준비,높음,309화
308화 · 질문 교환비를 협상하고 예·아니오 질문으로 사실만 고정한 뒤 심리 기반 판정의 빈틈을 읽는 장면,REF-46,https://app.notion.com/p/3b2baa79eaae81078483c176b5c95fa5,비요른은 불확실성을 부담하는 대가로 질문 세 번 대 한 번의 교환비를 얻는다. 예·아니오 질문으로 팩트를 고정하지만 보석이 문장 진실보다 화자의 심리와 생략을 판정한다는 빈틈을 확인한다.,2026년 8월 5일 오전 8:09,2026년 8월 5일,307화 장치 신뢰 협상 / 309화 묵비와 게임 종료,"152,293~152,513행",Yes,"비요른 얀델, 아우릴 가비스, 진실 보석",게임 속 바바리안으로 살아남기,SCENE-69,"대비, 핵심",진실 장치가 있지만 제작자 조작 가능성과 질문별 정보량 차이가 남아 있음,Yes,대비 포함 준비,높음,308화
92~93화 · 익명 정보 시장에서 고가 정보를 팔되 현실 접점과 과도한 거래 흔적을 피하는 장면,REF-46,https://app.notion.com/p/3b2baa79eaae81078483c176b5c95fa5,"고스트 포인트 시장에서 공략 정보를 판매해 자원을 얻는다. 그러나 현실 물품 거래와 대량 판매는 바바리안 신분과 연결될 위험 때문에 제한하며, 사기 억제는 영구 추방 규칙이 보증한다.",2026년 8월 5일 오전 8:09,2026년 8월 5일,91~92화 닉네임 은폐 / 309화 정보 제출형 원탁 규칙,"44,691~44,857행",Yes,"비요른 얀델, 고스트 버스터즈 거래소, 정보 구매자들",게임 속 바바리안으로 살아남기,SCENE-67,"대비, 핵심",익명 지식은 수익화할 수 있지만 현실 물품과 거래량이 현지 신분을 추적할 단서가 됨,Yes,대비 포함 준비,중간,92~93화
90~91화 · 심상 공간·말투·현대 물건과 비공개 판정으로 플레이어를 인증하고 변경 불가 닉네임을 발급하는 장면,REF-46,https://app.notion.com/p/3b2baa79eaae81078483c176b5c95fa5,소울퀸즈는 옷·말투·심상 공간과 공개하지 않는 추가 기준으로 현지인 침입 여부를 판정한다. 통과 뒤 코드 입력과 변경 불가 닉네임 발급으로 익명 신분을 고정한다.,2026년 8월 5일 오전 8:09,2026년 8월 5일,91~92화 닉네임 공개로 과거 정체가 노출될 뻔한 장면 / 92~93화 정보 시장,"44,071~44,241행",Yes,"비요른 얀델, 소울퀸즈, 고스트 버스터즈",게임 속 바바리안으로 살아남기,SCENE-65,"선행, 핵심",현지인이 플레이어 공동체에 침입할 수 있어 신규 참가자의 출신을 검증해야 함,Yes,대비 포함 준비,높음,90~91화
307화 · 진실 보석을 제시해도 제작자의 조작 가능성과 검증자 필요를 협상하는 장면,REF-46,https://app.notion.com/p/3b2baa79eaae81078483c176b5c95fa5,아우릴 가비스가 진실과 거짓을 색으로 판정하는 보석을 제시하지만 비요른은 제작자가 결과를 조작할 가능성을 제기한다. 장치 외에 제3자의 이의 제기 능력이 추가된다.,2026년 8월 5일 오전 8:09,2026년 8월 5일,308화 질문 교환비·예아니오 설계 / 309화 원탁 규칙,"152,119~152,251행",Yes,"비요른 얀델, 아우릴 가비스, 진실 보석",게임 속 바바리안으로 살아남기,SCENE-68,"대비, 선행",서로를 신뢰하지 않는 두 사람이 진실 판정 장치를 사이에 두고 정보를 교환하려 함,Yes,대비 포함 준비,높음,307화
385~386화 · 행정 숫자와 동선으로 옛 신분을 맞히지만 실종 원인은 잘못 해석하는 장면,REF-46,https://app.notion.com/p/3b2baa79eaae81078483c176b5c95fa5,"테르세리온 후작은 위장 신분 자료의 손상, 성장 속도, 실종 기간과 재등장 동선을 숫자로 연결해 비요른 얀델임을 맞힌다. 그러나 시간 이동 대신 노아르크 체류라고 원인을 오해한다.",2026년 8월 5일 오전 8:09,2026년 8월 5일,386화 옛 신분의 선택적 인정 / 647화 습관·시기 누적 판정,"188,321~188,465행",Yes,"비요른 얀델, 테르세리온 후작, 리헨 슈이츠 신분, 노아르크",게임 속 바바리안으로 살아남기,SCENE-72,"대비, 핵심",장기 실종 뒤 위장 신분으로 돌아온 인물의 성장 수치와 이동 기록이 기존 사망 기록과 충돌함,Yes,대비 포함 준비,높음,385~386화
309화 · 개인 질의응답을 중단하고 진실·비공유 정보 조건의 원탁 규칙으로 정보 채널을 재설계하는 장면,REF-46,https://app.notion.com/p/3b2baa79eaae81078483c176b5c95fa5,질문권을 주고받는 방식 대신 반드시 진실이며 참가자 절반 이상이 모르는 정보를 제출하는 규칙을 제안한다. 제작자는 권한을 보석에 넣고 여러 참가자의 이의 제기 구조를 만든다.,2026년 8월 5일 오전 8:09,2026년 8월 5일,309화 진실게임 조기 종료 / 310~311화 원탁 정보 제출,"152,985~153,169행",Yes,"비요른 얀델, 아우릴 가비스, 카구레아스와 원탁 참가자들",게임 속 바바리안으로 살아남기,SCENE-71,"핵심, 후속",양자 질의응답은 질문 자체가 정체 정보를 빼내고 상대 한 명의 해석에 의존함,Yes,대비 포함 준비,중간,309화
91~92화 · 공개 닉네임이 과거 게시자 정체를 노출하려 하자 철자 한 글자로 사칭 팬 역할을 만드는 장면,REF-46,https://app.notion.com/p/3b2baa79eaae81078483c176b5c95fa5,인지 명령으로 닉네임을 공개하자 유명 게시자와 동일하다는 반응이 쏟아진다. 비요른은 철자 한 글자 차이를 근거로 팬·사칭자 역할을 즉시 만들고 실제 정체를 감춘다.,2026년 8월 5일 오전 8:09,2026년 8월 5일,90~91화 익명 공동체 인증 / 735화 과거 닉네임을 적에게 공개하는 장면,"44,317~44,447행",Yes,"비요른 얀델, 다크맨, 고스트 버스터즈 참가자들",게임 속 바바리안으로 살아남기,SCENE-66,"대비, 오해",익명 공동체의 닉네임이 과거 현실 게시판의 유명 작성자 신분과 겹침,Yes,대비 포함 준비,높음,91~92화
737화 · 가면 말투의 기원과 목표 부재를 확인한 뒤 임시 합류를 제안하고 즉시 배신하는 장면,REF-46,https://app.notion.com/p/3b2baa79eaae81078483c176b5c95fa5,적의 가면 말투가 수사자 등장 이후 현실 행동까지 잠식했음을 확인한다. 적은 목표가 없고 멋지게 죽고 싶다고 말하며 합류 제안을 받아들이지만 비요른은 희망을 준 직후 죽인다.,2026년 8월 5일 오전 8:10,2026년 8월 5일,736~737화 본명·출신 교환 / 적대적 정체 공개의 반례,"346,943~347,065행",Yes,"비요른 얀델, 하야시 겐스케, 광대",게임 속 바바리안으로 살아남기,SCENE-80,"실패, 이탈",적대자의 현실 정체와 가면 기원은 밝혀졌지만 목표·폭력 기준·신뢰는 정렬되지 않음,Yes,대비 포함 준비,높음,737화
736화 · 적대자가 과거 정보와 반응을 역산해 서로 분리했던 두 가면을 하나로 합치는 장면,REF-46,https://app.notion.com/p/3b2baa79eaae81078483c176b5c95fa5,"아벳 네크라페토는 원탁 정보, 종교 정보 선점, 과거 살기와 대면 기록을 다시 연결해 수사자 가면과 비요른 얀델이 같은 인물임을 납득한다.",2026년 8월 5일 오전 8:10,2026년 8월 5일,735화 다중 가면 연쇄 공개 / 736~737화 마지막 본명 교환,"346,249~346,371행",Yes,"아벳 네크라페토, 비요른 얀델, 수사자 가면, 여왕, 광대",게임 속 바바리안으로 살아남기,SCENE-78,"대비, 후속",적대자가 서로 다른 정보망에서 보아 온 두 신분이 같은 인물이라는 충격적 공개를 받음,Yes,대비 포함 준비,높음,736화
647화 · 선택적 공개 뒤 사적 만남 대신 지연형 쌍방 종이로 별도 연락권을 만드는 장면,REF-46,https://app.notion.com/p/3b2baa79eaae81078483c176b5c95fa5,둘은 공개적으로 만나는 위험을 피하기 위해 한쪽에 쓴 글이 다른 쪽에도 나타나는 종이를 나눈다. 긴 대화가 아니라 만남 시간·장소와 경고만 전달하는 제한 통신망이 생긴다.,2026년 8월 5일 오전 8:10,2026년 8월 5일,647화 선택적 공개 / 후반 별도 협력 채널,"309,883~309,943행",Yes,"비요른 얀델, 강현별, 쌍방 통신 종이",게임 속 바바리안으로 살아남기,SCENE-76,"핵심, 후속",사적 정체를 공유했지만 공개 접촉은 양쪽 신분망에 위험을 줌,Yes,대비 포함 준비,중간,647화
386화 · 더 강한 검증과 주변인 조사 전에 옛 신분만 인정하고 정치 협상으로 전환하는 장면,REF-46,https://app.notion.com/p/3b2baa79eaae81078483c176b5c95fa5,비요른은 검증 물건이 통하지 않을 경우 동료들이 조사받을 것을 계산해 옛 신분을 인정한다. 그러나 실종 원인과 악령 공표의 진상은 필요한 만큼만 말하며 협상권을 확보한다.,2026년 8월 5일 오전 8:10,2026년 8월 5일,385~386화 숫자 기반 추론 / 647화 필요한 층만 공개하는 장면,"188,475~188,619행",Yes,"비요른 얀델, 테르세리온 후작, 에르웬, 아멜리아, 레이븐",게임 속 바바리안으로 살아남기,SCENE-73,"핵심, 후속",상대가 동일 인물임을 거의 확신했고 다음 단계로 강제 검증과 주변인 조사가 예상됨,Yes,대비 포함 준비,높음,386화
735화 · 전투 집중을 깨기 위해 현지 신분·플레이어·과거 닉네임·원탁 가면을 연쇄 공개하는 장면,REF-46,https://app.notion.com/p/3b2baa79eaae81078483c176b5c95fa5,"비요른은 적의 집중을 흔들기 위해 악령, 한국 출신, 과거 게시자 닉네임, 적의 원탁 이름, 자신의 수사자 가면 정체를 차례로 공개한다. 공개는 고백보다 공격 수단이다.",2026년 8월 5일 오전 8:10,2026년 8월 5일,91~92화 과거 닉네임 은폐 / 736화 적대자의 역산,"346,163~346,245행",Yes,"비요른 얀델, 아벳 네크라페토, 엘프누나, 광대, 수사자 가면",게임 속 바바리안으로 살아남기,SCENE-77,"이탈, 핵심",상대가 전투에 완전히 집중해 일반 공격으로 빈틈을 만들기 어려움,Yes,대비 포함 준비,높음,735화
646~647화 · 가면에 대한 순간 반응과 진입 시기·성장·과거 취향을 합쳐 정체를 판정하는 장면,REF-46,https://app.notion.com/p/3b2baa79eaae81078483c176b5c95fa5,"강현별은 진입 시기, 성장 속도, 과거 방패바바 취향을 모으고 흑가면에 대한 순간 반응과 놀랄 때 눈을 감는 습관으로 마지막 확신을 얻는다.",2026년 8월 5일 오전 8:10,2026년 8월 5일,385~386화 숫자로 맞히되 원인을 오해한 추론 / 647화 선택적 공개,"309,563~309,761행",Yes,"비요른 얀델, 강현별, 하린 스에뷔, 흑가면",게임 속 바바리안으로 살아남기,SCENE-74,"대비, 핵심",한 사람이 현지 신분과 과거 현실 신분을 동시에 운영하며 직접 증명할 암구호가 없음,Yes,대비 포함 준비,높음,646~647화
736~737화 · 마지막 순간 광대 역할을 벗기고 본명·출신·귀환 의사·과거 게시자 정체를 교환하는 장면,REF-46,https://app.notion.com/p/3b2baa79eaae81078483c176b5c95fa5,죽음을 앞둔 적에게 가면을 벗으라고 요구하고 본명·출신·체류 연수·귀환 의사를 묻는다. 비요른도 과거 게시자 정체와 현실의 비루함을 일부 공개하지만 전면적 공감이나 용서는 일어나지 않는다.,2026년 8월 5일 오전 8:10,2026년 8월 5일,736화 두 가면 통합 / 737화 임시 합류 제안과 배신,"346,639~346,833행",Yes,"비요른 얀델, 아벳 네크라페토, 하야시 겐스케, 광대, 수사자 가면",게임 속 바바리안으로 살아남기,SCENE-79,"대비, 후속",적대자가 패배했고 죽기 전에 서로의 현실 정체와 선택 이유를 확인할 마지막 시간이 남음,Yes,대비 포함 준비,높음,736~737화
647화 · 상호 정체 침해의 선을 확인한 뒤 필요한 층만 공개하고 귀환 목표 불일치는 다시 숨기는 장면,REF-46,https://app.notion.com/p/3b2baa79eaae81078483c176b5c95fa5,강현별은 먼저 선을 넘은 쪽이 비요른이라고 지적한다. 양쪽은 원탁 가면과 정보 출처를 공개하지만 비요른은 자신이 지구로 돌아갈 생각이 없다는 핵심 목표 불일치를 공개하지 않는다.,2026년 8월 5일 오전 8:10,2026년 8월 5일,646~647화 누적 증거 판정 / 647화 별도 연락망,"309,775~309,865행",Yes,"비요른 얀델, 강현별, 이백호, 원탁 가면들",게임 속 바바리안으로 살아남기,SCENE-75,"대비, 후속",서로의 현실 정체와 원탁 가면을 일부 추론했지만 귀환 의사와 동맹 목표는 일치하지 않음,Yes,대비 포함 준비,높음,647화
138~139화 · 생존 확률을 높이기 위해 유용한 수호자 정수를 제물로 바꾸고 새 코어를 선택하는 장면,REF-46,https://app.notion.com/p/3b2baa79eaae8196bd5ddb80a846a106,성공률 10% 미만의 위기에서 비요른은 아껴 두고 싶은 교체 아이템을 사용한다. 쓸모없는 정수가 아니라 현재도 유용한 수호자 정수를 희생해 더 높은 선택지를 열고 오우거 정수를 고른다.,2026년 8월 5일 오전 8:51,2026년 8월 5일,41~42화 슬롯 훼손 손해 / 139화 재생 상실 확인,"66,821~67,047행",Yes,"비요른 얀델, 리갈 바고스, 카루이 대사제, 동료들, 균형의 수호자",게임 속 바바리안으로 살아남기,SCENE-84,"대비, 핵심",생존 확률이 10% 미만이고 현재 유용한 코어를 희생해야만 상위 선택지를 얻을 수 있음,Yes,대비 포함 준비,높음,138~139화
[DEPRECATED 중복] 3화 · 대검 취향을 버리고 생존 효율과 최종 역할을 기준으로 방패를 고르는 장면,REF-46,https://app.notion.com/p/3b2baa79eaae8196bd5ddb80a846a106,비요른은 대검 취향과 반복 실패 경험을 먼저 놓고 ‘꼭 딜러여야 하는가’를 묻는다. 탱커 실험 성공을 근거로 현실의 시작 무기에서도 방패를 택하고 세 가지 이유로 선택을 닫는다.,2026년 8월 5일 오전 8:51,2026년 8월 5일,47화 보호 장비 선택 / 222화 보호 역할 자기 규정,651~715행,Yes,"비요른 얀델, 야만인 성인식 참가자들",게임 속 바바리안으로 살아남기,SCENE-81,"선행, 핵심",공격 취향과 생존 효율이 충돌하고 시작 무기 선택이 이후 역할을 고정함,Yes,대비 포함 준비,중간,3화
[DEPRECATED 중복] 41~42화 · 비동의 정수 흡수를 희귀 보상이 아니라 슬롯 훼손과 삭제 비용으로 정산하는 장면,REF-46,https://app.notion.com/p/3b2baa79eaae8196bd5ddb80a846a106,레이븐은 희귀 정수를 살려 준 보상으로 보지만 비요른은 동의 없는 슬롯 점유와 삭제 비용으로 손해를 계산한다. 제3의 탐험가에게 묻자 희귀성보다 계획 훼손이 우선이라는 판정이 돌아온다.,2026년 8월 5일 오전 8:51,2026년 8월 5일,139화 코어 정수 교체 / 859화 새 정수 손익 재판정,"19,665~19,775행",Yes,"비요른 얀델, 아루아 레이븐, 파츠란, 알테미온 학파",게임 속 바바리안으로 살아남기,SCENE-82,"대비, 핵심",타인이 생존을 위해 당사자 동의 없이 예정에 없던 희귀 정수를 흡수시킴,Yes,대비 포함 준비,높음,41~42화
77화 · 거대화 정수에 맞춰 속옷·수복·형상·내성까지 장비를 다시 설계하는 장면,REF-46,https://app.notion.com/p/3b2baa79eaae8196bd5ddb80a846a106,거대화가 장비를 찢고 산성 피가 장비를 훼손하는 문제를 일상 대화로 드러낸다. 비요른은 맞춤 장비에 자동 수복·형상 변환·산성 면역을 묶어 능력 변화의 비용을 선지불한다.,2026년 8월 5일 오전 8:51,2026년 8월 5일,3화 방패 역할 선택 / 139화 정수 교체 뒤 장비·전술 재계산,"37,331~37,397행",Yes,"비요른 얀델, 미샤 칼스타인",게임 속 바바리안으로 살아남기,SCENE-83,"대비, 후속",거대화와 산성 피 때문에 기존 의복·장비를 그대로 사용할 수 없음,Yes,대비 포함 준비,중간,77화
[DEPRECATED 중복] 140화 · 재생 상실 뒤 포션 담당·후열 보호·근접 딜러 위치를 다시 짜 새 전투 역할을 검증하는 장면,REF-46,https://app.notion.com/p/3b2baa79eaae8196bd5ddb80a846a106,"새 정수로 공격력이 올랐지만 자연 회복이 사라진다. 비요른은 통로를 몸으로 막고 로트밀러의 포션, 히쿠로드의 후열 보호, 미샤의 짧은 진입을 묶어 새 의존 구조를 실제 장기전에서 검증한다.",2026년 8월 5일 오전 8:51,2026년 8월 5일,139화 재생 상실 확인 / 222화 치유 자원 배분,"67,619~67,823행",Yes,"비요른 얀델, 리갈 바고스, 리올 워브 드왈키, 히쿠로드 무라드, 로트밀러, 미샤 칼스타인",게임 속 바바리안으로 살아남기,SCENE-86,"핵심, 후속",기존 자연 재생을 잃은 상태에서 빠른 상위 탐험가를 상대로 장기전을 버텨야 함,Yes,대비 포함 준비,높음,140화
139화 · 새 정수 능력 목록 직후 손등을 그어 사라진 재생을 확인하고 조합과 전투 방식을 다시 계산하는 장면,REF-46,https://app.notion.com/p/3b2baa79eaae8196bd5ddb80a846a106,능력치 상승과 재생 하락 문구가 끝나자 비요른은 손등을 그어 실제로 낫지 않는 상처를 확인한다. 이후 최종 조합을 고정 목록이 아닌 후보군으로 재정의하고 생존율·갑옷·전투 방식을 다시 계산한다.,2026년 8월 5일 오전 8:51,2026년 8월 5일,138~139화 코어 정수 희생 / 140화 포션·진형 의존 검증,"67,049~67,167행",Yes,"비요른 얀델, 잠든 동료들, 균형의 수호자",게임 속 바바리안으로 살아남기,SCENE-85,"핵심, 후속",상위 정수를 얻었지만 기존 자연 재생과 인지력이 사라져 실제 역할 변화량을 확인해야 함,Yes,대비 포함 준비,높음,139화
859화 · 새 정수의 극단적 결손 재생을 몸으로 확인한 뒤 기존 손해 판정을 즉시 뒤집는 장면,REF-46,https://app.notion.com/p/3b2baa79eaae8196bd5ddb80a846a106,새 정수 때문에 항마력과 영혼력이 떨어졌다고 손해를 계산하던 비요른은 눈이 꿰뚫린 직후 결손이 즉시 회복되는 것을 경험한다. 설명문보다 몸의 회복 속도가 먼저 기존 판단을 뒤집는다.,2026년 8월 5일 오전 8:52,2026년 8월 5일,139화 재생 상실 확인 / 859화 새 조합 장부화 / 909화 단독 유지력 검증,"396,748~396,926행",Yes,"비요른 얀델, 외부 신격 존재, 새로운 정수",게임 속 바바리안으로 살아남기,SCENE-88,"핵심, 후속",새 정수의 수치 손해가 명확하지만 고유 능력의 실전 효과는 아직 확인되지 않음,Yes,대비 포함 준비,높음,859화
909~910화 · 극재생으로 보스의 공격을 단독 감당하고 누적 피해를 숨은 반격 단계로 전환하는 장면,REF-46,https://app.notion.com/p/3b2baa79eaae8196bd5ddb80a846a106,"비요른은 본대의 각 역할을 믿고 자신은 보스의 공격을 우선 유도한다. 머리 결손도 즉시 회복하며 누적 피해를 아이템의 숨은 단계로 바꾸고, 적의 공격을 복제한 반격으로 전투 불능까지 밀어붙인다.",2026년 8월 5일 오전 8:52,2026년 8월 5일,859화 극재생 개편 / 910~911화 사용 효과 봉인 카운터,"417,181~418,127행",Yes,"비요른 얀델, 원정대 본대, 보스 몬스터, 장비 효과",게임 속 바바리안으로 살아남기,SCENE-90,"핵심, 후속",본대가 각자 역할을 수행하는 동안 한 명이 보스의 공격과 어그로를 장시간 받아내야 함,Yes,대비 포함 준비,높음,909~910화
222화 · 자기 생존을 높일 치유를 요구하지 않고 생명력을 방어 자원으로 태워 더 많은 사람을 살리는 장면,REF-46,https://app.notion.com/p/3b2baa79eaae8196bd5ddb80a846a106,비요른은 신관의 치유를 자신에게 돌리면 더 안전해질 수 있음을 알지만 요구하지 않는다. 생명력이 줄수록 방어력이 오르는 패시브와 방패 역할을 연결해 자신의 고통을 구조 가능성으로 환산한다.,2026년 8월 5일 오전 8:52,2026년 8월 5일,3화 방패 역할 선택 / 140화 지원 의존 구조 / 859화 극재생 개편,"109,141~109,239행",Yes,"비요른 얀델, 미샤 칼스타인, 아멜리아 레인웨일즈, 에르웬 포르나치 디 테르시아, 성기사, 신관, 원정대 전사들",게임 속 바바리안으로 살아남기,SCENE-87,"대비, 핵심",다수의 낯선 전사와 핵심 동료를 동시에 살려야 하고 치유 자원이 한정됨,Yes,대비 포함 준비,높음,222화
910~911화 · 사용 효과 봉인 필드에서 새 빌드의 카운터를 인정하고 혼자 유지할 수 없다고 보고하는 장면,REF-46,https://app.notion.com/p/3b2baa79eaae8196bd5ddb80a846a106,새 보스의 필드가 사용 효과를 봉인하자 비요른은 변이 저지에 실패하고 자신의 대응 가능 범위를 현장 질문으로 확인한다. 결국 혼자 유지할 수 없다고 보고하고 퇴각 제안을 받아들인다.,2026년 8월 5일 오전 8:52,2026년 8월 5일,909~910화 압도적 유지력 / 917화 다른 필드에서의 재발견,"418,208~418,460행",Yes,"비요른 얀델, 아멜리아 레인웨일즈, 마법사·신관·원정대 지휘부, 보스 몬스터",게임 속 바바리안으로 살아남기,SCENE-91,"대비, 실패",극재생 빌드가 강하지만 사용 효과와 재생을 제한하는 필드·기믹이 등장함,Yes,대비 포함 준비,높음,910~911화
917화 · 생명력 소모 필드와 극재생의 연쇄를 발견해 동료 투입을 막고 혼자 보스를 붙잡는 장면,REF-46,https://app.notion.com/p/3b2baa79eaae8196bd5ddb80a846a106,"생명력을 태워야 움직일 수 있는 필드에서 비요른은 정신 내성, 결손 재생, 몬스터 적용 규칙의 연쇄를 발견한다. 동료의 진입을 막고 혼자 신체 결손을 반복하며 보스를 붙잡아 레이드 해법으로 바꾼다.",2026년 8월 5일 오전 8:52,2026년 8월 5일,910~911화 사용 효과 봉인 카운터 / 859화 극재생 장부화,"421,041~421,305행",Yes,"비요른 얀델, 원정대 동료들, 생명력 소모 필드, 보스 몬스터",게임 속 바바리안으로 살아남기,SCENE-92,"대비, 후속",필드가 모든 존재의 생명력을 소모시키며 일반 파티원에게는 치명적이지만 극재생과 정신 내성의 조합이 있음,Yes,대비 포함 준비,높음,917화
859화 · 극재생의 생명력 비용과 포기한 슬롯을 장부화하고 새 방패 역할의 고점을 다시 설계하는 장면,REF-46,https://app.notion.com/p/3b2baa79eaae8196bd5ddb80a846a106,"초재생의 압도감 직후 비요른은 결손 회복이 생명력을 얼마나 소모하는지, 어떤 방어·계층 정수를 포기했는지, 즉사 예외가 남는지를 다시 장부화한다. 무적감은 동료 수색 목표보다 앞서지 않는다.",2026년 8월 5일 오전 8:52,2026년 8월 5일,859화 결손 재생 확인 / 909~911화 카운터 검증,"396,928~397,040행",Yes,"비요른 얀델, 미샤 칼스타인과 실종 동료들, 새로운 정수 후보군",게임 속 바바리안으로 살아남기,SCENE-89,"대비, 핵심",새 고유 능력이 강력하지만 생명력 비용·포기 슬롯·즉사 예외가 남아 있음,Yes,대비 포함 준비,높음,859화
901~902화 · 복수 집단의 인력·희귀 자원·전략을 묶어 원하는 결말을 시도할 공략대를 완성하는 장면,REF-46,https://app.notion.com/p/3b2baa79eaae811a85c6eb22fc4f3464,요정·수인·마탑과 주인공 집단의 인선과 전략 물자를 장부화한다. 불확실성이 남아도 1등급 전투를 감당할 선택지가 생겼다는 이유로 미궁 개방 즉시 진입한다.,2026년 8월 5일 오전 8:57,2026년 8월 5일,899화 투자 협상 / 902~903화 2회차 속도전,"414,585~414,613행",Yes,"비요른 얀델, 요정족·수인족·마탑·아나바다 클랜, 공략대",게임 속 바바리안으로 살아남기,SCENE-99,"핵심, 후속",1회차보다 강한 전력과 희귀 자원을 외부 세계에서 준비할 수 있음,Yes,대비 포함 준비,중간,901~902화
899화 · 1회차 정보를 보증금과 참여 조건으로 바꾸고 소모품 복원 규칙으로 종족 투자를 끌어내는 장면,REF-46,https://app.notion.com/p/3b2baa79eaae811a85c6eb22fc4f3464,비요른은 정보를 무료 공개하지 않고 보증금과 원정 참여를 조건으로 건다. 고위험 브리핑으로 위축된 대표들에게 소모품 환급 증거를 제시해 희귀 병기와 인력 지원 약속을 끌어낸다.,2026년 8월 5일 오전 8:57,2026년 8월 5일,900화 연구 가설 / 901~902화 공략대 완성,"413,629~413,920행",Yes,"비요른 얀델, 마탑주, 요정족·수인족·용인족·드워프 대표, 종족 회담",게임 속 바바리안으로 살아남기,SCENE-97,"핵심, 후속",1등급 위험에 맞설 외부 전력과 희귀 소모품이 필요하며 1회차 정보는 공략자가 독점함,Yes,대비 포함 준비,높음,899화
898화 · 기억 소실로 실패한 민간 조사에서 단서를 건진 연구자를 전속 정보 역할로 편입하는 장면,REF-46,https://app.notion.com/p/3b2baa79eaae811a85c6eb22fc4f3464,마로양은 사비 조사대가 기억을 잃어 성과가 적었지만 일부 단서를 얻는다. 비요른은 연구 동기와 고대어 능력을 확인하고 자신의 1회차 경험을 제공해 재조사를 맡긴다.,2026년 8월 5일 오전 8:57,2026년 8월 5일,900화 유물 대조와 정식 편입 / 899화 종족 투자,"413,410~413,503행",Yes,"비요른 얀델, 마로양 리리비아, 리리비아 남작가, 민간 조사대",게임 속 바바리안으로 살아남기,SCENE-96,"대비, 후속",공략자는 기억을 보존했지만 다른 조사대는 실패 때 기억을 잃어 외부 자료 대조가 필요함,Yes,대비 포함 준비,중간,898화
896화 · 잃은 장비와 기억이 복원됐지만 보존 원인은 확정하지 못하는 장면,REF-46,https://app.notion.com/p/3b2baa79eaae811a85c6eb22fc4f3464,버렸던 장비와 배까지 되돌아오고 기억도 온전하다. 비요른은 대체 육체 판정인지 생존 탈출 판정인지 두 가설을 세우지만 확정하지 않는다.,2026년 8월 5일 오전 8:57,2026년 8월 5일,895~896화 영구 접근권 / 899화 소모품 환급 투자,"412,624~412,678행",Yes,"비요른 얀델, 나들이 인형, 동료 원정대",게임 속 바바리안으로 살아남기,SCENE-94,"미해결, 핵심",특수 지역에서 장비를 버리고 탈출했으나 사망은 하지 않음,Yes,대비 포함 준비,중간,896화
896화 · 외부 회의에서 지역 리셋과 불완전 탈출을 판정하고 다음 회차 준비 방식을 바꾸는 장면,REF-46,https://app.notion.com/p/3b2baa79eaae811a85c6eb22fc4f3464,아르민은 섬이 다음 진입 때 파괴 전 상태로 돌아갈 것이라 추론한다. 장비·기억 보존을 완전 공략 보상으로 보지 않고 탈출 조건 달성으로 분리하며 조기 진입과 전면 준비를 제안한다.,2026년 8월 5일 오전 8:57,2026년 8월 5일,899~902화 외부 리빌딩 / 903~904화 복원된 섬 확인,"412,820~412,880행",Yes,"비요른 얀델, 아르민, 미샤 칼스타인, 아이나르, 원정대",게임 속 바바리안으로 살아남기,SCENE-95,"핵심, 후속",1회차 탈출 뒤 섬이 사라지고 완전 공략 보상은 확인되지 않음,Yes,대비 포함 준비,중간,896화
900화 · 파편 유물과 항해 기록을 대조해 보스·약점·출현 조건 후보를 만들고 연구자를 정식 역할로 편입하는 장면,REF-46,https://app.notion.com/p/3b2baa79eaae811a85c6eb22fc4f3464,"마로양은 표류기·지도·유물의 지명과 형태를 대조해 적 전투력, 약점, 해곡신 출현 조건 가설을 만든다. 비요른은 검증 전 가설임을 알면서도 재독 가치가 크다고 판정하고 전속 연구자로 편입한다.",2026년 8월 5일 오전 8:57,2026년 8월 5일,898화 민간 조사 / 901~902화 전략 설계,"414,020~414,125행",Yes,"비요른 얀델, 마로양 리리비아, 무명 표류기, 미궁 유물",게임 속 바바리안으로 살아남기,SCENE-98,"대비, 핵심",1회차 경험만으로는 지역의 과거와 보스 조건을 설명할 수 없어 외부 문헌 대조가 필요함,Yes,대비 포함 준비,중간,900화
895~896화 · 약한 대체 육체로 탈출해 기억·장비·영구 접근권을 보존하는 장면,REF-46,https://app.notion.com/p/3b2baa79eaae811a85c6eb22fc4f3464,"비요른은 최종 전투를 피해 테트라세아와 탈출한다. 시스템은 불완전한 41점과 함께 영구 접근권을 부여하며, 사망 시 소지품·기억 상실 규칙과 대비해 생존 탈출의 보존 항목을 제시한다.",2026년 8월 5일 오전 8:57,2026년 8월 5일,896화 장비·기억 복원 원인 보류 / 896화 리셋 가설,"412,507~412,621행",Yes,"비요른 얀델, 테트라세아, 베르자크, 뒤틀린 순례자",게임 속 바바리안으로 살아남기,SCENE-93,"선행, 핵심",약한 대체 육체로 최종 전투를 감당할 수 없지만 현지 인물과 탈출 경로를 확보함,Yes,대비 포함 준비,높음,895~896화
913화 · 이전 회차의 소망을 그대로 인정하지 않고 현재 당사자에게 다시 선택을 요구해 다른 루트를 여는 장면,REF-46,https://app.notion.com/p/3b2baa79eaae811a85c6eb22fc4f3464,비요른은 평화로운 섬에서 살고 싶다는 답을 체념으로 보고 다시 묻는다. 힘이 없다는 고백 뒤 선택 책임을 제시하고 긴 침묵 끝에 복수 의사를 받아 새 루트를 연다.,2026년 8월 5일 오전 8:58,2026년 8월 5일,907화 기억 비대칭 / 912~913화 쉬운 엔딩 거절 / 913화 목표 공론화,"419,394~419,498행",Yes,"비요른 얀델, 현재 회차의 테트라세아, 원본 테트라세아",게임 속 바바리안으로 살아남기,SCENE-105,"대비, 핵심",이전 회차의 소망 답변이 현재 당사자의 진짜 선택인지 체념인지 불명확함,Yes,대비 포함 준비,높음,913화
902~903화 · 2회차 진입에서 1회차 경로 지식을 이용해 이동과 질문을 압축하는 장면,REF-46,https://app.notion.com/p/3b2baa79eaae811a85c6eb22fc4f3464,비요른은 같은 환경과 항로를 확인하고 1회차에 일주일 걸린 길·시간·질문 순서를 기억으로 압축한다. 당시 직접 보상은 적었지만 경로 지식 자체가 2회차 속도 자산으로 작동한다.,2026년 8월 5일 오전 8:58,2026년 8월 5일,896화 리셋 가설 / 903~904화 섬 복원 확인,"414,700~415,120행",Yes,"비요른 얀델, GM, 원정대, 쌍둥이 바다",게임 속 바바리안으로 살아남기,SCENE-100,"대비, 핵심",지역은 초기화됐지만 공략자에게 이전 회차의 항로·시간·질문 기억이 남음,Yes,대비 포함 준비,중간,902~903화
912~913화 · 시스템의 높은 점수와 해피엔딩 제안을 현재 당사자의 불만족 표정 때문에 거절하는 장면,REF-46,https://app.notion.com/p/3b2baa79eaae811a85c6eb22fc4f3464,시스템은 남매 탈출과 소망 청취를 78점으로 평가하고 보상을 제시한다. 비요른은 현재 원본 테트라세아의 불만족한 표정을 보고 종료 문구를 끊으며 더 쉬운 결말을 거부한다.,2026년 8월 5일 오전 8:58,2026년 8월 5일,913화 현재 소망 재확인 / 913화 새 목표 공론화,"419,221~419,390행",Yes,"비요른 얀델, 원본 테트라세아, 시스템, 공략대",게임 속 바바리안으로 살아남기,SCENE-104,"이탈, 핵심",시스템이 성공과 보상을 제시하지만 당사자의 현재 감정과 미해결 사건이 남아 있음,Yes,대비 포함 준비,높음,912~913화
903~904화 · 투자된 인원과 물자 때문에 중도 철수가 어려워지고 복원된 섬으로 리셋을 확정하는 장면,REF-46,https://app.notion.com/p/3b2baa79eaae811a85c6eb22fc4f3464,대규모 원정대와 희귀 자원이 투입돼 불확실성만으로 철수하기 어렵다. 1회차에 불탔던 섬과 시설이 멀쩡히 복원된 것을 보고 리셋 가설을 현장에서 확정한다.,2026년 8월 5일 오전 8:58,2026년 8월 5일,901~902화 공략대 완성 / 904화 신뢰 루트 폐기,"415,300~415,465행",Yes,"비요른 얀델, 원정대 지휘부, 파루네 섬, 현지 경비",게임 속 바바리안으로 살아남기,SCENE-101,"대비, 실패",막대한 인력과 물자를 이미 투자했지만 내부 상황은 여전히 불확실함,Yes,대비 포함 준비,중간,903~904화
904화 · 1회차의 고문·신뢰 루트를 폐기하고 군세·점거 선언으로 정보 접근을 압축하는 장면,REF-46,https://app.notion.com/p/3b2baa79eaae811a85c6eb22fc4f3464,비요른은 1회차처럼 약한 신분으로 고문을 견디며 호감을 얻는 방식을 검토하지만 시간과 정보 격차 때문에 폐기한다. 정체를 공개하고 섬 점거를 선언해 군세와 위협으로 협상 위치를 바꾼다.,2026년 8월 5일 오전 8:58,2026년 8월 5일,902~903화 기억 기반 압축 / 907화 현지 기억 부재,"415,475~415,580행",Yes,"비요른 얀델, 세이렌 여왕, 파루네 섬 주민, 원정대",게임 속 바바리안으로 살아남기,SCENE-102,"이탈, 핵심",이전 회차의 긴 신뢰 형성 경로를 알고 있으나 이번에는 대규모 전력과 시간 압박이 있음,Yes,대비 포함 준비,높음,904화
913화 · 개인의 현재 소망을 공략대의 새 목표로 번역해 탈출 중심 계획을 전면 수정하는 장면,REF-46,https://app.notion.com/p/3b2baa79eaae811a85c6eb22fc4f3464,비요른은 공략의 열쇠가 탈출이 아니라 현재 소망이었다고 보고한다. 이전 회차와 다른 소망을 공략대 전체에 공유해 기존 탈출 계획을 복수·파괴 중심의 새 루트로 바꾼다.,2026년 8월 5일 오전 8:58,2026년 8월 5일,913화 현재 소망 재확인 / 914화 이후 새 루트 전투,"419,680~419,729행",Yes,"비요른 얀델, 테트라세아, 원정대 지휘부와 참가자들",게임 속 바바리안으로 살아남기,SCENE-106,"대비, 후속",개인의 현재 선택이 기존 공략 목표와 충돌하며 다수 집단의 전략 수정이 필요함,Yes,대비 포함 준비,높음,913화
907화 · 공략자는 이전 관계를 기억하지만 현지 인물은 처음 보는 사람으로 대하는 장면,REF-46,https://app.notion.com/p/3b2baa79eaae811a85c6eb22fc4f3464,비요른은 1회차에 도움받고 별명을 붙였던 테트라세아를 기억하지만 상대는 누구냐고 묻는다. 시간 압박 속에서 과거 친밀감을 관계 권리로 주장하지 않고 기절시켜 이동시킨다.,2026년 8월 5일 오전 8:58,2026년 8월 5일,904화 군세 접근 / 913화 현재 욕망 재확인,"416,531~416,640행",Yes,"비요른 얀델, 테트라세아, 제국 연구원들",게임 속 바바리안으로 살아남기,SCENE-103,"대비, 핵심",공략자만 1회차 관계와 사건을 기억하고 현지 인물은 완전히 초기화됨,Yes,대비 포함 준비,높음,907화
140화 · 재생 상실 뒤 포션 담당·후열 보호·근접 딜러 위치를 다시 짜 새 전투 역할을 검증하는 장면,REF-46,https://app.notion.com/p/3b2baa79eaae8196bd5ddb80a846a106,"새 정수로 공격력이 올랐지만 자연 회복이 사라진다. 비요른은 통로를 몸으로 막고 로트밀러의 포션, 히쿠로드의 후열 보호, 미샤의 짧은 진입을 묶어 새 의존 구조를 실제 장기전에서 검증한다.",2026년 8월 5일 오전 8:59,2026년 8월 5일,139화 재생 상실 확인 / 222화 치유 자원 배분,"67,619~67,823행",Yes,"비요른 얀델, 리갈 바고스, 리올 워브 드왈키, 히쿠로드 무라드, 로트밀러, 미샤 칼스타인",게임 속 바바리안으로 살아남기,SCENE-112,"핵심, 후속",기존 자연 재생을 잃은 상태에서 빠른 상위 탐험가를 상대로 장기전을 버텨야 함,Yes,대비 포함 준비,높음,140화
138~139화 · 생존 확률을 높이기 위해 유용한 수호자 정수를 제물로 바꾸고 새 코어를 선택하는 장면,REF-46,https://app.notion.com/p/3b2baa79eaae8196bd5ddb80a846a106,성공률 10% 미만의 위기에서 비요른은 아껴 두고 싶은 교체 아이템을 사용한다. 쓸모없는 정수가 아니라 현재도 유용한 수호자 정수를 희생해 더 높은 선택지를 열고 오우거 정수를 고른다.,2026년 8월 5일 오전 8:59,2026년 8월 5일,41~42화 슬롯 훼손 손해 / 139화 재생 상실 확인,"66,821~67,047행",Yes,"비요른 얀델, 리갈 바고스, 카루이 대사제, 동료들, 균형의 수호자",게임 속 바바리안으로 살아남기,SCENE-110,"대비, 핵심",생존 확률이 10% 미만이고 현재 유용한 코어를 희생해야만 상위 선택지를 얻을 수 있음,Yes,대비 포함 준비,높음,138~139화
77화 · 거대화 정수에 맞춰 속옷·수복·형상·내성까지 장비를 다시 설계하는 장면,REF-46,https://app.notion.com/p/3b2baa79eaae8196bd5ddb80a846a106,거대화가 장비를 찢고 산성 피가 장비를 훼손하는 문제를 일상 대화로 드러낸다. 비요른은 맞춤 장비에 자동 수복·형상 변환·산성 면역을 묶어 능력 변화의 비용을 선지불한다.,2026년 8월 5일 오전 8:59,2026년 8월 5일,3화 방패 역할 선택 / 139화 정수 교체 뒤 장비·전술 재계산,"37,331~37,397행",Yes,"비요른 얀델, 미샤 칼스타인",게임 속 바바리안으로 살아남기,SCENE-109,"대비, 후속",거대화와 산성 피 때문에 기존 의복·장비를 그대로 사용할 수 없음,Yes,대비 포함 준비,중간,77화
41~42화 · 비동의 정수 흡수를 희귀 보상이 아니라 슬롯 훼손과 삭제 비용으로 정산하는 장면,REF-46,https://app.notion.com/p/3b2baa79eaae8196bd5ddb80a846a106,레이븐은 희귀 정수를 살려 준 보상으로 보지만 비요른은 동의 없는 슬롯 점유와 삭제 비용으로 손해를 계산한다. 제3의 탐험가에게 묻자 희귀성보다 계획 훼손이 우선이라는 판정이 돌아온다.,2026년 8월 5일 오전 8:59,2026년 8월 5일,139화 코어 정수 교체 / 859화 새 정수 손익 재판정,"19,665~19,775행",Yes,"비요른 얀델, 아루아 레이븐, 파츠란, 알테미온 학파",게임 속 바바리안으로 살아남기,SCENE-108,"대비, 핵심",타인이 생존을 위해 당사자 동의 없이 예정에 없던 희귀 정수를 흡수시킴,Yes,대비 포함 준비,높음,41~42화
139화 · 새 정수 능력 목록 직후 손등을 그어 사라진 재생을 확인하고 조합과 전투 방식을 다시 계산하는 장면,REF-46,https://app.notion.com/p/3b2baa79eaae8196bd5ddb80a846a106,능력치 상승과 재생 하락 문구가 끝나자 비요른은 손등을 그어 실제로 낫지 않는 상처를 확인한다. 이후 최종 조합을 고정 목록이 아닌 후보군으로 재정의하고 생존율·갑옷·전투 방식을 다시 계산한다.,2026년 8월 5일 오전 8:59,2026년 8월 5일,138~139화 코어 정수 희생 / 140화 포션·진형 의존 검증,"67,049~67,167행",Yes,"비요른 얀델, 잠든 동료들, 균형의 수호자",게임 속 바바리안으로 살아남기,SCENE-111,"핵심, 후속",상위 정수를 얻었지만 기존 자연 재생과 인지력이 사라져 실제 역할 변화량을 확인해야 함,Yes,대비 포함 준비,높음,139화
3화 · 대검 취향을 버리고 생존 효율과 최종 역할을 기준으로 방패를 고르는 장면,REF-46,https://app.notion.com/p/3b2baa79eaae8196bd5ddb80a846a106,비요른은 대검 취향과 반복 실패 경험을 먼저 놓고 ‘꼭 딜러여야 하는가’를 묻는다. 탱커 실험 성공을 근거로 현실의 시작 무기에서도 방패를 택하고 세 가지 이유로 선택을 닫는다.,2026년 8월 5일 오전 8:59,2026년 8월 5일,47화 보호 장비 선택 / 222화 보호 역할 자기 규정,651~715행,Yes,"비요른 얀델, 야만인 성인식 참가자들",게임 속 바바리안으로 살아남기,SCENE-107,"선행, 핵심",공격 취향과 생존 효율이 충돌하고 시작 무기 선택이 이후 역할을 고정함,Yes,대비 포함 준비,중간,3화
909~910화 · 극재생으로 보스 공격을 단독 감당하고 누적 피해를 숨은 반격 단계로 전환하는 장면,REF-46,https://app.notion.com/p/3b2baa79eaae8196bd5ddb80a846a106,"비요른은 본대를 믿고 보스의 공격을 자신에게 집중시킨다. 머리 결손까지 즉시 재생하며 피해를 누적하고, 그 피해량이 아이템의 숨은 반격 단계로 전환되어 적의 공격을 복제한다.",2026년 8월 5일 오전 9:00,2026년 8월 5일,859화 극재생 손익 장부 / 910~911화 사용 효과 봉인 카운터,"417,181~418,127행",Yes,"비요른 얀델, 원정대 본대, 보스 몬스터, 관련 장비",게임 속 바바리안으로 살아남기,SCENE-116,"핵심, 후속",보스의 고위력 공격을 한 사람이 오래 받아내야 동료들이 공격 기회를 확보함,Yes,대비 포함 준비,높음,909~910화
859화 · 새 정수의 극단적 결손 재생을 몸으로 확인한 뒤 기존 손해 판정을 즉시 뒤집는 장면,REF-46,https://app.notion.com/p/3b2baa79eaae8196bd5ddb80a846a106,예상 밖 공격과 항마·영혼력 손실 때문에 새 정수를 의심하지만 눈의 결손이 즉시 복구되는 순간 초재생의 실전 가치를 확인한다. 직전 손해 판정을 철회하고 새 정수를 몸의 일부로 받아들인다.,2026년 8월 5일 오전 9:00,2026년 8월 5일,139화 재생 상실 확인 / 859화 슬롯 손익 재장부화,"396,748~396,926행",Yes,"비요른 얀델, 미샤 칼스타인, 새 정수의 원형 존재",게임 속 바바리안으로 살아남기,SCENE-114,"핵심, 후속",새 정수가 예상 밖 손실을 주고 실제 핵심 능력의 효용은 아직 검증되지 않음,Yes,대비 포함 준비,높음,859화
859화 · 극재생의 생명력 비용과 포기한 슬롯을 장부화하고 새 방패 역할의 고점을 다시 설계하는 장면,REF-46,https://app.notion.com/p/3b2baa79eaae8196bd5ddb80a846a106,결손 재생의 생명력 비용을 확인한 뒤 포기한 방어·계층 정수와 얻은 재생 고점을 함께 계산한다. 무적감에 취하지 않고 즉사 예외와 다음 슬롯 목표를 남긴다.,2026년 8월 5일 오전 9:00,2026년 8월 5일,859화 초재생 실전 확인 / 909~910화 보스전 유지력 검증,"396,928~397,040행",Yes,"비요른 얀델, 미샤 칼스타인, 동료 수색 대상들",게임 속 바바리안으로 살아남기,SCENE-115,"대비, 핵심",극재생의 고점이 확인됐지만 생명력 비용·포기한 슬롯·즉사 가능성이 남아 있음,Yes,대비 포함 준비,높음,859화
222화 · 자기 생존을 높일 치유를 요구하지 않고 생명력을 방어 자원으로 태워 더 많은 사람을 살리는 장면,REF-46,https://app.notion.com/p/3b2baa79eaae8196bd5ddb80a846a106,비요른은 신관의 치유를 자신에게 집중시키면 안전해진다는 사실을 알지만 요구하지 않는다. 생명력이 줄수록 방어가 오르는 능력을 이용해 낯선 전사까지 보호하고 이를 합리적 선택이라고 판정한다.,2026년 8월 5일 오전 9:00,2026년 8월 5일,3화 방패 역할 선택 / 140화 지원 의존 구조,"109,141~109,239행",Yes,"비요른 얀델, 카루이 대사제, 아이나르, 에르웬, 아멜리아, 미샤, 원정대 전사들",게임 속 바바리안으로 살아남기,SCENE-113,"대비, 핵심",한정된 치유 자원을 자신에게 쓰면 안전하지만 다른 전사들의 생존 가능성이 낮아짐,Yes,대비 포함 준비,높음,222화
917화 · 생명력 소모 필드와 극재생의 연쇄를 발견해 동료 투입을 막고 혼자 보스를 붙잡는 장면,REF-46,https://app.notion.com/p/3b2baa79eaae8196bd5ddb80a846a106,생명력을 소모하는 필드가 일반적으로는 불리하지만 극재생과 몬스터 적용 조건을 연결하자 보스를 붙잡는 해법이 된다. 비요른은 동료 투입을 금지하고 혼자 결손과 회복을 반복한다.,2026년 8월 5일 오전 9:00,2026년 8월 5일,910~911화 카운터 인정 / 극재생 빌드의 환경 적합성,"421,041~421,305행",Yes,"비요른 얀델, 원정대 동료들, 보스 몬스터",게임 속 바바리안으로 살아남기,SCENE-118,"대비, 후속",생명력 소모 필드가 아군에게 위험하지만 보스와 극재생 사용자에게 서로 다른 방식으로 적용됨,Yes,대비 포함 준비,높음,917화
910~911화 · 사용 효과 봉인 필드에서 새 빌드의 카운터를 인정하고 혼자 유지할 수 없다고 보고하는 장면,REF-46,https://app.notion.com/p/3b2baa79eaae8196bd5ddb80a846a106,사용 효과가 봉인되자 핵심 보조 수단과 변이 저지가 함께 막힌다. 비요른은 현장 질문에 불가능하다고 답하고 혼자 유지할 수 없음을 인정해 퇴각 판단을 받아들인다.,2026년 8월 5일 오전 9:00,2026년 8월 5일,909~910화 극재생 고점 / 917화 환경 시너지 재발견,"418,208~418,460행",Yes,"비요른 얀델, 원정대 지휘부와 동료들, 보스 몬스터",게임 속 바바리안으로 살아남기,SCENE-117,"대비, 실패",극재생 자체는 남아도 사용 효과 봉인과 변이 기믹 때문에 단독 유지가 불가능함,Yes,대비 포함 준비,높음,910~911화
8화 · 부상한 신입이 동생을 이유로 살려 달라 무릎 꿇고 약과 붕대를 받는 장면,REF-46,https://app.notion.com/p/3b2baa79eaae819a83bffda262ebc9c5,에르웬은 추격과 부상 속에서 동생을 부양해야 한다며 무릎 꿇고 생존을 요청한다. 비요른은 즉시 동행을 약속하지 않고 거리를 유지한 채 약과 붕대를 던져 치료 권한만 먼저 준다.,2026년 8월 5일 오전 9:05,2026년 8월 5일,10화 역할·배분 계약 / 338~339화 전쟁 영웅으로 재회,"3,379~3,480행",Yes,"비요른 얀델, 에르웬 포르나치 디 테르시아, 추격 탐험가들",게임 속 바바리안으로 살아남기,SCENE-119,"선행, 핵심",부상한 초보가 추격당하고 도시의 동생을 부양해야 함,Yes,대비 포함 준비,중간,8화
340화 · 보호 약속 직후 경쟁 동료 살해를 제안하자 즉시 금지 경계를 세우는 장면,REF-46,https://app.notion.com/p/3b2baa79eaae819a83bffda262ebc9c5,에르웬은 다시는 잃지 않겠다며 보호를 약속한 직후 아멜리아 제거를 제안한다. 비요른은 이유를 토론하기 전에 살해 금지를 직접 명령해 관계 경계를 먼저 세운다.,2026년 8월 5일 오전 9:05,2026년 8월 5일,341화 편지·장비·창문 통제 / 346~347화 통제 대면,"167,560~167,657행",Yes,"비요른 얀델, 에르웬 포르나치 디 테르시아, 아멜리아 레인웨일즈",게임 속 바바리안으로 살아남기,SCENE-124,"대비, 핵심",상실 강박을 가진 강자가 보호 대상 주변의 경쟁 동료를 위험으로 판정함,Yes,대비 포함 준비,높음,340화
341화 · 편지·장비·창문을 차단해 보호를 외부 활동권 박탈로 바꾸는 장면,REF-46,https://app.notion.com/p/3b2baa79eaae819a83bffda262ebc9c5,"경쟁 동료의 편지는 구겨지고 마지막 줄이 뜯겨 있으며, 보관함과 장비가 사라지고 창문은 판자로 막혀 있다. 에르웬은 외출할 필요가 없다며 비요른을 보호 대상이 아니라 관리 대상으로 둔다.",2026년 8월 5일 오전 9:05,2026년 8월 5일,340화 살해 금지 경계 / 346~347화 통제 인정,"167,975~168,140행",Yes,"비요른 얀델, 에르웬 포르나치 디 테르시아, 아멜리아 레인웨일즈, 은거 주택",게임 속 바바리안으로 살아남기,SCENE-125,"실패, 핵심",압도적 권한을 가진 보호자가 재상실을 막기 위해 상대의 연락·장비·외부 활동을 차단함,Yes,대비 포함 준비,높음,341화
10화 · 추격 정보를 묻고 감지·사격 역할과 임시 배분 계약을 정하는 장면,REF-46,https://app.notion.com/p/3b2baa79eaae819a83bffda262ebc9c5,"비요른은 에르웬의 공포를 위로하기보다 추격자 수·거리·감지 능력·잘하는 일을 차례로 묻는다. 살해 경험 부재를 확인한 뒤 임시 역할, 9대1 배분과 맹세를 정한다.",2026년 8월 5일 오전 9:05,2026년 8월 5일,10화 첫 살해 인정 / 11화 전투 성과·수익 확인,"4,007~4,197행",Yes,"비요른 얀델, 에르웬 포르나치 디 테르시아, 추격 탐험가들",게임 속 바바리안으로 살아남기,SCENE-120,"선행, 핵심",동행 여부를 판단하려면 신입의 정보·전투 역할·실행 가능성을 확인해야 함,Yes,대비 포함 준비,중간,10화
10화 · 첫 살해 직후 망설이지 않은 판단을 칭찬하고 치료로 전환하는 장면,REF-46,https://app.notion.com/p/3b2baa79eaae819a83bffda262ebc9c5,에르웬은 감지한 추격자를 지시대로 쏘아 처음 사람을 죽인다. 비요른은 감정 설명보다 망설였으면 위험했다는 전투 판정과 짧은 칭찬을 먼저 주고 치료로 전환한다.,2026년 8월 5일 오전 9:05,2026년 8월 5일,10화 역할 계약 / 11화 정령 없이 솜씨 증명,"4,269~4,325행",Yes,"비요른 얀델, 에르웬 포르나치 디 테르시아, 추격자",게임 속 바바리안으로 살아남기,SCENE-121,"핵심, 후속",살해 경험 없는 신입이 전투 중 즉시 사격해야 둘 다 생존할 수 있음,Yes,대비 포함 준비,높음,10화
11화 · 자기 몫을 증명하려 정령 없이 싸우고 화살·마석을 돌려받아 동생을 위한 수익을 확인하는 장면,REF-46,https://app.notion.com/p/3b2baa79eaae819a83bffda262ebc9c5,에르웬은 쉬라고 한 보호자 앞에 나서 정령 없이 고블린을 잡고 솜씨를 인정받는다. 화살과 마석을 직접 회수해 9대1 몫과 동생에게 사 줄 물건을 연결한다.,2026년 8월 5일 오전 9:05,2026년 8월 5일,10화 역할 계약 / 후반 가족 부채 재인수,"4,551~4,607행",Yes,"비요른 얀델, 에르웬 포르나치 디 테르시아, 고블린",게임 속 바바리안으로 살아남기,SCENE-122,"대비, 핵심",보호받던 신입이 소모 자원을 아끼면서 한 사람 몫과 수익 가능성을 증명해야 함,Yes,대비 포함 준비,중간,11화
338~339화 · 압도적 사격 권한을 보여 준 뒤 공유 기억과 행동 기준으로 재회 상대를 판정하는 장면,REF-46,https://app.notion.com/p/3b2baa79eaae819a83bffda262ebc9c5,장기 부재 뒤 에르웬은 전쟁 영웅의 위력으로 먼저 등장한다. 비요른과 과거 기억을 대조한 뒤 악령 여부보다 함께한 행동과 현재 선택을 기준으로 같은 사람이라 판정한다.,2026년 8월 5일 오전 9:05,2026년 8월 5일,초기 신입 장면 / 340화 보호·경쟁자 제거 제안,"166,900~167,179행",Yes,"비요른 얀델, 에르웬 포르나치 디 테르시아, 아멜리아 레인웨일즈, 추격 세력",게임 속 바바리안으로 살아남기,SCENE-123,"핵심, 후속",사망한 것으로 알려진 보호자와 압도적 권한을 얻은 옛 신입이 장기 부재 뒤 재회함,Yes,대비 포함 준비,높음,338~339화
779~780화 · 보호자에게 종족 여론과 권력 구조를 묻고 공동체 입지 회복을 제도 과제로 바꾸는 장면,REF-46,https://app.notion.com/p/3b2baa79eaae819a83bffda262ebc9c5,에르웬의 외삼촌은 가족 보호자로서 책임을 요구하고 순혈단 탈퇴 뒤 나쁜 여론을 설명한다. 비요른은 개인 위로 대신 종족 권력 구조와 입지 개선 방법을 묻고 공동체 부채를 계획 과제로 바꾼다.,2026년 8월 5일 오전 9:06,2026년 8월 5일,778화 공개 모욕 / 778~779화 공동체 비용 인정,"363,979~364,050행",Yes,"비요른 얀델, 에르웬 포르나치 디 테르시아, 메이 포윈 디 테르시아, 벨레그 슈시아 디 테르시아",게임 속 바바리안으로 살아남기,SCENE-132,"핵심, 후속",개인 선택을 보호하면서도 종족의 손실과 여론 비용을 별도로 정산해야 함,Yes,대비 포함 준비,중간,779~780화
779화 · 방치했던 동생과 상실 기억을 다시 말하고 서로 눈치를 보는 미완 가족 관계를 확인하는 장면,REF-46,https://app.notion.com/p/3b2baa79eaae819a83bffda262ebc9c5,동생은 탐험을 싫어하고 미궁이 가족을 빼앗았다고 말한다. 첫째의 죽음을 다시 이야기한 뒤 자매는 서로를 아끼면서도 과자 하나를 주고받지 못할 만큼 눈치를 보는 관계로 남는다.,2026년 8월 5일 오전 9:06,2026년 8월 5일,초기 동생 부양 욕망 / 778~779화 부분 관계 회복 / 779~780화 공동체 입지 계획,"363,699~363,925행",Yes,"에르웬 포르나치 디 테르시아, 메이 포윈 디 테르시아, 비요른 얀델, 다리아 포르나치 디 테르시아",게임 속 바바리안으로 살아남기,SCENE-131,"대비, 핵심",복수와 전쟁 동안 방치된 동생과 재회했지만 상실 기억과 죄책감 때문에 친밀감이 회복되지 않음,Yes,대비 포함 준비,높음,779화
346~347화 · 통제 문제를 인정하고 힘을 전부 버리겠다는 제안을 거절해 선택권과 관계 경계를 함께 남기는 장면,REF-46,https://app.notion.com/p/3b2baa79eaae819a83bffda262ebc9c5,에르웬은 비요른을 다치게 할 수 없어 공격을 피하지 않고 자신의 집착과 통제 문제를 인정한다. 미움받지 않기 위해 정수를 모두 지우겠다고 하자 비요른은 순종을 이용하지 않고 힘은 유지하되 관계 경계를 지키라고 한다.,2026년 8월 5일 오전 9:06,2026년 8월 5일,341화 외부 활동권 박탈 / 347화 막힌 창문·장비 반환,"170,120~170,325행",Yes,"비요른 얀델, 에르웬 포르나치 디 테르시아, 아멜리아 레인웨일즈",게임 속 바바리안으로 살아남기,SCENE-126,"대비, 핵심",상실 뒤 얻은 압도적 힘이 상대의 외부 활동과 관계를 통제하는 수단으로 변질됨,Yes,대비 포함 준비,높음,346~347화
778화 · 종족 배신자 비난과 살해·권한 회수 주장 앞에서 동료가 공개적으로 경계를 긋는 장면,REF-46,https://app.notion.com/p/3b2baa79eaae819a83bffda262ebc9c5,순혈단을 떠난 에르웬은 고향에서 배신자로 불리고 살해해 권한을 회수하자는 주장까지 듣는다. 비요른은 공개적으로 모욕과 위협을 중단시키며 개인 선택의 안전선부터 확보한다.,2026년 8월 5일 오전 9:06,2026년 8월 5일,778~779화 공동체 비용 인정 / 779화 동생과 미완 회복,"363,287~363,430행",Yes,"에르웬 포르나치 디 테르시아, 비요른 얀델, 요정족 순혈단·마을 주민",게임 속 바바리안으로 살아남기,SCENE-129,"핵심, 후속",공공 성격의 희귀 권한을 가진 인물이 종족 의무를 떠나 개인 선택을 했고 공동체가 손실을 주장함,Yes,대비 포함 준비,높음,778화
778~779화 · 순혈단 탈퇴의 공동체 비용을 인정하고 동생과의 관계가 일부 회복됐음을 확인하는 장면,REF-46,https://app.notion.com/p/3b2baa79eaae819a83bffda262ebc9c5,"에르웬은 순혈이 종족의 공공 자원이라는 비난 근거와 회수 논리를 직접 설명한다. 비요른은 종족에 갚을 방법을 찾겠다고 하고, 복수 중 멀어진 동생과는 최근에야 말을 다시 섞기 시작했다고 확인한다.",2026년 8월 5일 오전 9:06,2026년 8월 5일,778화 공개 모욕 차단 / 779화 동생과 상실 대화,"363,599~363,691행",Yes,"에르웬 포르나치 디 테르시아, 비요른 얀델, 메이 포윈 디 테르시아, 순혈단",게임 속 바바리안으로 살아남기,SCENE-130,"대비, 핵심",개인 자유를 위해 떠난 선택이 종족의 공공 권한 손실과 가족 방치를 남김,Yes,대비 포함 준비,높음,778~779화
463화 · 최상위 전투 권한의 효율과 충동·불신·통제 저하 비용을 같은 장부에서 계산하는 장면,REF-46,https://app.notion.com/p/3b2baa79eaae819a83bffda262ebc9c5,"순혈·계층 정수·정령왕 계약으로 압도적 사격 권한을 얻었지만 비요른은 충동, 불신, 자제력 저하 같은 정신 비용을 함께 계산한다. 실제 사격과 정령왕 능력은 효율과 위험을 동시에 증명한다.",2026년 8월 5일 오전 9:06,2026년 8월 5일,338~339화 전쟁 영웅 재회 / 346~347화 통제 인정,"228,540~228,750행",Yes,"비요른 얀델, 에르웬 포르나치 디 테르시아, 정령왕, 순혈 능력",게임 속 바바리안으로 살아남기,SCENE-128,"대비, 핵심",희귀 권한의 조합으로 전투력은 극대화됐지만 정신·관계 통제 비용이 누적됨,Yes,대비 포함 준비,높음,463화
347화 · 관계 합의 뒤에도 막힌 창문이 남고 숨긴 장비만 돌려주는 장면,REF-46,https://app.notion.com/p/3b2baa79eaae819a83bffda262ebc9c5,통제 문제를 인정한 뒤에도 집의 창문은 판자로 막혀 있다. 에르웬은 비요른의 미궁 진입을 막으려 숨겼던 장비만 돌려주며 환경과 불신이 즉시 정상화되지 않았음을 보여 준다.,2026년 8월 5일 오전 9:06,2026년 8월 5일,346~347화 관계 경계 설정 / 후속 외부 활동 수용,"170,331~170,379행",Yes,"비요른 얀델, 에르웬 포르나치 디 테르시아, 은거 주택, 숨긴 장비",게임 속 바바리안으로 살아남기,SCENE-127,"대비, 후속",대화로 경계는 합의했지만 통제 환경과 불신의 물리적 흔적이 남아 있음,Yes,대비 포함 준비,높음,347화
431화 · 귀환 원정대를 특수 부대로 분류해 감시·격리하고 개선식까지 은폐 상태를 유지시키는 장면,REF-46,https://app.notion.com/p/3b2baa79eaae811eb5d5d2eba4b389c5,귀환자들은 왕가 특수부대라고 주장하고 보여 줄 장비와 숨길 장비를 나눈다. 왕가는 이들을 격리한 뒤 대중 관심과 개선식 성공을 이유로 이틀간 숨어 있으라고 요구한다.,2026년 8월 5일 오전 9:12,2026년 8월 5일,432화 개선식 영웅 서사 / 432~433화 공개 정체 충돌,"212,247~212,661행",Yes,"비요른 얀델, 아이스록 원정대, 테르세리온 후작, 왕가 특수 부대, 장미기사단",게임 속 바바리안으로 살아남기,SCENE-138,"선행, 핵심",장기 실종 원정대가 왕가·귀족·길드 이해가 얽힌 사건에서 대규모 전공과 위험한 증거를 갖고 귀환함,Yes,대비 포함 준비,높음,431화
232화 · 왕가 초대장이 반왕가 연대·현실적 수용·유가족 보상 요구를 동시에 불러오는 장면,REF-46,https://app.notion.com/p/3b2baa79eaae811eb5d5d2eba4b389c5,위로연 초대장 뒤 생존자들은 왕가에 맞서자거나 보상을 받으라고 서로 다른 요구를 한다. 유가족 보상까지 연결되며 비요른의 공개 태도가 개인 선택이 아닌 집단 결과가 된다.,2026년 8월 5일 오전 9:12,2026년 8월 5일,232화 회유 조건 / 433화 유가족 상실 잔여,"115,780~115,815행",Yes,"비요른 얀델, 야만인 부족장, 참사 생존자들, 유가족, 왕가",게임 속 바바리안으로 살아남기,SCENE-135,"대비, 후속",상징적 생존자의 공식 행사 참여가 왕가 불신·보상·유가족 이해에 영향을 줌,Yes,대비 포함 준비,중간,232화
231~232화 · 왕실 기사단의 도주 뒤 생존자 증언이 한 탐험가를 왕가가 회유해야 할 상징으로 만드는 장면,REF-46,https://app.notion.com/p/3b2baa79eaae811eb5d5d2eba4b389c5,왕실 기사단이 만 단위 탐험가를 버린 사실과 생존자들의 비요른 영웅 증언이 왕가 불신의 구심점을 만든다. 왕가는 제거보다 보상과 회유를 택한다.,2026년 8월 5일 오전 9:12,2026년 8월 5일,232화 작위·보상과 우호 연출 요구 / 338화 악령 공표,"115,251~115,325행",Yes,"비요른 얀델, 카일 페브로스크, 제3 왕실기사단, 참사 생존자들, 왕가",게임 속 바바리안으로 살아남기,SCENE-133,"선행, 핵심",왕실 조직의 실패가 공개되고 생존자들이 특정 탐험가를 영웅·구심점으로 말함,Yes,대비 포함 준비,높음,231~232화
340~341화 · 사망 뒤 악령 소문을 왕가가 승인한 기록을 정치 행위로 판정하고 공식 복귀를 보류하는 장면,REF-46,https://app.notion.com/p/3b2baa79eaae811eb5d5d2eba4b389c5,"비요른은 검증 장치로 작위와 명성을 되찾을 수 있다고 보지만, 죽은 사람의 소문을 왕가가 굳이 승인한 행위에서 배후 목적을 읽는다. 정보 부족 때문에 검증대에 바로 오르지 않는다.",2026년 8월 5일 오전 9:12,2026년 8월 5일,338화 악령 공표 / 431~433화 개선식 공개 정체,"167,757~167,817행",Yes,"비요른 얀델, 왕가, 아우릴 가비스의 검증 수단, 흩어진 동료들",게임 속 바바리안으로 살아남기,SCENE-137,"대비, 핵심",공식 기록은 반박 가능해 보이지만 누가 왜 사망자의 악령 기록을 승인했는지 알 수 없음,Yes,대비 포함 준비,높음,340~341화
338화 · 왕가의 악령 공표 한 문장이 사망한 영웅을 전 사회의 제거 대상으로 바꾸는 장면,REF-46,https://app.notion.com/p/3b2baa79eaae811eb5d5d2eba4b389c5,아멜리아는 2년 전 왕가가 비요른을 악령으로 공표했다고 짧게 알린다. 과거 작위와 영웅 명성은 공식 문장 하나로 검증·귀환·관계 접근의 위험으로 뒤집힌다.,2026년 8월 5일 오전 9:12,2026년 8월 5일,340~341화 공식 기록 수습 보류 / 432~433화 공개 정체 회수,"166,323~166,337행",Yes,"비요른 얀델, 아멜리아 레인웨일즈, 왕가",게임 속 바바리안으로 살아남기,SCENE-136,"이탈, 핵심",영웅이 사망한 것으로 알려진 뒤 왕가가 소문을 공식 승인함,Yes,대비 포함 준비,높음,338화
232화 · 작위·보물창고·장비 보상과 공식 우호 연출 요구를 하나의 회유 조건으로 제시하는 장면,REF-46,https://app.notion.com/p/3b2baa79eaae811eb5d5d2eba4b389c5,"왕가는 작위, 금혼보고 접근, 장비와 돈을 공적에 따라 제시한다. 직접 군 복무보다 논공행상 자리에서 왕가에 우호적인 모습을 보여 달라는 상징적 연출이 실제 대가다.",2026년 8월 5일 오전 9:12,2026년 8월 5일,231~232화 상징적 구심점 / 706~708화 작위의 복무 의무,"115,329~115,435행",Yes,"비요른 얀델, 카일 페브로스크, 왕가, 참사 생존자들",게임 속 바바리안으로 살아남기,SCENE-134,"대비, 핵심",왕가가 불신의 구심점이 될 영웅을 제거하지 않고 제도 안에 흡수하려 함,Yes,대비 포함 준비,높음,232화
432~433화 · 군중 앞 본명과 작위를 공개해 악령 기록과 영웅 행사의 위신을 충돌시키고 비밀 임무 서사를 강제하는 장면,REF-46,https://app.notion.com/p/3b2baa79eaae811eb5d5d2eba4b389c5,후작이 왕가의 준남작으로 호명한 순간 비요른은 수천 귀족 앞에서 본명을 공개한다. 왕가는 행사를 부정할 수 없어 죽음과 악령 공표를 비밀 임무용 위장으로 즉시 다시 쓴다.,2026년 8월 5일 오전 9:12,2026년 8월 5일,338화 악령 공표 / 432화 개선식 영웅 서사 / 706화 작위 소집,"213,340~213,585행",Yes,"비요른 얀델, 테르세리온 후작, 왕가, 수천 귀족, 개선식 군중",게임 속 바바리안으로 살아남기,SCENE-140,"이탈, 핵심",왕가가 영웅 개선식을 공개 진행하는 자리에서 공식 악령 기록과 실제 생존자가 충돌함,Yes,대비 포함 준비,높음,432~433화
432화 · 빈 관과 생존자 행렬·연설로 왕가의 구조 실패를 비밀 임무 영웅 서사로 편집하는 장면,REF-46,https://app.notion.com/p/3b2baa79eaae811eb5d5d2eba4b389c5,"개선식은 원래 죽은 것으로 처리한 원정대의 빈 관을 싣는 계획이었다. 실제 생존자가 돌아오자 귀족·길드 앞 행렬과 공적 호명, 왕가 찬사 연설로 실패와 협상 과정을 삭제한다.",2026년 8월 5일 오전 9:12,2026년 8월 5일,431화 귀환자 격리 / 432~433화 공개 본명 선언,"212,671~213,077행",Yes,"비요른 얀델, 아이스록 원정대, 테르세리온 후작, 왕가, 귀족·길드 고위층, 시민",게임 속 바바리안으로 살아남기,SCENE-139,"대비, 핵심",왕가가 구조하지 못한 귀환자들의 생존과 전공을 질서 유지에 유리한 공식 서사로 발표해야 함,Yes,대비 포함 준비,높음,432화
707~708화 · 작위 귀족의 강제 분리 전에 투표로 부단장을 세우고 최종 판단·결과 책임을 넘기는 장면,REF-46,https://app.notion.com/p/3b2baa79eaae811eb5d5d2eba4b389c5,군사령부 편입으로 단장이 클랜과 떨어질 수 있어 비밀 투표로 부단장을 정한다. 선출 뒤 모두의 도움과 별개로 최종 판단과 결과 책임이 부단장에게 있음을 명확히 한다.,2026년 8월 5일 오전 9:12,2026년 8월 5일,706~707화 전시 소집 / 708화 군단 편입,"334,780~334,883행",Yes,"비요른 얀델, 베르실 고울랜드, 멜란드 카이슬란, 아멜리아 레인웨일즈, 아나바다 클랜원",게임 속 바바리안으로 살아남기,SCENE-143,"대비, 핵심",외부 제도가 단장을 강제 분리할 수 있어 조직 내부 지휘권 승계가 필요함,Yes,대비 포함 준비,중간,707~708화
708화 · 영웅 작위가 하급 전투원의 보호 기대와 군사 지휘부 접근·복무 의무를 동시에 만드는 장면,REF-46,https://app.notion.com/p/3b2baa79eaae811eb5d5d2eba4b389c5,도시 전선의 탐험가들은 현역 탐험가 출신 남작이 자신들을 버리지 않을 후견인이라 기대한다. 기사와 군단장은 작위 호칭으로 비요른을 지휘부에 들이고 클랜·개인을 군단과 군사령부에 편입한다.,2026년 8월 5일 오전 9:12,2026년 8월 5일,232화 작위 회유 / 706~707화 소집 의무,"334,960~335,150행",Yes,"비요른 얀델, 아나바다 클랜, 베르실 고울랜드, 제4 왕실기사단, 제3 군단장, 군사령부, 전선 탐험가들",게임 속 바바리안으로 살아남기,SCENE-144,"핵심, 후속",영웅 명성과 작위를 가진 현역 탐험가가 전시 소집에 응해 도시 전선에 나타남,Yes,대비 포함 준비,높음,708화
706~707화 · 과거 작위가 전시 소집·군사 편입·탈영 처벌·클랜 보호 가능성으로 동시에 현실화되는 장면,REF-46,https://app.notion.com/p/3b2baa79eaae811eb5d5d2eba4b389c5,"왕가 공문은 모든 클랜을 소집하고 작위 귀족을 군사령부에 편입시킨다. 불응하면 클랜은 사형 위험을 지고 작위는 회수될 수 있지만, 작위가 남아야 클랜원의 처벌을 막을 여지도 생긴다.",2026년 8월 5일 오전 9:12,2026년 8월 5일,232화 작위 회유 / 707~708화 부단장 선출 / 708화 후견 기대,"334,341~334,510행",Yes,"비요른 얀델, 아나바다 클랜, 멜란드 카이슬란, 왕가, 군사령부",게임 속 바바리안으로 살아남기,SCENE-142,"핵심, 후속",작위 귀족이 이끄는 클랜이 전시 소집령을 늦게 확인하고 단장·클랜 분리 위험에 놓임,Yes,대비 포함 준비,높음,706~707화
433화 · 화려한 개선식 뒤 유가족의 상실과 구조 실패 책임이 남아 영웅 서사의 삭제 한계를 드러내는 장면,REF-46,https://app.notion.com/p/3b2baa79eaae811eb5d5d2eba4b389c5,개선식에서 사망자 이름과 사죄가 공개됐지만 유가족은 많은 죽음을 기억한다. 비요른은 그들에게 왕가와 싸우라는 짐을 지울 수 없다고 판단해 공식 영웅 서사가 책임을 완전히 지우지 못함을 남긴다.,2026년 8월 5일 오전 9:12,2026년 8월 5일,232화 유가족 보상 요구 / 432화 개선식 서사,"213,680~213,735행",Yes,"비요른 얀델, 아이스록 원정 사망자 유가족, 개선식 참가자, 왕가",게임 속 바바리안으로 살아남기,SCENE-141,"대비, 실패",공식 개선식이 전공과 사죄를 연출했지만 실제 희생과 구조 실패는 남아 있음,Yes,대비 포함 준비,중간,433화
148화 · 살해 금지 계약을 우회해 복수 대상을 죽게 만들고 기억을 지우는 장면,REF-46,https://app.notion.com/p/3b2baa79eaae81a1899bceec7c09794d,아멜리아는 직접 살해를 금지한 계약을 지키면서도 리갈 바고스가 죽을 상황을 만든다. 전리품을 회수한 뒤 최고급 기억 삭제 환단을 먹여 자기 개입 흔적까지 제거한다.,2026년 8월 5일 오전 9:24,2026년 8월 5일,276~277화 협박자 제거 / 300~301화 어린 젠시아 기억 삭제,"71,555~71,729행",Yes,"아멜리아 레인웨일즈, 리갈 바고스, 노아르크 연금술사, 순찰자",게임 속 바바리안으로 살아남기,SCENE-145,"선행, 핵심",복수 대상과의 계약이 직접 살해를 금지하지만 치명상 상태와 기억 삭제 수단을 이용할 수 있음,Yes,대비 포함 준비,높음,148화
278~280화 · 불확실한 탈출 계획에 합의하고 전위·극딜 역할을 반복 이행하는 장면,REF-46,https://app.notion.com/p/3b2baa79eaae81a1899bceec7c09794d,"비요른은 실패 대비까지 포함한 위험한 탈출 계획을 설명한다. 아멜리아는 목소리와 계산을 검토한 뒤 동의하고, 여러 웨이브에서 비요른의 전위와 자신의 극딜 역할을 반복 이행한다.",2026년 8월 5일 오전 9:24,2026년 8월 5일,277화 해독제·불신 / 280~281화 둘만 미끼 잔류,"138,393~139,200행",Yes,"비요른 얀델, 아멜리아 레인웨일즈, 아루아 레이븐, 미샤 칼스타인, 아이나르, 에르웬 포르나치 디 테르시아, 파츠란, 신관과 일행",게임 속 바바리안으로 살아남기,SCENE-149,"핵심, 후속",생존 가능성이 불확실한 계획에 과거 적대자를 포함한 집단의 역할 합의가 필요함,Yes,대비 포함 준비,높음,278~280화
281~282화 · 표류 전투에서 방어·극딜·밧줄·귀환 자원을 나누며 공동 생존하는 장면,REF-46,https://app.notion.com/p/3b2baa79eaae81a1899bceec7c09794d,비요른과 아멜리아는 폭풍과 보스 공격 속에서 방어·극딜·신체 고정·귀환 자원을 나눈다. 생존 뒤에도 숙원 물건의 용도와 비밀은 공개되지 않아 협력과 정보 경계가 동시에 남는다.,2026년 8월 5일 오전 9:24,2026년 8월 5일,280~281화 미끼 잔류 / 285화 귀환 방법 협상,"139,425~140,179행",Yes,"비요른 얀델, 아멜리아 레인웨일즈, 스톰거쉬, 벨버슨 에르프너의 장비와 숙원 물건",게임 속 바바리안으로 살아남기,SCENE-151,"핵심, 후속",둘만 남아 광역 공격과 표류를 버티며 제한된 방어·공격·고정 자원을 조합해야 함,Yes,대비 포함 준비,높음,281~282화
280~281화 · 동료를 먼저 배에 태우고 빚과 성공 계산 때문에 둘만 미끼로 남는 장면,REF-46,https://app.notion.com/p/3b2baa79eaae81a1899bceec7c09794d,비요른은 부상자와 동료를 먼저 배에 묶어 탈출시킨다. 아멜리아는 구조받은 빚과 계획 성공 가능성을 모두 이유로 들어 비요른과 함께 마지막 미끼 역할에 남는다.,2026년 8월 5일 오전 9:24,2026년 8월 5일,278~280화 역할 합의 / 281~282화 표류 공동 생존,"139,227~139,379행",Yes,"비요른 얀델, 아멜리아 레인웨일즈, 아루아 레이븐, 미샤 칼스타인, 아이나르, 파츠란, 부상한 일행",게임 속 바바리안으로 살아남기,SCENE-150,"대비, 핵심",대부분의 동료를 먼저 탈출시키려면 둘이 남아 적과 위험을 끌어야 함,Yes,대비 포함 준비,높음,280~281화
276~277화 · 협박자의 정보 독점을 대체 심문 경로로 깨고 인질 편을 택하는 장면,REF-46,https://app.notion.com/p/3b2baa79eaae81a1899bceec7c09794d,벨버슨은 숙원 관련 물건을 숨겼다며 아멜리아의 협력을 강요한다. 아멜리아는 동생에게서 위치를 캐낼 수 있다는 대체 경로를 계산해 협박자를 제거하고 비요른 쪽을 택한다.,2026년 8월 5일 오전 9:24,2026년 8월 5일,277화 해독제 제공 / 278~280화 공동 전투,"136,863~136,965행",Yes,"비요른 얀델, 아멜리아 레인웨일즈, 벨버슨 에르프너, 인질 일행",게임 속 바바리안으로 살아남기,SCENE-146,"대비, 핵심",협박자가 숙원 관련 정보와 인질을 동시에 독점하지만 정보 획득의 다른 경로가 존재함,Yes,대비 포함 준비,높음,276~277화
277화 · 자기 절단 팔을 붙인 뒤 부상한 인질의 생존 상태를 확인하는 장면,REF-46,https://app.notion.com/p/3b2baa79eaae81a1899bceec7c09794d,아멜리아는 전투 직후 자기 잘린 팔을 시체의 보관 공간에서 꺼내 붙인다. 자기 상태 설명보다 비요른의 부상과 동료들의 생존 여부로 시선을 돌려 구조 이후의 실제 상태를 확인한다.,2026년 8월 5일 오전 9:24,2026년 8월 5일,276~277화 협박자 제거 / 277화 해독제 제공,"136,973~137,033행",Yes,"비요른 얀델, 아멜리아 레인웨일즈, 미샤 칼스타인, 벨버슨 에르프너",게임 속 바바리안으로 살아남기,SCENE-147,"대비, 후속",구조자는 팔이 절단됐고 인질은 극독과 중상으로 의식이 흐린 상태,Yes,대비 포함 준비,높음,277화
277화 · 적의 가방에서 해독제를 찾아 건네지만 과거 약탈 때문에 집단 불신이 남는 장면,REF-46,https://app.notion.com/p/3b2baa79eaae81a1899bceec7c09794d,아멜리아는 극독에 중독된 비요른을 살릴 해독제를 적의 가방에서 찾아 건넨다. 구조와 메인 딜러 역할을 수행해도 파츠란과 일행은 과거 약탈·배신 이력 때문에 무기를 거두지 않고 감시를 유지한다.,2026년 8월 5일 오전 9:24,2026년 8월 5일,277화 구조 후 상태 확인 / 278~280화 역할 이행,"137,209~137,317행",Yes,"비요른 얀델, 아멜리아 레인웨일즈, 파츠란, 에르웬 포르나치 디 테르시아, 미샤 칼스타인, 신관과 일행",게임 속 바바리안으로 살아남기,SCENE-148,"대비, 핵심",적대적 약탈자가 생존에 필요한 해독제와 전투력을 제공하지만 과거 범죄가 공유됨,Yes,대비 포함 준비,높음,277화
305~306화 · 가족 구출과 신분 해결을 조건으로 미래 동료 약속을 체결하는 장면,REF-46,https://app.notion.com/p/3b2baa79eaae81a1899bceec7c09794d,비요른은 언니 구출과 신분 제약 해결을 돕겠다고 제안한다. 아멜리아는 두 조건이 충족되고 함께 있어도 문제가 없는 상태가 되면 동료가 되겠다고 답한다.,2026년 8월 5일 오전 9:25,2026년 8월 5일,305화 복수 기원 공개 / 후속 상호 정보 공개,"151,281~151,409행",Yes,"비요른 얀델, 아멜리아 레인웨일즈, 아멜리아의 언니",게임 속 바바리안으로 살아남기,SCENE-158,"핵심, 후속",반복 협력은 성립했지만 가족 생존·신분·현재 동료 안전 문제가 해결되지 않음,Yes,대비 포함 준비,높음,305~306화
302화 · 신뢰 확인과 배신 방지용 약점 확보를 함께 인정하고 복수·귀환 목표를 분리하는 장면,REF-46,https://app.notion.com/p/3b2baa79eaae81a1899bceec7c09794d,아멜리아는 정체를 캐낸 이유가 믿을 수 있는지 알고 싶어서이면서 배신 방지용 약점을 갖기 위해서였다고 함께 인정한다. 이어 복수와 귀환 목표를 별도 장부로 유지한다.,2026년 8월 5일 오전 9:25,2026년 8월 5일,301~302화 정체 검증 / 305화 복수 기원 공개,"150,329~150,503행",Yes,"비요른 얀델, 아멜리아 레인웨일즈",게임 속 바바리안으로 살아남기,SCENE-156,"대비, 핵심",상대 정체를 확인했지만 과거 적대와 미래 배신 가능성이 남아 있음,Yes,대비 포함 준비,높음,302화
287화 · 세 주 뒤 필요한 자원과 조사 결과를 실제로 가져와 약속 이행을 증명하는 장면,REF-46,https://app.notion.com/p/3b2baa79eaae81a1899bceec7c09794d,아멜리아는 정한 시점에 돌아와 귀환에 필요한 자원과 조사 결과를 가져온다. 신뢰는 호칭이나 감정이 아니라 약속한 준비를 실제로 수행한 결과로 갱신된다.,2026년 8월 5일 오전 9:25,2026년 8월 5일,285화 귀환 협상 / 301~302화 정체 검증,"142,543~142,579행",Yes,"비요른 얀델, 아멜리아 레인웨일즈",게임 속 바바리안으로 살아남기,SCENE-153,"핵심, 후속",고위험 귀환 계획을 위해 정해진 기한 내 조사와 자원 준비가 필요함,Yes,대비 포함 준비,중간,287화
285화 · 원래 시간대로 돌아가기 위한 방법·위험·상호 의존을 협상하는 장면,REF-46,https://app.notion.com/p/3b2baa79eaae81a1899bceec7c09794d,"비요른과 아멜리아는 귀환 방법의 조건, 실패 위험, 필요한 자원과 역할을 분리해 협상한다. 어느 한쪽도 혼자 해결할 수 없어 정보와 실행을 교환한다.",2026년 8월 5일 오전 9:25,2026년 8월 5일,281~282화 공동 생존 / 287화 약속 이행,"141,713~141,893행",Yes,"비요른 얀델, 아멜리아 레인웨일즈, 시간 이동 관련 자원과 정보",게임 속 바바리안으로 살아남기,SCENE-152,"대비, 핵심",둘 다 원래 시간대로 돌아가야 하지만 방법과 자원을 서로 나눠 가지고 있음,Yes,대비 포함 준비,높음,285화
300~301화 · 미래 적대자의 어린 육체를 죽이지 않고 기억 삭제로 위험을 우회하는 장면,REF-46,https://app.notion.com/p/3b2baa79eaae81a1899bceec7c09794d,미래의 위험 인물이 어린 육체로 나타나자 아멜리아는 즉시 죽이는 대신 기억 삭제를 시도한다. 현재의 위협 수준과 미래 책임을 분리해 덜 치명적인 우회책을 먼저 택한다.,2026년 8월 5일 오전 9:25,2026년 8월 5일,148화 기억 삭제 / 301~302화 삭제 실패와 정체 검증,"149,705~150,081행",Yes,"비요른 얀델, 아멜리아 레인웨일즈, 어린 젠시아",게임 속 바바리안으로 살아남기,SCENE-154,"대비, 이탈",미래에는 적대자지만 현재는 어린 육체이며 기억 삭제 수단이 있음,Yes,대비 포함 준비,높음,300~301화
301~302화 · 기억 삭제 실패를 단서로 정체를 추론하고 진실 장치로 직접 검증하는 장면,REF-46,https://app.notion.com/p/3b2baa79eaae81a1899bceec7c09794d,기억 삭제가 통하지 않은 과거 사례를 되짚어 아멜리아는 비요른의 정체를 추론한다. 추측에 멈추지 않고 진실 장치와 질문 순서로 직접 검증한다.,2026년 8월 5일 오전 9:25,2026년 8월 5일,300~301화 기억 삭제 실패 / 302화 약점 확보와 목표 분리,"150,001~150,321행",Yes,"비요른 얀델, 아멜리아 레인웨일즈, 진실 검증 장치",게임 속 바바리안으로 살아남기,SCENE-155,"대비, 핵심",과거의 기억 삭제 실패와 현재 행동이 동일 인물 가설을 지지하지만 확정 증거는 없음,Yes,대비 포함 준비,높음,301~302화
305화 · 가족 상실과 약탈자 이력을 공개해 복수 목표의 기원을 설명하는 장면,REF-46,https://app.notion.com/p/3b2baa79eaae81a1899bceec7c09794d,"아멜리아는 가족 상실, 언니 문제, 약탈자 시절의 선택을 순서대로 공개한다. 과거 범죄를 지우지 않은 채 복수 목표가 어디서 생겼는지를 설명한다.",2026년 8월 5일 오전 9:25,2026년 8월 5일,302화 목표 분리 / 305~306화 조건부 동료 약속,"150,947~151,279행",Yes,"아멜리아 레인웨일즈, 비요른 얀델, 아멜리아의 언니와 가족, 오르큘리스 관련 인물들",게임 속 바바리안으로 살아남기,SCENE-157,"핵심, 후속",정체와 약점을 확인한 뒤 장기 복수 목표의 기원과 책임을 설명할 필요가 있음,Yes,대비 포함 준비,높음,305화
124화 · 고급 생존 정보와 익명 정보망 접근권을 제공하면서 장기 목적은 숨기는 장면,REF-46,https://app.notion.com/p/3b2baa79eaae8104b078e11d53f587b3,동향인에게 생존 정보와 원탁 접근권을 열어 주지만 자기 세력·현실 정체·귀환 계획은 공개하지 않는다.,2026년 8월 5일 오전 9:35,2026년 8월 5일,124화 동향인 인증 / 435~436화 상호 정체 확인,"59,883~59,989행",Yes,"비요른 얀델, 이백호, 원탁의 감시자와 참가자들",게임 속 바바리안으로 살아남기,SCENE-160,"대비, 후속",동향인에게 유용한 정보는 줄 수 있지만 장기 계획 공개는 위험함,Yes,대비 포함 준비,높음,124화
312~313화 · 동료를 심문한 뒤 소생 가능성을 제안해 장기 협력의 문을 여는 장면,REF-46,https://app.notion.com/p/3b2baa79eaae8104b078e11d53f587b3,상실한 동료를 되살릴 수 있다는 정보를 제시해 절망한 인물에게 장기 협력 가능성을 연다. 약속의 실행 시점과 조건은 제공자가 쥔다.,2026년 8월 5일 오전 9:35,2026년 8월 5일,340화 구원 계약 / 477화 지연·종속 반례,"154,743~154,903행",Yes,"이백호, 에르웬 포르나치 디 테르시아, 미샤 칼스타인 관련 정보",게임 속 바바리안으로 살아남기,SCENE-163,"선행, 핵심",상실한 동료를 되살릴 희망이 절실하고 제공자가 방법과 시점을 독점함,Yes,대비 포함 준비,높음,312~313화
250~251화 · 현실 조우에서 공격과 떠보기를 병행해 정체를 강제 확인하고 일부만 공개하는 장면,REF-46,https://app.notion.com/p/3b2baa79eaae8104b078e11d53f587b3,상대가 같은 출신인지 확신하지 못한 채 공격·질문·반응 확인을 반복한다. 정체를 확인한 뒤에도 필요한 층만 공개한다.,2026년 8월 5일 오전 9:35,2026년 8월 5일,124화 동향인 인증 / 251화 현실에서는 남으로 지내는 경계,"124,851~125,079행",Yes,"비요른 얀델, 이백호, 현실 공간의 접속자들",게임 속 바바리안으로 살아남기,SCENE-161,"대비, 핵심",현실 공간에서 조우했지만 상대의 실제 정체와 의도를 확정할 수 없음,Yes,대비 포함 준비,높음,250~251화
340화 · 소생 약속과 증언·전투 역할을 묶어 배신하기 어려운 계약을 만드는 장면,REF-46,https://app.notion.com/p/3b2baa79eaae8104b078e11d53f587b3,소생 가능성을 미끼로 증언·훈련·전투 역할을 묶는다. 구원 희망이 떠날 수 없는 종속 장치로 변한다.,2026년 8월 5일 오전 9:35,2026년 8월 5일,312~313화 소생 제안 / 477화 계약 지연 반례,"167,359~167,479행",Yes,"이백호, 에르웬 포르나치 디 테르시아, 비요른 얀델 관련 증언",게임 속 바바리안으로 살아남기,SCENE-164,"대비, 실패, 핵심",계약 대상이 상실한 사람을 되살릴 희망 때문에 제안을 거절하기 어려움,Yes,대비 포함 준비,높음,340화
435~436화 · 질문 교환 끝에 상호 정체를 확인하고 상징 이용 책임을 묻는 장면,REF-46,https://app.notion.com/p/3b2baa79eaae8104b078e11d53f587b3,서로 질문 순서를 통제하며 현실 정체를 확인한다. 정체 확인 직후 친밀감보다 상대를 영웅 상징으로 이용한 책임과 정보 은폐를 먼저 묻는다.,2026년 8월 5일 오전 9:35,2026년 8월 5일,124화 정보망 접근 / 436화 목표 차이 시험,"214,817~215,127행",Yes,"비요른 얀델, 이백호, GM·원탁 관련 정보",게임 속 바바리안으로 살아남기,SCENE-165,"핵심, 후속",양쪽 모두 상대 정체를 의심하며 장기 은폐와 상징 이용 책임이 남아 있음,Yes,대비 포함 준비,높음,435~436화
124화 · 동향인 인증 뒤 현실 정체와 현지 신분을 분리하는 장면,REF-46,https://app.notion.com/p/3b2baa79eaae8104b078e11d53f587b3,같은 출신을 확인한 뒤 친근한 말투와 생존 정보를 제공하지만 현실 이름과 현지 신분을 별개로 관리한다.,2026년 8월 5일 오전 9:35,2026년 8월 5일,124화 정보망 접근권 / 250~251화 현실 조우,"59,669~59,813행",Yes,"비요른 얀델, 이백호, 원탁의 감시자",게임 속 바바리안으로 살아남기,SCENE-159,"선행, 핵심",같은 세계 출신임을 확인했지만 서로의 현지 정체와 장기 목적은 모름,Yes,대비 포함 준비,높음,124화
436화 · 제삼자 편입 이유와 과거·마녀 정보를 교환하되 공개 범위를 제한하는 장면,REF-46,https://app.notion.com/p/3b2baa79eaae8104b078e11d53f587b3,"상호 정체 확인 뒤 제삼자를 왜 편입했는지, 과거 세력과 마녀 관련 정보를 교환한다. 모든 비밀을 털어놓지는 않는다.",2026년 8월 5일 오전 9:35,2026년 8월 5일,435~436화 상호 정체 확인 / 436화 귀환 버튼 질문,"215,173~215,295행",Yes,"비요른 얀델, 이백호, 에르웬 포르나치 디 테르시아, 마녀와 오르큘리스 관련 인물",게임 속 바바리안으로 살아남기,SCENE-166,"대비, 후속",정체는 확인됐지만 서로의 세력·과거·장기 계획 전체는 공유되지 않음,Yes,대비 포함 준비,높음,436화
251화 · 귀환 목표 차이를 확인하고 현실에서는 남으로 지내자고 경계를 세우는 장면,REF-46,https://app.notion.com/p/3b2baa79eaae8104b078e11d53f587b3,공통 출신을 확인했어도 현재 세계와 귀환을 두고 우선순위가 다름을 확인한다. 현실에서는 서로 모르는 사람처럼 지내는 선을 합의한다.,2026년 8월 5일 오전 9:35,2026년 8월 5일,250~251화 정체 확인 / 436~437화 귀환 목표 충돌,"125,183~125,303행",Yes,"비요른 얀델, 이백호",게임 속 바바리안으로 살아남기,SCENE-162,"대비, 이탈",같은 출신이지만 귀환과 현재 세계에 대한 우선순위가 다름,Yes,대비 포함 준비,높음,251화
477화 · 소생 약속이 지연·실적 요구·업무적 종속으로 바뀐 제삼자 장면,REF-46,https://app.notion.com/p/3b2baa79eaae8104b078e11d53f587b3,소생 약속을 받은 인물은 실행 시점이 계속 미뤄지고 실적을 요구받는다. 희망 때문에 떠나지 못한 채 관계가 업무적 잔류와 불신으로 굳어진다.,2026년 8월 5일 오전 9:36,2026년 8월 5일,312~313화 소생 제안 / 340화 구원 계약,"234,789~234,913행",Yes,"이백호, 에르웬 포르나치 디 테르시아, 미샤 칼스타인 관련 소생 약속",게임 속 바바리안으로 살아남기,SCENE-171,"대비, 실패, 후속",계약 제공자가 소생 시점과 평가 권한을 독점하고 계약 대상은 희망 때문에 이탈하기 어려움,Yes,대비 포함 준비,높음,477화
469~470화 · 제삼자를 돌려주는 대가로 다음 협력 조건을 여는 장면,REF-46,https://app.notion.com/p/3b2baa79eaae8104b078e11d53f587b3,제삼자를 현재 동료에게 돌려주는 행위와 다음 정보·지원 협상을 교환한다. 인도 자체가 호의가 아니라 다음 계약의 입구가 된다.,2026년 8월 5일 오전 9:36,2026년 8월 5일,470화 상징 이용 책임 / 477화 제삼자 종속 반례,"231,219~231,395행",Yes,"비요른 얀델, 이백호, 에르웬 포르나치 디 테르시아",게임 속 바바리안으로 살아남기,SCENE-169,"대비, 후속",제삼자의 소속과 보호권을 원래 동료에게 되돌리는 협상이 필요함,Yes,대비 포함 준비,높음,469~470화
436화 · 귀환 버튼 질문으로 목표 차이를 시험하고 거짓말을 판정하는 장면,REF-46,https://app.notion.com/p/3b2baa79eaae8104b078e11d53f587b3,즉시 귀환 가능한 선택지가 생기면 누를 것인지 묻는다. 답변 내용뿐 아니라 지연·반응·회피를 통해 가치 우선순위를 판정한다.,2026년 8월 5일 오전 9:36,2026년 8월 5일,435~436화 정체 확인 / 437화 결별선 위협,"215,403~215,529행",Yes,"비요른 얀델, 이백호",게임 속 바바리안으로 살아남기,SCENE-167,"대비, 핵심",같은 출신이지만 귀환과 현재 세계에 대한 우선순위가 완전히 일치하지 않음,Yes,대비 포함 준비,높음,436화
500~501화 · 플랜 B를 유지한 채 지원 범위와 결별 조건을 명시해 협력자 계약을 맺는 장면,REF-46,https://app.notion.com/p/3b2baa79eaae8104b078e11d53f587b3,"서로의 비상 계획을 폐기하지 않은 채 귀환 지원, 필요시 지원, 목표 충돌 시 결별을 언어로 고정한다. 적·아군 대신 협력자라는 범주를 선택한다.",2026년 8월 5일 오전 9:36,2026년 8월 5일,437화 결별선 확인 / 500화 기록석 공개,"246,401~246,533행",Yes,"비요른 얀델, 이백호",게임 속 바바리안으로 살아남기,SCENE-173,"핵심, 후속",핵심 목표와 플랜 B가 다르지만 공동 이익과 지원 가능성이 남아 있음,Yes,대비 포함 준비,높음,500~501화
470화 · 상징 이용·왕가 전복·암살 의뢰를 공개하고 현재 보호선을 만드는 장면,REF-46,https://app.notion.com/p/3b2baa79eaae8104b078e11d53f587b3,상대를 영웅 상징으로 이용해 세력을 끌어내고 왕가 전복과 암살을 추진한 계획을 인정한다. 동시에 현재 동료에 대한 위해 금지선을 협상한다.,2026년 8월 5일 오전 9:36,2026년 8월 5일,435~436화 상징 이용 책임 / 500화 기록석 공개,"231,423~231,527행",Yes,"비요른 얀델, 이백호, 왕가, 오르큘리스, 암살 의뢰 관련 인물",게임 속 바바리안으로 살아남기,SCENE-170,"핵심, 후속",과거 상징 이용과 폭력 계획을 공개하면서 현재 협력의 보호 범위를 정해야 함,Yes,대비 포함 준비,높음,470화
437화 · 귀환을 위해 소중한 동료를 제거하겠다는 위협으로 결별선을 확인하는 장면,REF-46,https://app.notion.com/p/3b2baa79eaae8104b078e11d53f587b3,귀환 목표를 위해 상대의 소중한 동료를 제거할 수 있다는 가정으로 협력의 한계를 시험한다. 상대는 즉시 결별·적대선을 명확히 한다.,2026년 8월 5일 오전 9:36,2026년 8월 5일,436화 목표 차이 시험 / 500~501화 협력자 계약,"215,577~215,807행",Yes,"비요른 얀델, 이백호, 미샤 칼스타인",게임 속 바바리안으로 살아남기,SCENE-168,"실패, 이탈, 핵심",귀환 목표와 현재 세계의 소중한 관계가 충돌할 가능성이 있음,Yes,대비 포함 준비,높음,437화
500화 · 기록석과 예정된 미래를 공개하며 장기 은폐 동기를 밝히는 장면,REF-46,https://app.notion.com/p/3b2baa79eaae8104b078e11d53f587b3,"기록석과 예정된 미래, 귀환 가능성, 왕가 전복 계획을 공개한다. 장기 은폐가 단순 불신이 아니라 미래 통제와 귀환 플랜을 지키기 위한 것이었음을 밝힌다.",2026년 8월 5일 오전 9:36,2026년 8월 5일,470화 계획 공개 / 500~501화 협력자 계약,"246,081~246,399행",Yes,"비요른 얀델, 이백호, 기록석 관련 인물과 왕가",게임 속 바바리안으로 살아남기,SCENE-172,"핵심, 후속",서로의 장기 계획과 예정된 미래가 협력 상대의 동료·세계에 위험을 줄 수 있음,Yes,대비 포함 준비,높음,500화
125화 · 초록 판정을 받은 최소 문장이 정보량 부족 이의를 받고 추가 발화 여부가 협상되는 장면,REF-46,https://app.notion.com/p/3b2baa79eaae8151975ad0c5e1f503a2,초록 판정은 문장이 참임을 보여 주지만 충분한 정보 제출을 보장하지 않는다. 참가자들은 정보량 부족을 이의로 제기하고 발화자는 추가 정보를 낼지 협상한다.,2026년 8월 5일 오전 9:49,2026년 8월 5일,125화 사적 질문 거절 / 125~126화 잘못된 확신 통과,"60,519~60,573행",Yes,"초승달 가면, 여우 가면, 광대 가면, 비요른 얀델, 원탁 참가자들",게임 속 바바리안으로 살아남기,SCENE-179,"대비, 핵심",판정은 초록이지만 문장이 지나치게 짧아 거래 가치가 불충분함,Yes,대비 포함 준비,높음,125화
38화 · 저등급 검증이 실패하자 고등급 비용을 이유로 자백 압박과 형 집행으로 전환하는 장면,REF-46,https://app.notion.com/p/3b2baa79eaae8151975ad0c5e1f503a2,저등급 검증 마법이 정신 저항에 막히자 길드는 고등급 마법사 호출 비용을 아까워한다. 검증 강화 대신 자백 압박과 형 집행으로 절차를 닫는다.,2026년 8월 5일 오전 9:49,2026년 8월 5일,37화 검증 요청권 거부 / 38~39화 공개 상황 조성,"17,665~17,731행",Yes,"비요른 얀델, 탐험가 길드 조사관, 길드 소속 9등급 마법사",게임 속 바바리안으로 살아남기,SCENE-175,"실패, 핵심",초기 검증이 실패했고 더 강한 검증은 비용이 높으며 조사 기관이 사건 종결을 서두름,Yes,대비 포함 준비,높음,38화
39~40화 · 군중·전문가·기록·당사자 검증을 겹쳐 회유 시도를 막고 거짓 증언을 뒤집는 장면,REF-46,https://app.notion.com/p/3b2baa79eaae8151975ad0c5e1f503a2,공개된 자리에서 조사관·거짓 증인·피해 당사자·고등급 마법사·성직자·기록을 교차시킨다. 한 사람의 말이 아니라 서로 다른 실패 가능성을 가진 증거를 겹쳐 판결을 뒤집는다.,2026년 8월 5일 오전 9:49,2026년 8월 5일,38~39화 공개 상황 조성 / 467화 묵비권 대비,"18,489~19,115행",Yes,"비요른 얀델, 아루아 레이븐, 콜도 비르만, 하츠 영, 에르웬 포르나치 디 테르시아, 성직자, 군중과 길드 관계자",게임 속 바바리안으로 살아남기,SCENE-177,"핵심, 후속",기관 내부 증언과 기록이 오염됐고 공개 검증을 통해 회유·입막음 비용을 높일 수 있음,Yes,대비 포함 준비,높음,39~40화
125화 · 공식 정보 교환 전 사적 질문을 거절하고도 추가 압박 없이 순서를 시작하는 장면,REF-46,https://app.notion.com/p/3b2baa79eaae8151975ad0c5e1f503a2,초승달은 집회 시작 전 사적 정체 질문을 하지만 비요른은 답변을 거절한다. 운영 규칙 밖 질문이므로 거절 뒤 추가 추궁 없이 공식 순서로 넘어간다.,2026년 8월 5일 오전 9:49,2026년 8월 5일,125화 최소 문장 이의 / 572화 답변자가 질문 선택,"60,383~60,443행",Yes,"비요른 얀델, 초승달 가면, 광대 가면, 여우 가면, 원탁 참가자들",게임 속 바바리안으로 살아남기,SCENE-178,"대비, 선행",공식 정보 제출 전 사적 질문이며 답변 의무와 검증 절차가 적용되지 않음,Yes,대비 포함 준비,높음,125화
38~39화 · 기관이 입막음할 수 없는 공개 상황을 만들고 당사자·전문가·성직자를 한자리에 요구하는 장면,REF-46,https://app.notion.com/p/3b2baa79eaae8151975ad0c5e1f503a2,비요른은 내부 절차에서 검증권을 얻지 못하자 군중과 지역장 가족을 포함한 공개 위기를 만든다. 면죄가 아니라 사건 당사자와 고등급 검증자를 한자리에 모으라고 요구한다.,2026년 8월 5일 오전 9:49,2026년 8월 5일,38화 형 집행 결정 / 39~40화 공개 교차 검증,"17,769~18,405행",Yes,"비요른 얀델, 탐험가 길드 조사관 콜도 비르만, 지역장과 딸, 아루아 레이븐, 성직자와 사건 당사자들",게임 속 바바리안으로 살아남기,SCENE-176,"핵심, 후속",검증 요청권이 봉쇄됐고 기관이 사건을 내부적으로 종결하려 함,Yes,대비 포함 준비,높음,38~39화
37화 · 검증 비용을 내겠다는 피조사자도 등급 규칙 때문에 요청권을 거부당하는 장면,REF-46,https://app.notion.com/p/3b2baa79eaae8151975ad0c5e1f503a2,비요른은 검증 비용을 직접 내겠다고 제안하지만 길드는 7등급 이상만 정식 요청할 수 있다는 규칙으로 접근을 차단한다.,2026년 8월 5일 오전 9:49,2026년 8월 5일,38화 저등급 검증 실패 / 39~40화 공개 검증 강제,"17,521~17,537행",Yes,"비요른 얀델, 탐험가 길드 조사관",게임 속 바바리안으로 살아남기,SCENE-174,"선행, 핵심",피조사자가 비용을 지불할 의사가 있지만 신분 등급이 낮아 정식 검증 요청권이 없음,Yes,대비 포함 준비,높음,37화
472화 · 상반된 확신이 모두 초록일 수 있고 최소 발화 뒤 추가 질문을 무시해 턴을 끝내는 장면,REF-46,https://app.notion.com/p/3b2baa79eaae8151975ad0c5e1f503a2,"늑대 가면은 서로 반대되는 주장을 각자가 믿으면 모두 초록일 수 있다고 지적한다. 신뢰는 장치보다 누적 행동 기록과 집단 평판에 의해 갈리고, 발화자는 최소 문장 뒤 추가 질문을 거절할 수 있다.",2026년 8월 5일 오전 9:49,2026년 8월 5일,471화 잘못된 확신 / 572화 질문 선택 규칙,"232,343~232,491행",Yes,"비요른 얀델, 늑대 가면, 광대 가면, 여왕 가면, 여우 가면, 사슴뿔 가면",게임 속 바바리안으로 살아남기,SCENE-183,"대비, 오해, 핵심",상반된 주장을 말하는 양쪽 모두 자기 확신에 따라 초록을 받을 수 있음,Yes,대비 포함 준비,높음,472화
467화 · 묵비권과 부분 진실을 예상해 증인·법률 조력자를 추가하는 장면,REF-46,https://app.notion.com/p/3b2baa79eaae8151975ad0c5e1f503a2,아멜리아는 검증 마법이 있어도 상대가 불리한 질문에 침묵하고 유리한 진실만 말할 수 있음을 지적한다. 비요른에게 복수 증인과 법률 조력자를 확보하라고 조언한다.,2026년 8월 5일 오전 9:49,2026년 8월 5일,39~40화 공개 교차 검증 / 572화 거절 사유 검증,"230,255~230,293행",Yes,"비요른 얀델, 아멜리아 레인웨일즈, 멜베스 클랜과 법률 조력자 후보",게임 속 바바리안으로 살아남기,SCENE-181,"핵심, 후속",검증 장치가 있어도 증언자가 묵비권과 부분 진실 전략을 사용할 수 있음,Yes,대비 포함 준비,중간,467화
471화 · 잘못된 정보를 진실이라 믿는 발화가 초록을 얻어 출처와 의도를 다시 추적하는 장면,REF-46,https://app.notion.com/p/3b2baa79eaae8151975ad0c5e1f503a2,늑대 가면은 왕가와 귀환에 관한 정보를 확신해 말하고 초록 판정을 받는다. 참가자들은 판정만 믿지 않고 출처·동기·내부 접근 가능성을 다시 추적한다.,2026년 8월 5일 오전 9:49,2026년 8월 5일,125~126화 잘못된 확신 통과 / 472화 상반된 초록 가능성,"232,103~232,229행",Yes,"늑대 가면, 비요른 얀델, 광대 가면, 사슴뿔 가면, 여왕 가면, 원탁 참가자들",게임 속 바바리안으로 살아남기,SCENE-182,"오해, 핵심",발화자가 강하게 확신하지만 정보 출처와 객관적 사실 여부는 확인되지 않음,Yes,대비 포함 준비,높음,471화
572화 · 답변 거부 사유를 검증하고 답변자가 질문을 선택하는 규칙을 투표로 만드는 장면,REF-46,https://app.notion.com/p/3b2baa79eaae8151975ad0c5e1f503a2,"참가자들은 무조건 답변 규칙 대신 정체 노출 사유의 진실성만 장치로 검사하고, 답변자가 여러 질문 중 하나를 선택하는 절차를 투표로 만든다.",2026년 8월 5일 오전 9:49,2026년 8월 5일,125화 사적 질문 거절 / 472화 최소 발화 종료,"278,379~278,517행",Yes,"비요른 얀델, 나비 가면, 여왕 가면, 여우 가면, 흑가면, 늑대 가면, 고블린 가면과 원탁 참가자들",게임 속 바바리안으로 살아남기,SCENE-184,"핵심, 후속",질문 게임을 진행하려 하지만 정체 노출 위험과 질문 강제 문제가 존재함,Yes,대비 포함 준비,높음,572화
125~126화 · 초록 판정을 받은 불가능해 보이는 정보가 발화자의 잘못된 확신일 수 있음을 공개하는 장면,REF-46,https://app.notion.com/p/3b2baa79eaae8151975ad0c5e1f503a2,비요른은 게임 지식을 근거로 정보를 말하고 장치는 초록을 낸다. 그러나 현지 조건에서는 불가능해 보이는 내용이라 참가자들은 장치가 객관적 사실이 아니라 발화자의 확신을 읽을 수 있음을 드러낸다.,2026년 8월 5일 오전 9:49,2026년 8월 5일,125화 최소 문장 이의 / 471~472화 상반된 확신 통과,"60,589~60,799행",Yes,"비요른 얀델, 여우 가면, 초승달 가면, 사슴뿔 가면, 광대 가면, 원탁 참가자들",게임 속 바바리안으로 살아남기,SCENE-180,"오해, 핵심",발화자가 과거 지식을 사실로 확신하지만 현재 세계의 조건과 충돌할 가능성이 있음,Yes,대비 포함 준비,높음,125~126화
481~482화 · 사소한 개인 질문으로 대답 행동을 만든 뒤 이름 질문까지 단계적으로 수위를 올리는 장면,REF-46,https://app.notion.com/p/3b2baa79eaae811d9137cdc4e97d16f7,아멜리아는 결혼·자식·마지막 식사처럼 정체와 무관한 질문부터 시작한다. 포로가 대답하면 고통이 멈춘다는 행동 패턴을 만든 뒤 이름 질문으로 올라간다.,2026년 8월 5일 오전 9:53,2026년 8월 5일,481화 무질문 압박 / 핵심 조직 정보 심문,"237,085~237,121행",Yes,"아멜리아 레인웨일즈, 한스 델베인, 생포된 오르큘리스 조직원",게임 속 바바리안으로 살아남기,SCENE-190,"핵심, 후속",포로가 한계 상태에 도달했지만 처음부터 핵심 질문을 하면 침묵·거짓 답변 기준을 구분하기 어려움,Yes,대비 포함 준비,높음,481~482화
92화 · 직접 소문 대신 이미 아는 마법사를 닻으로 묻고 판매자의 자발적 연결을 확인하는 장면,REF-46,https://app.notion.com/p/3b2baa79eaae811d9137cdc4e97d16f7,비요른은 차원 붕괴 소문의 진위를 바로 묻지 않는다. 이미 실재를 아는 셔널 페르강의 최근 행동을 묻고 판매자가 먼저 소문과 연결하는지 확인한다.,2026년 8월 5일 오전 9:53,2026년 8월 5일,92화 정보 채널 제한 / 92화 출처와 진위 분리,"44,957~44,995행",Yes,"비요른 얀델, 정보 판매자 Elfnunalove, 셔널 페르강",게임 속 바바리안으로 살아남기,SCENE-186,핵심,검증 불가능한 소문을 구매해야 하지만 실재와 행동을 이미 아는 관련 인물이 있음,Yes,대비 포함 준비,높음,92화
92화 · 정보 판매를 수익원이 아니라 검증 가능한 정보 획득 채널로 제한하는 장면,REF-46,https://app.notion.com/p/3b2baa79eaae811d9137cdc4e97d16f7,"비요른은 정보 판매로 큰 수익을 얻을 수 있음을 확인하지만, 욕심을 부리면 정체와 정보 자산이 노출된다고 판단해 커뮤니티를 정보 획득용으로만 쓰는 원칙을 세운다.",2026년 8월 5일 오전 9:53,2026년 8월 5일,92화 닻 질문 / 92~93화 설명 구조 검증,"44,921~44,943행",Yes,"비요른 얀델, 고스트 버스터즈 정보 거래소 이용자들",게임 속 바바리안으로 살아남기,SCENE-185,"대비, 선행",정보 판매로 큰 이익을 얻을 수 있지만 정체·정보 자산 노출 위험이 있음,Yes,대비 포함 준비,높음,92화
92화 · 판매자가 발언 출처와 소문 진위를 분리해 답하고 추가 근거의 가격을 협상하는 장면,REF-46,https://app.notion.com/p/3b2baa79eaae811d9137cdc4e97d16f7,판매자는 당사자가 실제로 그런 말을 했다는 사실과 소문 내용이 객관적으로 참이라는 주장을 분리한다. 더 깊은 정치·조직 근거는 별도 가격으로 협상한다.,2026년 8월 5일 오전 9:53,2026년 8월 5일,92화 닻 질문 / 92~93화 목적·조건·대응 설명,"44,993~45,013행",Yes,"비요른 얀델, 정보 판매자 Elfnunalove, 셔널 페르강과 타루테인 학파",게임 속 바바리안으로 살아남기,SCENE-187,"대비, 핵심",출처 발언과 소문 진위가 혼동될 수 있고 근거 정보의 가치가 더 높음,Yes,대비 포함 준비,높음,92화
481화 · 심문자가 언어 이해를 숨긴 채 질문 없이 압박해 침묵·고통 반응의 기준을 만드는 장면,REF-46,https://app.notion.com/p/3b2baa79eaae811d9137cdc4e97d16f7,아멜리아는 포로의 언어를 알아듣는 사실을 숨기고 도구·소지품·침묵 반응을 먼저 확인한다. 질문을 하지 않은 채 압박해 두 포로의 반응 차이와 한계점을 관찰한다.,2026년 8월 5일 오전 9:53,2026년 8월 5일,481~482화 사소한 질문 단계 / 강압 정보 신뢰 비용,"237,033~237,083행",Yes,"아멜리아 레인웨일즈, 생포된 오르큘리스 조직원 두 명",게임 속 바바리안으로 살아남기,SCENE-189,"실패, 핵심",포로 둘의 정체와 거짓말 기준을 모르며 심문자는 언어 이해 능력을 숨길 수 있음,Yes,대비 포함 준비,높음,481화
92~93화 · 학파 목적·실험 조건·소문 유포·왕가 대응을 연결해 행동 가능한 설명 구조를 만드는 장면,REF-46,https://app.notion.com/p/3b2baa79eaae811d9137cdc4e97d16f7,"판매자는 학파의 연구 목적, 실험에 필요한 탐험가 감소, 소문 유포 의도, 왕가가 마석 수급 때문에 부정 공문을 낼 예상까지 연결한다. 설명이 여러 기관의 행동과 맞물려 소문보다 높은 신뢰를 얻는다.",2026년 8월 5일 오전 9:53,2026년 8월 5일,92화 출처·진위 분리 / 왕가 공문 후속 확인 가능성,"45,013~45,043행",Yes,"비요른 얀델, 정보 판매자 Elfnunalove, 타루테인 학파, 셔널 페르강, 라프도니아 왕가",게임 속 바바리안으로 살아남기,SCENE-188,"핵심, 후속",소문 진위를 판단하려면 유포 주체의 목적·실험 조건·다른 기관의 예상 대응이 필요함,Yes,대비 포함 준비,높음,92~93화
68~69화 · 수호자 후보의 능력·지식을 검증하고 희귀 정수를 생존 자원으로 집중 투자하는 장면,REF-46,https://app.notion.com/p/3b2baa79eaae81e4a18bd24aa87f99da,비요른이 전위 공백과 보스 정수를 알고 있음을 보이자 맥그레인은 생존 감각과 능력 조합을 빠르게 검토한다. 귀족 의뢰품인 희귀 정수를 임시 수호자에게 집중한다.,2026년 8월 5일 오전 9:58,2026년 8월 5일,68화 수호자 공백 / 69화 소속 조건 철회,"32,755~32,923행",Yes,"비요른 얀델, 이라즈 맥그레인, 미샤의 오빠, 드자르위 클랜원들",게임 속 바바리안으로 살아남기,SCENE-194,핵심,수호자 기능이 비었고 외부 후보가 그 역할을 수행할 능력과 지식을 제시함,Yes,대비 포함 준비,높음,68~69화
559화 · 수호자 부재 3분과 전사 21명을 연결하고 경상·중상·전사 총계를 분리 보고하는 장면,REF-46,https://app.notion.com/p/3b2baa79eaae81e4a18bd24aa87f99da,비요른이 기절한 3분 동안 21명이 죽었다. 전투 뒤 경상 27·중상 4·전사 28을 분리 보고해 수호자 공백이 전체 배치 붕괴였음을 수치로 증명한다.,2026년 8월 5일 오전 9:58,2026년 8월 5일,558~559화 수호자 기절 / 559화 인원 재편 예고,"272,905~273,053행",Yes,"비요른 얀델, 제롬 세인트레드, 아멜리아 레인웨일즈, 샬롯 앰블럿, 글로우 이시어스, 제1차 탐사군",게임 속 바바리안으로 살아남기,SCENE-199,핵심,전투는 승리했지만 특정 역할 이탈 시간과 대량 사망의 상관관계를 확인할 수 있음,Yes,대비 포함 준비,중간,559화
67화 · 3시간 전투의 11명보다 폭동 뒤 5분 손실이 더 컸다고 비교하는 장면,REF-46,https://app.notion.com/p/3b2baa79eaae81e4a18bd24aa87f99da,리아키스와의 장기 전투 손실보다 보호 대상의 폭동 뒤 짧은 시간 손실이 더 컸음을 비교한다. 보호 계약과 내부 신뢰가 동시에 붕괴한다.,2026년 8월 5일 오전 9:58,2026년 8월 5일,68화 총 사망·직군 분포 / 68화 수호자 공백,"32,370~32,420행",Yes,"비요른 얀델, 미샤 칼스타인, 드자르위 클랜, 비클랜 탐험가들",게임 속 바바리안으로 살아남기,SCENE-191,"대비, 선행",대형 전투 중 보호 대상의 폭동으로 전열 지원과 계약 관계가 무너짐,Yes,대비 포함 준비,높음,67화
68화 · 총 사망 27명과 생존 23명의 직군 분포를 보고해 근접 전사 두 명만 남았음을 확인하는 장면,REF-46,https://app.notion.com/p/3b2baa79eaae81e4a18bd24aa87f99da,총 사망과 생존 수를 먼저 기록한 뒤 신관·마법사·원거리 지원·근접 전사의 분포를 보고한다. 절반 생존이라는 총계가 기능적으로는 붕괴 상태임을 드러낸다.,2026년 8월 5일 오전 9:58,2026년 8월 5일,67화 폭동 손실 / 68화 수호자 공백,"32,635~32,675행",Yes,"이라즈 맥그레인, 드자르위 클랜 부관과 생존자들",게임 속 바바리안으로 살아남기,SCENE-192,핵심,총원 절반가량이 생존했지만 직군별 손실이 불균형함,Yes,대비 포함 준비,중간,68화
605화 · 군법상 승계와 실제 지휘 가능성의 충돌을 공개 투표로 풀고 새 지휘자가 부사령관을 재임명하는 장면,REF-46,https://app.notion.com/p/3b2baa79eaae81e4a18bd24aa87f99da,질런은 군법상 차순위 직위를 주장하지만 비요른은 명령 가능성과 실제 공략 행동을 문제 삼는다. 전군 투표 뒤 지휘권을 인수하고 기존 부사령관을 재임명해 권한 구조를 고정한다.,2026년 8월 5일 오전 9:58,2026년 8월 5일,604화 지휘 공백 / 606화 직업별 책임 구조,"292,800~293,015행",Yes,"비요른 얀델, 질런 에보스트, 아멜리아 레인웨일즈, 탐사군 수뇌부와 전 대원",게임 속 바바리안으로 살아남기,SCENE-203,핵심,법적 승계권과 실제 명령·공략 신뢰가 서로 다른 인물에게 있음,Yes,대비 포함 준비,높음,605화
606화 · 모든 실패 책임을 군단장에게 귀속한 뒤 혼합 조를 직업별 총책임자·하위 파트장 구조로 재편하는 장면,REF-46,https://app.notion.com/p/3b2baa79eaae81e4a18bd24aa87f99da,비요른은 사망·계획 실패의 최종 책임을 군단장에게 둔다. 네 개 혼합 조의 균등성만으로는 명령 귀속이 흐리다고 보고 직업별 총책임자와 연구·조사·전투 등 하위 책임자를 만든다.,2026년 8월 5일 오전 9:58,2026년 8월 5일,605화 지휘권 인수 / 후속 탐사·조사 명령 체계,"293,230~293,330행",Yes,"비요른 얀델, 아루아 레이븐, 미샤 칼스타인, 가휜 베실러스, 탐사군 각 직군",게임 속 바바리안으로 살아남기,SCENE-204,"핵심, 후속",기존 혼합 조는 전력 균형은 있으나 기능별 책임과 명령 귀속점이 불명확함,Yes,대비 포함 준비,높음,606화
558화 · 전투 중 이름·조·소속을 붙여 실시간 전사 보고를 이어가는 장면,REF-46,https://app.notion.com/p/3b2baa79eaae81e4a18bd24aa87f99da,불비 속 사망을 숫자로만 처리하지 않고 이름과 조를 즉시 호명한다. 보고는 전열 유지와 생존자 배치 판단을 동시에 위한 작전 정보가 된다.,2026년 8월 5일 오전 9:58,2026년 8월 5일,556~557화 임무 속행 / 558~559화 수호자 기절,"272,540~272,570행",Yes,"비요른 얀델, 제1차 탐사군 각 조원, 엘튼 파시어, 퀼컨 베틀런",게임 속 바바리안으로 살아남기,SCENE-197,핵심,광역 공격으로 전사자가 계속 발생하며 전투 중 실시간 배치 갱신이 필요함,Yes,대비 포함 준비,중간,558화
69화 · 희귀 정수 투자에 소속 편입 조건을 붙였다가 거절돼도 23명 생존을 위해 조건을 철회하는 장면,REF-46,https://app.notion.com/p/3b2baa79eaae81e4a18bd24aa87f99da,맥그레인은 정수 투자와 클랜 편입을 묶지만 비요른이 거절한다. 협상 우위보다 23명의 생존 책임이 커서 편입 조건을 포기하고 자원을 지급한다.,2026년 8월 5일 오전 9:58,2026년 8월 5일,68~69화 후보 검증 / 탈출 전위 재구성,"32,921~32,967행",Yes,"비요른 얀델, 이라즈 맥그레인, 드자르위 클랜원들",게임 속 바바리안으로 살아남기,SCENE-195,"대비, 후속",희귀 자원의 소유자가 조직 편입을 요구하지만 양측 모두 생존을 위해 거래가 필요함,Yes,대비 포함 준비,높음,69화
559화 · 전투 직후 조장에게 생존자 돌봄을 맡기고 인원 재편을 예고하는 장면,REF-46,https://app.notion.com/p/3b2baa79eaae81e4a18bd24aa87f99da,사망 보고 뒤 즉시 다음 탐사로 넘어가지 않는다. 각 조장에게 조원 돌봄을 맡기고 손실을 반영한 인원 재편을 공지한다.,2026년 8월 5일 오전 9:58,2026년 8월 5일,559화 손실 총계 / 560화 조별 균형 재배치,"273,125~273,145행",Yes,"제롬 세인트레드, 질런 에보스트, 비요른 얀델, 제1차 탐사군 조장들",게임 속 바바리안으로 살아남기,SCENE-200,후속,대규모 전사·부상 뒤 기존 조 편제를 그대로 유지할 수 없음,Yes,대비 포함 준비,중간,559화
556~557화 · 기존 전사 7명에도 임무를 속행하고 지휘관이 모든 희생 책임을 인수한다고 선언하는 장면,REF-46,https://app.notion.com/p/3b2baa79eaae81e4a18bd24aa87f99da,1등급 적 가능성과 이미 발생한 전사 7명이 보고되지만 사령관은 왕가 임무를 우선한다. 의견 투표를 거절하고 결정과 결과 책임을 자신에게 귀속한다.,2026년 8월 5일 오전 9:58,2026년 8월 5일,558화 실시간 전사 보고 / 559화 전투 후 손실 총계,"271,700~272,025행",Yes,"제롬 세인트레드, 비요른 얀델, 가휜 베실러스, 질런 에보스트, 탐사군 수뇌부",게임 속 바바리안으로 살아남기,SCENE-196,"대비, 실패",이미 사망자가 발생했고 다음 전투는 더 큰 손실이 예상되지만 임무 중단권이 지휘관에게 있음,Yes,대비 포함 준비,높음,556~557화
558~559화 · 전사자 이름이 누적되는 가운데 중심 수호자가 기절해 전열 공백이 발생하는 장면,REF-46,https://app.notion.com/p/3b2baa79eaae81e4a18bd24aa87f99da,전투 중 전사 보고가 계속되고 비요른이 기절한다. 이후 마법사·신관·기사 보호선이 무너져 손실 원인을 특정 역할 이탈과 연결할 준비가 된다.,2026년 8월 5일 오전 9:58,2026년 8월 5일,558화 실시간 보고 / 559화 3분간 21명 사망,"272,675~272,865행",Yes,"비요른 얀델, 아이나르, 아루아 레이븐, 제롬 세인트레드, 리트먼 파웰, 마일든 베티모어, 가론 닐그레인, 제1차 탐사군",게임 속 바바리안으로 살아남기,SCENE-198,"선행, 핵심",중심 수호자에게 공격이 집중되고 후방 보호선이 그의 생존에 의존함,Yes,대비 포함 준비,높음,558~559화
604화 · 사령관 사망을 확인하고 조사 권한을 위임하며 수뇌부 회의를 소집하는 장면,REF-46,https://app.notion.com/p/3b2baa79eaae81e4a18bd24aa87f99da,제롬의 사망으로 지휘 공백이 생긴 직후 비요른은 마법사 조사권을 레이븐에게 위임하고 수뇌부 회의를 준비시킨다. 공백을 방치하지 않고 기능별 임시 권한을 먼저 배분한다.,2026년 8월 5일 오전 9:58,2026년 8월 5일,560화 조별 재편 / 605화 승계 투표,"292,535~292,665행",Yes,"비요른 얀델, 제롬 세인트레드, 아루아 레이븐, 질런 에보스트, 아멜리아 레인웨일즈, 탐사군 대원들",게임 속 바바리안으로 살아남기,SCENE-202,"선행, 핵심",최고 지휘자가 사망하고 탐사·귀환 판단과 현장 조사가 동시에 필요함,Yes,대비 포함 준비,중간,604화
560화 · 누적 전사자 수를 반영해 각 조의 생존 인원을 다시 균형 배치하는 장면,REF-46,https://app.notion.com/p/3b2baa79eaae81e4a18bd24aa87f99da,도서관 공략 7명과 보스전 손실을 반영해 조별 인원을 다시 맞춘다. 손실 총계가 다음 작전 조직도의 숫자로 직접 들어간다.,2026년 8월 5일 오전 9:58,2026년 8월 5일,559화 재편 예고 / 604~606화 지휘 구조 개편,"273,405~273,425행",Yes,"제롬 세인트레드, 질런 에보스트, 비요른 얀델, 제1차 탐사군 전원",게임 속 바바리안으로 살아남기,SCENE-201,"대비, 후속",연속 전투로 조별 사망률이 달라 기존 균형이 깨짐,Yes,대비 포함 준비,낮음,560화
68화 · 생존자 총수보다 전문 방어 계열과 수호자 포지션 부재를 핵심 공백으로 판정하는 장면,REF-46,https://app.notion.com/p/3b2baa79eaae81e4a18bd24aa87f99da,근접 전사가 둘 남았어도 검사와 창술사일 뿐 전문 방어 계열이 아니다. 길을 뚫고 전열을 유지할 수호자 한 명의 부재를 절반 이상 사망 가능성으로 연결한다.,2026년 8월 5일 오전 9:58,2026년 8월 5일,68화 직군 분포 / 68~69화 수호자 후보 투자,"32,713~32,735행",Yes,"이라즈 맥그레인, 드자르위 클랜 생존자들",게임 속 바바리안으로 살아남기,SCENE-193,핵심,근접 인원은 남았지만 전문 방어·수호자 역할을 수행할 인물이 없음,Yes,대비 포함 준비,중간,68화
618화 · 관제실 버튼을 먼 화면부터 시험해 기능을 매핑하고 전 레일 정지·직접 수색 계획을 선택하는 장면,REF-46,https://app.notion.com/p/3b2baa79eaae819d958ad97fbc196994,비요른과 아멜리아는 동료 화면에서 먼 장치부터 눌러 위험을 제한한다. 레일 정지·재작동·역순·화면 전환 기능을 매핑한 뒤 희생자를 미끼로 쓰는 방법을 거부하고 전 레일 정지·직접 수색을 택한다.,2026년 8월 5일 오전 10:05,2026년 8월 5일,617~618화 관제실 발견 / 618화 공용 지도 배포,"298,331~298,403행",Yes,"비요른 얀델, 아멜리아 레인웨일즈, 관제실과 탐사군 생존자들",게임 속 바바리안으로 살아남기,SCENE-217,핵심,관제 장치 기능을 모르며 잘못 누르면 동료에게 치명적일 수 있음,Yes,대비 포함 준비,높음,618화
609~610화 · 화살·무게추 기록구가 충격과 수압으로 파손돼 차세대 기록 장치 요구 사양으로 바뀌는 장면,REF-46,https://app.notion.com/p/3b2baa79eaae819d958ad97fbc196994,상공 드론과 심해 무게추 실험은 영상을 남기지 못하고 기록구를 파손한다. 실패 원인을 낙하 충격·수압·내구도로 분리해 어떤 환경에서도 작동할 차세대 기록구 요구로 남긴다.,2026년 8월 5일 오전 10:05,2026년 8월 5일,608~609화 상공 목격 / 후속 기록 장치 개발 요구,"294,703~294,765행",Yes,"비요른 얀델, 조사단장, 왕실 마법사 조사단",게임 속 바바리안으로 살아남기,SCENE-208,"핵심, 후속",사람이 직접 접근하기 어려운 상공·심해를 기록 장치로 관측하려 함,Yes,대비 포함 준비,높음,609~610화
617화 · 별도 관찰자가 출구·벽 속 홈·열리지 않는 문을 발견하고 과거 카드와 결합하는 장면,REF-46,https://app.notion.com/p/3b2baa79eaae819d958ad97fbc196994,아멜리아는 독립 수색에서 출구·빈 홈·비밀문을 발견한다. 비요른이 과거 홈에서 얻은 카드와 정보를 합치자 각자 무의미했던 단서가 열쇠 가설로 연결된다.,2026년 8월 5일 오전 10:05,2026년 8월 5일,617화 숨은 방 가설 / 617~618화 관제실 발견,"298,150~298,221행",Yes,"비요른 얀델, 아멜리아 레인웨일즈, 햄식이, 철제 카드",게임 속 바바리안으로 살아남기,SCENE-215,핵심,개별 수색자가 서로 다른 위치에서 홈·카드·비밀문을 발견했지만 용도를 모름,Yes,대비 포함 준비,높음,617화
616~617화 · 한 명씩 구조해 열 명 이상의 최소 병력을 확보한 뒤 수색과 대기를 분업하는 장면,REF-46,https://app.notion.com/p/3b2baa79eaae819d958ad97fbc196994,비요른과 레이븐은 레일 앞을 지키며 동료를 한 명씩 깨우고 기억 편차를 기록한다. 열 명 이상을 확보한 뒤 현장 구조·주변 조사·본격 수색을 분업한다.,2026년 8월 5일 오전 10:05,2026년 8월 5일,616화 현장 대기 / 617화 지도 제작 전환,"297,760~297,931행",Yes,"비요른 얀델, 아루아 레이븐, 멜란드 카이슬란, 구조된 탐사군 대원들",게임 속 바바리안으로 살아남기,SCENE-212,"핵심, 후속",구조자는 둘뿐이고 남은 인원 위치를 모르며 레일로 한 명씩 도착함,Yes,대비 포함 준비,높음,616~617화
617~618화 · 이음새·홈·카드를 결합해 비밀 통로와 관제실을 발견하고 문 없는 대기실 구조를 확인하는 장면,REF-46,https://app.notion.com/p/3b2baa79eaae819d958ad97fbc196994,지도상 평범했던 벽의 미세 이음새와 카드 홈을 다시 본다. 카드를 넣어 관제실을 열고 스크린을 통해 동료가 갇힌 방에 문이 없고 레일 순서로만 접근 가능함을 확인한다.,2026년 8월 5일 오전 10:05,2026년 8월 5일,617화 별도 관찰 단서 / 618화 버튼 기능 매핑,"298,225~298,327행",Yes,"비요른 얀델, 아멜리아 레인웨일즈, 실종된 탐사군 대원들",게임 속 바바리안으로 살아남기,SCENE-216,"핵심, 후속",완성 지도에도 없는 목표와 별도 관찰자의 이음새·홈·카드 단서가 있음,Yes,대비 포함 준비,높음,617~618화
604화 · 공략 성공을 포장하지 않고 실패를 선언하며 놓친 정신 오염 징후와 회복 자원 배분을 복기하는 장면,REF-46,https://app.notion.com/p/3b2baa79eaae819d958ad97fbc196994,비요른은 특수 보상을 얻었어도 정석 공략과 생환에 실패했다고 선언한다. 대주교의 이상 반응과 정신 오염 완화 꽃을 놓친 판단을 다음 진입 조건으로 남긴다.,2026년 8월 5일 오전 10:05,2026년 8월 5일,608화 심해 탐사 실패 / 614화 탐사 과잉 반례,"292,327~292,505행",Yes,"비요른 얀델, 대주교, 촌장, 아루아 레이븐과 동료들",게임 속 바바리안으로 살아남기,SCENE-205,"선행, 핵심",특수 보상과 출구는 얻었지만 동료 역할이 붕괴하고 정석 공략은 달성하지 못함,Yes,대비 포함 준비,높음,604화
608~609화 · 상공 탐사 실패 뒤 도달 높이·돌풍·복수 목격·흐릿한 기록을 추가하고 자율 조사 권한을 주는 장면,REF-46,https://app.notion.com/p/3b2baa79eaae819d958ad97fbc196994,200m부터 돌풍으로 상승이 막힌다는 한계를 기록한다. 한 명의 목격을 휴식 뒤 재시험해 두 번째 목격과 흐릿한 영상까지 얻고 조사단장에게 자율 실험 권한을 준다.,2026년 8월 5일 오전 10:05,2026년 8월 5일,608화 심해 탐사 / 609~610화 기록구 파손,"294,509~294,619행",Yes,"비요른 얀델, 아루아 레이븐, 조사단장, 왕실 마법사 조사단",게임 속 바바리안으로 살아남기,SCENE-207,핵심,상공 돌풍으로 직접 도달은 실패했지만 단일 목격 증언이 남음,Yes,대비 포함 준비,높음,608~609화
616화 · 레일 파괴가 자동 수리로 무력화되자 수리 시간 관측과 현장 대기 구조로 계획을 바꾸는 장면,REF-46,https://app.notion.com/p/3b2baa79eaae819d958ad97fbc196994,비요른은 추가 희생을 막으려 레일을 부수지만 드론이 자동 수리한다. 반복 파괴 대신 수리 시간을 관찰하고 레이븐이 현장에 남아 순차 구조하는 계획으로 전환한다.,2026년 8월 5일 오전 10:05,2026년 8월 5일,616화 첫 구조 / 616~617화 최소 병력 확보,"297,600~297,755행",Yes,"비요른 얀델, 아루아 레이븐, 자동 수리 드론과 레일",게임 속 바바리안으로 살아남기,SCENE-211,"대비, 핵심",자동 레일이 희생자를 운반하지만 물리 파괴 뒤 곧 복구됨,Yes,대비 포함 준비,높음,616화
617화 · 지도 100% 완성에도 목표가 없자 지도 모델의 전제를 폐기하고 숨은 방 가설로 전환하는 장면,REF-46,https://app.notion.com/p/3b2baa79eaae819d958ad97fbc196994,비요른은 건물 지도를 완성했지만 감옥을 찾지 못한다. 실패를 목표 부재로 해석하지 않고 현 지도에 잡히지 않는 숨은 층·방이 있다는 증거로 바꾼다.,2026년 8월 5일 오전 10:05,2026년 8월 5일,617화 지도 제작 / 617화 별도 관찰 단서,"297,995~298,039행",Yes,"비요른 얀델, 햄식이, 실종된 탐사군 대원들",게임 속 바바리안으로 살아남기,SCENE-214,"핵심, 후속",건물의 가시적 공간을 모두 지도화했지만 목표 공간이 없음,Yes,대비 포함 준비,중간,617화
614화 · 대기 약속을 무시하고 위험한 실험실에 들어가 장기간 의식을 잃는 탐사 과잉 반례 장면,REF-46,https://app.notion.com/p/3b2baa79eaae819d958ad97fbc196994,비요른은 잠깐 확인하고 나오겠다는 약속을 어기고 숨은 실험실 깊숙이 들어간다. 정체불명 장치를 건드린 뒤 열흘 넘게 의식을 잃어 동료 구조와 지휘 공백을 만든다.,2026년 8월 5일 오전 10:05,2026년 8월 5일,604화 실패 인정 / 616화 첫 구조,"296,555~296,880행",Yes,"비요른 얀델, 아멜리아 레인웨일즈, 햄식이, 기록보관소의 장치",게임 속 바바리안으로 살아남기,SCENE-209,"대비, 실패",새 공간과 장치를 발견했지만 위험 평가와 대기 약속을 지키지 않음,Yes,대비 포함 준비,높음,614화
608화 · 심해 탐사에서 도달 한계만 확인하고 같은 방식의 2차 시도를 중단하는 장면,REF-46,https://app.notion.com/p/3b2baa79eaae819d958ad97fbc196994,닻이 닿지 않자 특수 인원을 잠수시키지만 산소 한계까지 내려가도 바닥을 찾지 못한다. 새 관측이나 장비 없이 같은 잠수를 반복하지 않고 상공 탐사로 전환한다.,2026년 8월 5일 오전 10:05,2026년 8월 5일,604화 실패 복기 / 608~609화 상공 탐사,"294,430~294,487행",Yes,"비요른 얀델, 질런 에보스트, 조사단장과 마법사 조사단",게임 속 바바리안으로 살아남기,SCENE-206,핵심,수심과 바닥 위치를 모르며 현재 산소·잠수 능력으로 도달 한계를 확인할 수 있음,Yes,대비 포함 준비,중간,608화
620화 · 공용 지도와 레일 역주행으로 숨은 대기실을 찾아 동료를 구출하고 변환 후유증을 확인하는 장면,REF-46,https://app.notion.com/p/3b2baa79eaae819d958ad97fbc196994,탐사대는 갱신 지도와 정지된 레일을 따라 숨은 대기실을 발견한다. 동료를 깨운 뒤 일부에게 능력 이상이 생겼음을 확인해 구조 성공에도 후유증 장부를 남긴다.,2026년 8월 5일 오전 10:05,2026년 8월 5일,618화 지도 복사본 배포 / 후속 구조 후유증 조사,"299,095~299,145행",Yes,"비요른 얀델, 아루아 레이븐, 아멜리아 레인웨일즈, 미샤 칼스타인, 아이나르, 탐사군 대원들",게임 속 바바리안으로 살아남기,SCENE-218,"핵심, 후속",관제권·정지 레일·공용 지도를 확보했지만 목표 대기실은 숨겨져 있음,Yes,대비 포함 준비,높음,620화
617화 · 레일 역추적이 분기 폭증으로 비효율적임을 확인하고 건물 지도 제작으로 전환하는 장면,REF-46,https://app.notion.com/p/3b2baa79eaae819d958ad97fbc196994,수백 개 레일을 역주행하려 하지만 하나가 수십 갈래로 나뉘는 것을 보고 방법을 포기한다. 지하 공장부터 층별로 건물 전체 지도를 만드는 탐색으로 전환한다.,2026년 8월 5일 오전 10:05,2026년 8월 5일,616~617화 최소 병력 / 617화 지도 100% 실패,"297,940~298,027행",Yes,"비요른 얀델, 아루아 레이븐, 멜란드 카이슬란, 햄식이",게임 속 바바리안으로 살아남기,SCENE-213,핵심,목표가 레일 어딘가에 있지만 분기 수가 폭발적으로 증가함,Yes,대비 포함 준비,중간,617화
616화 · 정신 지배 상태의 동료를 레일에서 한 명 구출해 사고 구조와 구출 조건을 처음 확인하는 장면,REF-46,https://app.notion.com/p/3b2baa79eaae819d958ad97fbc196994,비요른은 마석 변환 장치로 향하는 레이븐을 레일에서 끌어내리고 충격·물·대화로 깨운다. 한 명의 구조를 통해 정신 지배·순차 이송·구출 가능성을 처음 확보한다.,2026년 8월 5일 오전 10:05,2026년 8월 5일,614화 탐사 과잉 / 616화 레일 파괴 실패,"297,400~297,559행",Yes,"비요른 얀델, 아루아 레이븐, 햄식이, 자동 레일·변환 장치",게임 속 바바리안으로 살아남기,SCENE-210,핵심,동료가 정신 지배 상태로 변환 장치에 순차 이송되고 있음,Yes,대비 포함 준비,높음,616화
312화 · 사망 후 미정산 전리품을 기존 5등분 규칙으로 처리하고 유산 비율을 별도 안건으로 여는 장면,REF-46,https://app.notion.com/p/3b2baa79eaae81959914c903d52e51e2,비요른이 사망한 것으로 여겨진 뒤 동료들은 마지막 탐사 전리품을 생전의 5등분 규칙대로 정산한다. 유산은 별도 문서와 비율을 검토하는 다른 안건으로 연다.,2026년 8월 5일 오전 10:12,2026년 8월 5일,173화 균등 분배 / 312화 유산 20%씩,"154,289~154,365행",Yes,"아루아 레이븐, 아이나르, 아브만 우리크프리트, 미샤 칼스타인, 에르웬 포르나치 디 테르시아, 비요른 얀델",게임 속 바바리안으로 살아남기,SCENE-227,"대비, 선행",리더가 부재한 상태에서 생전 파티 전리품과 개인 재산을 각각 정산해야 함,Yes,대비 포함 준비,중간,312화
17화 · 공동 전리품 절반값 제안을 거부하고 약속된 9:1 비율로 부족분을 실제 정산하는 장면,REF-46,https://app.notion.com/p/3b2baa79eaae81959914c903d52e51e2,에르웬의 언니는 공동 정수의 절반값을 제시하지만 비요른은 임시 계약의 9:1 비율을 근거로 부족한 28만 스톤을 요구하고 실제로 받는다.,2026년 8월 5일 오전 10:12,2026년 8월 5일,10화 임시 계약 / 17화 다른 전리품 선제 정산,"7,721~7,747행",Yes,"비요른 얀델, 에르웬 포르나치 디 테르시아, 에르웬의 언니",게임 속 바바리안으로 살아남기,SCENE-221,"핵심, 후속",동행 종료 뒤 가족이 공동 전리품의 절반값만 지급하려 하고 기존 계약 비율은 9:1임,Yes,대비 포함 준비,중간,17화
159화 · 30% 요구를 현재 팀 수준과 비교하고 성장 뒤 재협상 조건으로 전환하는 장면,REF-46,https://app.notion.com/p/3b2baa79eaae81959914c903d52e51e2,비요른은 마법사의 통상 대우를 인정하면서도 팀이 일방적으로 도움받는 구조가 아니라고 반박한다. 약한 구성원이 한 사람 몫을 하게 되면 비율을 다시 정한다는 조건을 받아들인다.,2026년 8월 5일 오전 10:12,2026년 8월 5일,159화 노동 가격화 / 173화 성장 후 인상 재사용,"76,717~76,765행",Yes,"비요른 얀델, 아루아 레이븐, 미샤 칼스타인, 아이나르, 아브만 우리크프리트",게임 속 바바리안으로 살아남기,SCENE-224,핵심,현재 구성원 기여가 불균등하지만 약한 구성원의 가까운 성장 가능성이 높음,Yes,대비 포함 준비,중간,159화
17화 · 공동 정수의 절반값 제안 앞에서 장기 동행 약속과 미래 5:5 계약을 별도로 제안하는 장면,REF-46,https://app.notion.com/p/3b2baa79eaae81959914c903d52e51e2,"비요른은 정수 대가로 원하는 정수를 얻을 때까지 돕는 약속을 제안하지만, 그 이후 장기 파티는 강제 약속 없이 5:5로 하겠다고 분리한다.",2026년 8월 5일 오전 10:12,2026년 8월 5일,10화 9:1 임시 계약 / 17화 9:1 실제 정산,"7,661~7,697행",Yes,"비요른 얀델, 에르웬 포르나치 디 테르시아, 에르웬의 언니",게임 속 바바리안으로 살아남기,SCENE-220,"대비, 핵심",임시 계약은 끝났고 공동 획득 정수·후속 동행·장기 파티 의사를 따로 정해야 함,Yes,대비 포함 준비,높음,17화
17화 · 당사자가 다른 전리품까지 9:1로 선제 정산해 임시 계약을 종료하는 장면,REF-46,https://app.notion.com/p/3b2baa79eaae81959914c903d52e51e2,에르웬은 비요른이 묻기 전에 마석·장비와 배낭을 정리하고 약속한 9:1 몫을 계산해 건넨다. 구조 은혜와 전리품 계약은 별도 안건으로 남긴다.,2026년 8월 5일 오전 10:12,2026년 8월 5일,17화 9:1 정수 정산 / 후속 은혜 보답 협상,"7,819~7,845행",Yes,"비요른 얀델, 에르웬 포르나치 디 테르시아",게임 속 바바리안으로 살아남기,SCENE-222,후속,임시 파티가 종료됐고 여러 전리품·구조 은혜·후속 관계를 분리해 정리해야 함,Yes,대비 포함 준비,중간,17화
173화 · 일반 몫을 받아도 정수 내부 매입 비용 때문에 개인 채무가 늘어나는 장면,REF-46,https://app.notion.com/p/3b2baa79eaae81959914c903d52e51e2,정수를 흡수한 미샤는 일반 전리품 몫을 받지만 파티 공동 자산에서 정수 값을 사야 해 받은 돈보다 큰 비용을 부담한다. 숫자상 몫과 실제 순자산이 분리된다.,2026년 8월 5일 오전 10:12,2026년 8월 5일,159화 특수 전리품 계약 / 173화 성장 후 20% 인상 재사용,"83,337~83,383행",Yes,"비요른 얀델, 미샤 칼스타인, 아루아 레이븐, 아이나르, 아브만 우리크프리트",게임 속 바바리안으로 살아남기,SCENE-226,"대비, 실패",공동 획득한 고가 정수를 한 구성원이 직접 흡수했고 내부 매입 비용을 정산해야 함,Yes,대비 포함 준비,중간,173화
159화 · 일반 전리품 비율과 마법 특수 전리품 가산을 분리해 최종 파티 계약을 확정하는 장면,REF-46,https://app.notion.com/p/3b2baa79eaae81959914c903d52e51e2,일반 전리품은 20·20·15·20·25로 정하고 마법으로 얻은 특수 전리품은 레이븐에게 40%를 준다. 약탈자 전리품은 별도 균등 분배로 분리한다.,2026년 8월 5일 오전 10:12,2026년 8월 5일,159화 재협상 조건 / 173화 내부 매입 채무,"76,765~76,805행",Yes,"비요른 얀델, 미샤 칼스타인, 아이나르, 아루아 레이븐, 아브만 우리크프리트",게임 속 바바리안으로 살아남기,SCENE-225,"핵심, 후속",일반 전투 기여와 특정 직업만 가능한 채취·보존 노동의 가치가 다름,Yes,대비 포함 준비,중간,159화
312화 · 유산을 다섯 동료에게 20%씩 지정해 친밀도 우대보다 공동체 잔존을 선택하는 장면,REF-46,https://app.notion.com/p/3b2baa79eaae81959914c903d52e51e2,동료들은 특정 가까운 인물이 대부분을 받을 것으로 예상하지만 유서에는 다섯 명 모두 20%가 적혀 있다. 사후 서운함을 줄이고 서로 돌보게 하려는 선택으로 해석한다.,2026년 8월 5일 오전 10:12,2026년 8월 5일,312화 생전 전리품 정산 / 타 클랜 고정 등급 대비,"154,363~154,405행",Yes,"비요른 얀델, 아루아 레이븐, 아이나르, 아브만 우리크프리트, 미샤 칼스타인, 에르웬 포르나치 디 테르시아",게임 속 바바리안으로 살아남기,SCENE-228,"핵심, 후속",사망자의 동료별 친밀도와 생활 관계가 달라 차등 유산을 예상할 수 있음,Yes,대비 포함 준비,중간,312화
10화 · 추격 위험과 전투 능력을 계산해 미궁 종료 시점까지 9:1 임시 동료 계약을 맺는 장면,REF-46,https://app.notion.com/p/3b2baa79eaae81959914c903d52e51e2,"비요른은 에르웬을 도울 리스크와 활·정령술·기감의 가치를 확인한 뒤, 미궁 탈출까지 보호와 전투를 교환하는 9:1 임시 계약을 제안한다.",2026년 8월 5일 오전 10:12,2026년 8월 5일,17화 약속 비율 정산 / 17화 미래 5:5 제안,"4,143~4,197행",Yes,"비요른 얀델, 에르웬 포르나치 디 테르시아, 수정 연합 추격자들",게임 속 바바리안으로 살아남기,SCENE-219,"선행, 핵심",신입은 추격·부상으로 선택지가 좁고 중심 인물은 보호·정보·전투력을 제공할 수 있음,Yes,대비 포함 준비,높음,10화
313화 · 한 사람 몫을 하는 몰이꾼이 자기 몫 없이 노동하고 가족 보호를 대가로 삼는 무배당 반례 장면,REF-46,https://app.notion.com/p/3b2baa79eaae81959914c903d52e51e2,라우라는 정수 네 개를 먹고 한 사람 몫을 하지만 몰이꾼이라 전리품 정산 권리가 없다. 자기 노동 몫 대신 동생을 안전하게 다뤄 달라는 보호 교환에 사용한다.,2026년 8월 5일 오전 10:12,2026년 8월 5일,312화 고정 등급 분배 / 정식 파티 성장 후 인상 대비,"155,015~155,099행",Yes,"비요른 얀델, 라우라 레인웨일즈, 아멜리아 레인웨일즈, 펠릭 바커 클랜 팀장들",게임 속 바바리안으로 살아남기,SCENE-230,"대비, 실패",구성원이 실제 한 사람 몫을 하지만 조직 내 노동 신분 때문에 정산 청구권이 없음,Yes,대비 포함 준비,높음,313화
159화 · 정식 파티 분배 협상에서 생활 책임·현재 등급·마법 특수 노동을 직접 가격화하는 장면,REF-46,https://app.notion.com/p/3b2baa79eaae81959914c903d52e51e2,"아브만은 가정 책임과 현재 전력을, 레이븐은 정수 보존·부산물 획득 능력을 근거로 몫을 요구한다. 아이나르의 친밀감과 분배권은 별도 문제로 다뤄진다.",2026년 8월 5일 오전 10:12,2026년 8월 5일,159화 30% 요구 조정 / 159화 최종 비율 확정,"76,675~76,717행",Yes,"비요른 얀델, 아루아 레이븐, 아브만 우리크프리트, 미샤 칼스타인, 아이나르",게임 속 바바리안으로 살아남기,SCENE-223,"선행, 핵심",처음 정식 파티를 만들며 전투력·생활 책임·희소 노동의 가치가 서로 다름,Yes,대비 포함 준비,중간,159화
312화 · 다른 클랜이 세 등급별 고정 몫과 쟁탈전으로 분배권을 결정하는 대비 장면,REF-46,https://app.notion.com/p/3b2baa79eaae81959914c903d52e51e2,펠릭 바커의 클랜은 구성원을 세 등급으로 나누고 원정 몫을 고정한다. 비율 변화는 협상이나 성장 평가보다 내부 쟁탈전으로 등급을 빼앗아 증명해야 가능하다.,2026년 8월 5일 오전 10:12,2026년 8월 5일,312화 유산 균등 / 313화 몰이꾼 무배당,"154,481~154,525행",Yes,"비요른 얀델, 아멜리아 레인웨일즈, 펠릭 바커와 클랜원들",게임 속 바바리안으로 살아남기,SCENE-229,대비,조직이 개인 역할 변화보다 내부 등급과 승급 경쟁으로 원정 몫을 배분함,Yes,대비 포함 준비,높음,312화
202화 · 개인이 가져갈 장비를 시세보다 낮은 내부 가격으로 공동체에 매입하는 장면,REF-46,https://app.notion.com/p/3b2baa79eaae8185ba74ff7f2d4b7850,각 구성원은 개인 사용 장비를 평균 시세의 일정 비율로 공동체에서 매입하고 자기 기존 몫만큼은 가격에서 제외한다.,2026년 8월 5일 오전 10:19,2026년 8월 5일,202화 용도별 정산 / 202화 희귀 자산 매입 채무,"99,613~99,631행",Yes,"아루아 레이븐, 미샤 칼스타인, 아이나르, 아브만 우리크프리트, 비요른 얀델",게임 속 바바리안으로 살아남기,SCENE-235,핵심,공동 획득 장비를 특정 구성원이 독점적으로 사용하려 함,Yes,대비 포함 준비,중간,202화
167화 · 양측 마법사가 관례·위원회 판단·평판 비용을 비교해 외부 소유권 분쟁을 정리하는 장면,REF-46,https://app.notion.com/p/3b2baa79eaae8185ba74ff7f2d4b7850,관례 위반이 곧 법적 패배는 아니지만 위원회 분쟁과 업계 평판 비용이 크다는 논리로 상대 팀의 포기를 끌어낸다.,2026년 8월 5일 오전 10:19,2026년 8월 5일,167화 무력 충돌 직전 / 167화 내부 판매 결정,"80,769~80,857행",Yes,"아루아 레이븐, 에프레인 벨로, 비요른 얀델, 멜타슨 넬보",게임 속 바바리안으로 살아남기,SCENE-232,핵심,외부 소유권 관례와 법적 강제 가능성이 어긋나며 무력 충돌 비용이 큼,Yes,대비 포함 준비,높음,167화
447화 · 노출 위험이 큰 상위 장비를 재가공 소재로 바꾸고 최종 제작 대상은 공동 판단으로 남기는 장면,REF-46,https://app.notion.com/p/3b2baa79eaae8185ba74ff7f2d4b7850,왕가 추적 위험 때문에 장비를 그대로 팔지 않고 재가공한다. 처분 실무는 리더가 맡지만 희귀 소재로 무엇을 만들지는 구성원 모두가 납득할 이유를 요구한다.,2026년 8월 5일 오전 10:19,2026년 8월 5일,447화 군자금 위임 / 447화 개인 욕망 보류,"220,843~220,857행",Yes,"비요른 얀델, 멜란드 카이슬란, 원정대 생존자들",게임 속 바바리안으로 살아남기,SCENE-240,핵심,전리품을 그대로 처분하면 추적 위험이 있지만 소재 가치는 높음,Yes,대비 포함 준비,높음,447화
202화 · 미래 공략에 필요한 장비를 개인 물품에서 제외해 팀 공용으로 지정하는 장면,REF-46,https://app.notion.com/p/3b2baa79eaae8185ba74ff7f2d4b7850,"리더는 개인 매입 비용을 피하려는 의심을 받지만, 특정 적과의 후속 공략 용도를 제시해 장비를 팀 공용으로 남긴다.",2026년 8월 5일 오전 10:19,2026년 8월 5일,202화 개인 매입 / 447화 군자금·공용 소재,"99,639~99,653행",Yes,"비요른 얀델, 아루아 레이븐, 파티원들",게임 속 바바리안으로 살아남기,SCENE-236,"대비, 핵심",장비가 개인에게 유용하지만 미래 공동 공략에서 더 큰 가치가 있음,Yes,대비 포함 준비,중간,202화
447화 · 처분권 집중에 아무도 이의를 제기하지 않아 신뢰와 감시 부재 위험이 동시에 드러나는 장면,REF-46,https://app.notion.com/p/3b2baa79eaae8185ba74ff7f2d4b7850,대원들은 전리품과 사용 권한을 한 사람에게 맡기면서도 정기 보고·감시·거부 절차를 요구하지 않는다. 지휘자는 그 신뢰를 기뻐하면서도 위험을 인식한다.,2026년 8월 5일 오전 10:19,2026년 8월 5일,447화 군자금 위임 / 미확인 감시·거부 절차,"220,835~220,841행",Yes,"비요른 얀델, 원정대 생존자들",게임 속 바바리안으로 살아남기,SCENE-239,"대비, 미해결",조직이 처분권을 한 리더에게 집중하지만 통제 절차가 확인되지 않음,Yes,대비 포함 준비,낮음,447화
202화 · 최종 정산 서류에서 균등 현금·특수 노동 가산·공용 소모품을 서로 다른 항목으로 분리하는 장면,REF-46,https://app.notion.com/p/3b2baa79eaae8185ba74ff7f2d4b7850,"마석·전투 소득은 균등 현금화하고, 마법으로 보존한 약초는 특수 노동 가산을 적용하며, 포션은 판매하지 않고 공용으로 남긴다.",2026년 8월 5일 오전 10:19,2026년 8월 5일,202화 개인 장비 내부 매입 / 202화 팀 공용 장비 지정,"99,565~99,601행",Yes,"아루아 레이븐, 비요른 얀델, 미샤 칼스타인, 아이나르, 아브만 우리크프리트",게임 속 바바리안으로 살아남기,SCENE-234,핵심,공동 획득물마다 현금화 가능성·특수 노동·미래 사용 가치가 다름,Yes,대비 포함 준비,중간,202화
447화 · 원정 전리품 대부분을 지휘자에게 양도해 천천히 처분하고 군자금으로 전환하는 장면,REF-46,https://app.notion.com/p/3b2baa79eaae8185ba74ff7f2d4b7850,"원정대는 회수 장비의 처분 실무와 사용 권한을 지휘자에게 맡기고, 위험을 피하며 천천히 판매해 조직 군자금으로 전환하기로 한다.",2026년 8월 5일 오전 10:19,2026년 8월 5일,447화 권한 집중 위험 / 447화 희귀 소재 공동 결정,"220,825~220,841행",Yes,"비요른 얀델, 멜란드 카이슬란, 원정대 생존자들",게임 속 바바리안으로 살아남기,SCENE-238,핵심,대량 전리품을 즉시 판매하면 추적 위험이 있고 조직 운영 자금이 필요함,Yes,대비 포함 준비,중간,447화
447화 · 리더가 개인적으로 원하는 제작물을 보류하고 모두가 납득할 이유를 요구하는 장면,REF-46,https://app.notion.com/p/3b2baa79eaae8185ba74ff7f2d4b7850,"리더는 자신에게 유용한 제작물을 떠올리지만 공금은 집단을 위해 써야 한다고 판정하고, 희망자는 공동체가 납득할 사용 이유를 제시해야 한다고 규칙을 둔다.",2026년 8월 5일 오전 10:19,2026년 8월 5일,447화 재가공 소재 / 후속 공동 제작 결정,"220,853~220,859행",Yes,"비요른 얀델, 원정대 생존자들",게임 속 바바리안으로 살아남기,SCENE-241,후속,리더가 공용 소재의 처분권을 갖고 개인적으로도 원하는 제작물이 있음,Yes,대비 포함 준비,중간,447화
167화 · 희귀 정수 출현 뒤 마지막 타격과 선행 사냥을 두고 양 팀이 무력 충돌 직전까지 소유권을 주장하는 장면,REF-46,https://app.notion.com/p/3b2baa79eaae8185ba74ff7f2d4b7850,"상대 팀은 마지막 타격을, 비요른 팀은 선행 사냥 관례를 근거로 정수 소유권을 주장한다. 법적 강제 전 단계에서 무력·평판 비용이 먼저 올라간다.",2026년 8월 5일 오전 10:19,2026년 8월 5일,167화 관례·위원회 협상 / 167화 내부 처분 논의,"80,557~80,729행",Yes,"비요른 얀델, 멜타슨 넬보, 아루아 레이븐, 에프레인 벨로, 양 팀 탐험가들",게임 속 바바리안으로 살아남기,SCENE-231,"선행, 핵심",두 팀이 같은 몬스터 전투에 관여했고 희귀 보상의 소유권 관례가 법처럼 확정적이지 않음,Yes,대비 포함 준비,높음,167화
167화 · 외부 소유권 확정 뒤 판매와 팀원 사용을 논의하고 개인 사용 시 공동체 보상 규칙을 확인하는 장면,REF-46,https://app.notion.com/p/3b2baa79eaae8185ba74ff7f2d4b7850,정수 소유권이 팀에 남은 뒤 리더가 독단 흡수하지 않고 판매를 선택한다. 팀원이 사용할 경우 판매가 일부를 공동체에 지급하는 내부 매입 관례가 설명된다.,2026년 8월 5일 오전 10:19,2026년 8월 5일,167화 외부 분쟁 해결 / 202화 개인 장비 내부 매입,"80,885~80,915행",Yes,"비요른 얀델, 아루아 레이븐, 아이나르, 미샤 칼스타인, 아브만 우리크프리트",게임 속 바바리안으로 살아남기,SCENE-233,"핵심, 후속",공동체 소유는 확정됐지만 판매·개인 사용 중 어느 쪽이 유리한지 정해야 함,Yes,대비 포함 준비,중간,167화
202화 · 희귀 정수·장비를 내부 매입한 리더가 공동체 비용을 지급하고 동료 신용대출로 부족분을 메우는 장면,REF-46,https://app.notion.com/p/3b2baa79eaae8185ba74ff7f2d4b7850,리더도 개인 사용 자산을 무료로 가져가지 않는다. 자기 몫을 제외한 비용을 공동체에 지급하고 부족한 금액은 동료에게 빌린다.,2026년 8월 5일 오전 10:19,2026년 8월 5일,202화 개인 장비 매입 / TH-16 내부 매입 채무,"99,657~99,729행",Yes,"비요른 얀델, 아루아 레이븐, 아이나르, 미샤 칼스타인",게임 속 바바리안으로 살아남기,SCENE-237,"대비, 실패",리더가 고가 공동 자산을 개인화하려 하지만 현금이 부족함,Yes,대비 포함 준비,중간,202화
검토 대기 · 20260805 배치 · 원천 장면 인입 색인,REF-01 · REF-02 · REF-03,,REF-01 347건 · REF-02 284건 · REF-03 25건,2026년 8월 6일 오전 12:25,,02-B TH 후보 13개 작업 묶음과 대조,packets source_material / 134개 공통 job_id,No,실제 인물명은 개별 원천 장면에서만 유지,,SCENE-242,"대비, 미해결, 선행, 실패, 오해, 이탈, 핵심, 후속",개별 원문 대조와 제목·위치·인물 확인 후에만 분리 등록,Yes,검토 필요,높음,배치 전체
120화 · 허영진화초를 채취하지 않고 은닉·경비·이식 조건을 만드는 장면,REF-01,https://app.notion.com/p/3b3baa79eaae810d8a6bdcf8732d2fe3,관찰 가치 확인→자원량 계산→채취 보류→은닉 진법→무극 경비→한 달 수련→회수 준비.,2026년 8월 6일 오전 1:41,2026년 8월 6일,TH-REF01-RES-02,REF-01-20260805-201623-6ddc6c · block 252 · source lines 47211-47381 / REF-01-20260805-201623-6ddc6c · block 253 · source lines 47383-47583,Yes,"진소명, 려정, 무극",선협에서 상태창 개발하기,SCENE-243,"핵심, 후속","살아 있는 희귀 영물이 즉시 채취보다 장기 관찰 가치가 높고, 현재는 안전한 이식 자원이 부족한 상황.",Yes,핵심 범위 준비,높음,120화
123~124화 · 저물대의 물리적 이동으로 포위 집단의 목표를 갈라놓는 장면,REF-01,https://app.notion.com/p/3b3baa79eaae817e9c4fc1e2aff95e59,조롱→시선 침묵→원영 영물 발화→옥갑 제시→분배 불가능성 질문→저물대 투척→방사천에게 시선 집중→기습.,2026년 8월 6일 오전 1:41,2026년 8월 6일,TH-REF01-EVT-02,REF-01-20260805-201623-6ddc6c · block 259 · source lines 48443-48603 / REF-01-20260805-201623-6ddc6c · block 260 · source lines 48605-48791,Yes,"진소명, 려정, 방사천, 금단 수사 집단",선협에서 상태창 개발하기,SCENE-244,"대비, 핵심",백 명 이상의 금단 수사가 진소명의 보물과 원영 영물을 노리고 공동 포위했지만 분배 규칙과 상호 신뢰는 없는 상황.,Yes,대비 포함 준비,높음,123~124화
131~132화 · 사혼광야 이동을 검술 관찰과 일도광천 수련 기준으로 바꾸는 장면,REF-01,https://app.notion.com/p/3b3baa79eaae81a28921f0323072e367,장거리 이동→검흔 발견→석판 결합 실패→반나절 관찰→뇌각명찰파법안→일도광천 체험→원천 붕괴→귀환 후 반복 수련.,2026년 8월 6일 오전 1:41,2026년 8월 6일,TH-REF01-ENG-03 · TH-REF01-ENG-04 선행 장면,REF-01-20260805-201910-8e98d7 · block 275 · source lines 51201-51367 / REF-01-20260805-201910-8e98d7 · block 276 · source lines 51369-51553 / REF-01-20260805-201910-8e98d7 · block 277 · source lines 51555-51727 / REF-01-20260805-201910-8e98d7 · block 278 · source lines 51729-51901,Yes,"진소명, 이름 미확인 화신기 검수의 환영",선협에서 상태창 개발하기,SCENE-246,"선행, 핵심, 후속","석판의 비밀을 풀지 못한 진소명이 장거리 이동 중 검흔과 석판을 대조하고, 더 높은 관찰 능력으로 초월적 검술을 체험하는 상황.",Yes,핵심 범위 준비,높음,131~132화
130~131화 · 백광일의 첫 노동 실패를 폐기 대신 생산 분업의 시작으로 처리하는 장면,REF-01,https://app.notion.com/p/3b3baa79eaae81e69635f7628729abd4,독립성 확인→광산 업무 부여→한 번의 곡괭이질 뒤 기절→폐기하지 않고 회복·반복 수련→채굴 성장 확인.,2026년 8월 6일 오전 1:41,2026년 8월 6일,TH-REF01-ENG-02,REF-01-20260805-201910-8e98d7 · block 274 · source lines 51011-51199 / REF-01-20260805-201910-8e98d7 · block 275 · source lines 51201-51367,Yes,"진소명, 백광일",선협에서 상태창 개발하기,SCENE-245,"실패, 핵심, 후속","분혼으로 만든 첫 독립 분신이 본체와 같은 외형을 가졌지만 감정과 법력, 노동 성능이 검증되지 않은 상황.",Yes,대비 포함 준비,높음,130~131화
249~250화 · 연허기 수사의 일격을 되돌리기에서 궤도 이탈로 낮추고 기술 감각을 복원하는 장면,REF-01,https://app.notion.com/p/3b3baa79eaae8107801cd78ac4ef8dbf,과거 감각 회상→정면 재현 실패→목표 축소→궤도 이탈 성공→연속 공방 속 기술 감각 복원.,2026년 8월 6일 오전 1:48,2026년 8월 6일,TH-REF01-ENG-04,REF-01-20260805-205009-b59641 · block 519 · source lines 91939-92137 / block 520 · source lines 92139-92323,Yes,"진소명, 수라족 추격자들",선협에서 상태창 개발하기,SCENE-248,"실패, 핵심, 후속","일도광천의 과거 감각은 흐릿하고, 연허기 수사의 공격을 그대로 반사하는 목표는 현재 기량으로 달성하기 어려운 상황.",Yes,대비 포함 준비,높음,249~250화
249화 · 패갑귀를 화나게 해 수라족 추격대와 충돌시키고 괴뢰로 반복 변형하는 장면,REF-01,https://app.notion.com/p/3b3baa79eaae81dcae0cd65a085bd547,괴뢰 준비→패갑귀 자극→추격대와 충돌 유도→본체 이탈→같은 구조를 괴뢰·분신으로 반복 변형.,2026년 8월 6일 오전 1:48,2026년 8월 6일,TH-REF01-EVT-03,REF-01-20260805-205009-b59641 · block 516 · source lines 91395-91565 / REF-01-20260805-205009-b59641 · block 517 · source lines 91567-91769,Yes,"진소명, 패갑귀, 수라족 추격대",선협에서 상태창 개발하기,SCENE-247,"실패, 핵심, 후속","연허기 수라족 추격대와 정면전으로는 이길 수 없고, 환경 생물과 괴뢰·분신을 미끼로 사용할 수 있는 상황.",Yes,대비 포함 준비,높음,249화