표현 장면명,REF 코드,감정 증거,대사·행동 배열,대표성,마지막 검토,상태,상태 변화,상황군,식별자 비노출,역할 표기,원문 위치,원문 장면,장면 조건,장면 종료 방식,정리문 제외,정보 공개 순서,진입 방식,표면 모방 위험,표현 목적,표현 범주,후속 회수
공적을 환호가 아니라 소속 호명과 전황 변화로 굳히는 장면,REF-11,환호보다 젊은 무인들의 전의 회복과 적의 동요가 인정의 실질적 증거가 됨,주인공이 결과를 제시 → 주변의 불신과 혼란 → 동료 A가 소속과 전과를 공개 호명 → 환호 → 양측 전의 변화 → 전황 전환,대표,2026년 8월 4일,준비,,,Yes,"주인공, 동료 A, 양측 무인들",31~32화,,"상식 밖의 전과가 발생했지만 주변이 즉시 이해하지 못함, 공개 전장, 소속과 공적 귀속이 불명확함",주인공의 관심이 다시 더 큰 적과 남은 시간으로 이동하며 외부 인정과 내부 목표를 분리,Yes,사실 자체 → 공적 주체의 소속과 이름 → 사회적 수용 → 실제 전황 효과,사건은 이미 끝났지만 주변이 의미를 이해하지 못하는 정지 상태에서 시작,높음,,"공적 인정, 오해·재해석",외부 조직의 보상과 내부 승단 판정으로 공적이 다시 확인됨
전승자가 창안자의 그림자를 벗어난 순간을 기쁨으로 받는 장면,REF-11,상실감이나 통제 욕구 대신 '나를 벗어났다'는 판정 뒤 기쁨이 이어짐,과거 요결 폐기 확인 → 자기 평온을 중심으로 한 새 운용 → 창안자의 짧은 내부 판정 → 희미한 미소와 흥겨움 → 분파로 명명,이탈,2026년 8월 4일,준비,,,Yes,"창안자, 선대 수행자 A",809화 74~106행,전승자가 창안자의 그림자를 벗어난 순간을 창안자가 기뻐하는 장면 (%EC%A0%84%EC%8A%B9%EC%9E%90%EA%B0%80%20%EC%B0%BD%EC%95%88%EC%9E%90%EC%9D%98%20%EA%B7%B8%EB%A6%BC%EC%9E%90%EB%A5%BC%20%EB%B2%97%EC%96%B4%EB%82%9C%20%EC%88%9C%EA%B0%84%EC%9D%84%20%EC%B0%BD%EC%95%88%EC%9E%90%EA%B0%80%20%EA%B8%B0%EB%BB%90%ED%95%98%EB%8A%94%20%EC%9E%A5%EB%A9%B4%203b2baa79eaae81c18fd2f976db357bfe.csv),"전승자가 오랫동안 창안자와 과거의 분노에 매달려 기술을 사용해 옴, 자기 삶에 맞는 새로운 요결을 찾음",원형 보존이 아니라 분파의 탄생을 축하하는 감정으로 닫힘,Yes,기술 변화 → 관계 감정 변화 → 창안자의 수용 순서,기술의 극성 이후 심상 자체가 달라졌음을 창안자가 감지,중간,,"감정 비직접 표현, 관계 회복, 전승·계승",옛 스승과 제자의 역할 역전까지 전승 관계가 확장됨
시간이 무한해질수록 기술은 완성되고 인간은 무너지는 장면,REF-11,외로움을 직접 설명하기보다 허상과 대화하고 관계 기억을 재구성하는 행동으로 증명,기술 완성의 연속 → 인간 한계 확인 → 정신 붕괴 징후 → 기억 속 인물들을 호출 → 그들과 대화하며 시간을 견딤,실패,2026년 8월 4일,준비,,,Yes,"주인공, 기억 속 인물들",780화 24~104행 + 140~216행,감당 못할 시간이 숙련의 축복에서 고립의 형벌로 뒤집히는 장면 (%EA%B0%90%EB%8B%B9%20%EB%AA%BB%ED%95%A0%20%EC%8B%9C%EA%B0%84%EC%9D%B4%20%EC%88%99%EB%A0%A8%EC%9D%98%20%EC%B6%95%EB%B3%B5%EC%97%90%EC%84%9C%20%EA%B3%A0%EB%A6%BD%EC%9D%98%20%ED%98%95%EB%B2%8C%EB%A1%9C%20%EB%92%A4%EC%A7%91%ED%9E%88%EB%8A%94%20%EC%9E%A5%EB%A9%B4%203b2baa79eaae81f09ae5fd906eb5ab0e.csv),"외부와 단절된 공간, 사실상 무한한 시간, 기술 숙련은 가능하지만 인간 관계가 없음",기술 성취가 아니라 사람과의 관계를 다시 붙잡는 방식으로 버팀,Yes,과잉 시간의 이점부터 충분히 보여 준 뒤 비용과 붕괴를 늦게 드러냄,처음에는 끝없는 시간을 기술 숙련의 기회로 소비,중간,,"감정 비직접 표현, 시간 압박, 한계 인정",후일담에서 살아남는 문제보다 누구와 어떻게 살아갈지가 중심이 됨
제자가 창안자의 감정을 자기 몸으로 번역하되 완승하지 못하는 장면,REF-11,스승에 대한 이해가 감사나 찬사가 아니라 자해에 가까운 선택과 결과 제한으로 증명됨,창안자의 절박함 회상 → 시간 감각을 신체 구결로 변환 → 발과 권격을 결합 → 팔 손상 → 승리 기대 고백 → 상호 치명상을 피하는 무승부 제안,대비,2026년 8월 4일,준비,,,Yes,"제자 A, 경쟁자 A, 창안자",435화 190~260행,제자가 창안자의 절박함을 자기 몸으로 해석하고 무승부를 만드는 장면 (%EC%A0%9C%EC%9E%90%EA%B0%80%20%EC%B0%BD%EC%95%88%EC%9E%90%EC%9D%98%20%EC%A0%88%EB%B0%95%ED%95%A8%EC%9D%84%20%EC%9E%90%EA%B8%B0%20%EB%AA%B8%EC%9C%BC%EB%A1%9C%20%ED%95%B4%EC%84%9D%ED%95%98%EA%B3%A0%20%EB%AC%B4%EC%8A%B9%EB%B6%80%EB%A5%BC%20%EB%A7%8C%EB%93%9C%EB%8A%94%20%EC%9E%A5%EB%A9%B4%203b2baa79eaae81fbaa72ca44c51ec2ed.csv),"제자가 압도적인 경쟁자와 맞섬, 한쪽 팔과 목숨이 동시에 위험함, 배운 기술의 외형만으로는 승산이 없음",승리 선언 대신 '꼭 누가 죽을 필요는 없다'는 무승부 합의로 닫힘,Yes,"기술명보다 창안 당시의 감정과 시간 압박을 먼저 제시하고, 그 뒤 신체 변형과 결과를 보여 줌",신체가 이미 파괴되기 시작한 위기에서 창안자의 기술을 다시 해석,높음,,"전승·계승, 한계 인정",다른 수행자들의 독립적 변형과 창안자의 분파 수용으로 이어짐
검이 부러진 뒤 당사자가 먼저 패배를 인정하는 장면,REF-11,"경쟁자 A가 변명하지 않고 다음을 기약하며, 이후 깨달음을 방해받지 않도록 지켜 봄",구경꾼의 오판 → 경쟁자 A의 짧은 패배 선언 → 전문가의 침묵과 재평가 → 다음 비무 약속 → 후속 호법,대표,2026년 8월 4일,준비,,,Yes,"주인공, 경쟁자 A, 관전자들",8화 50~176행 + 246~268행,제자가 창안자의 절박함을 자기 몸으로 해석하고 무승부를 만드는 장면 (%EC%A0%9C%EC%9E%90%EA%B0%80%20%EC%B0%BD%EC%95%88%EC%9E%90%EC%9D%98%20%EC%A0%88%EB%B0%95%ED%95%A8%EC%9D%84%20%EC%9E%90%EA%B8%B0%20%EB%AA%B8%EC%9C%BC%EB%A1%9C%20%ED%95%B4%EC%84%9D%ED%95%98%EA%B3%A0%20%EB%AC%B4%EC%8A%B9%EB%B6%80%EB%A5%BC%20%EB%A7%8C%EB%93%9C%EB%8A%94%20%EC%9E%A5%EB%A9%B4%203b2baa79eaae81fbaa72ca44c51ec2ed.csv),"공개 비무, 구경꾼은 표면 결과를 패배로 오해함, 당사자와 전문가의 판정 기준이 다름",승패 논쟁이 아니라 상호 합격 축하와 다음 관계 가능성으로 닫힘,Yes,표면 결과를 먼저 보여 준 뒤 출수 시점과 진기 운용이라는 실제 판정 기준을 늦게 공개,강한 충돌 뒤 주인공의 검이 먼저 파손됨,중간,,"오해·재해석, 패배 인정",경쟁 관계가 적대가 아니라 상호 성장과 보호 행동으로 이어짐
사과로 화해를 끝내지 않고 다음 행동을 맡기는 작별,REF-11,"용서 선언 대신 조카 보호, 생존, 가산 관리, 천수에 대한 바람으로 감정이 드러남",사과의 불충분함 인정 → 다음 만남까지의 행동 약속 → 주인공의 냉정한 한계 지적과 보호 요구 → 다른 생존자의 관리 선택 → 뒤돌아보지 않는 퇴장,대표,2026년 8월 4일,준비,,,Yes,"주인공, 가족 A, 보호자 B",6화 30~96행,동료가 주인공의 남은 시간을 자기 위험 선택의 기준으로 받아들이는 장면 (%EB%8F%99%EB%A3%8C%EA%B0%80%20%EC%A3%BC%EC%9D%B8%EA%B3%B5%EC%9D%98%20%EB%82%A8%EC%9D%80%20%EC%8B%9C%EA%B0%84%EC%9D%84%20%EC%9E%90%EA%B8%B0%20%EC%9C%84%ED%97%98%20%EC%84%A0%ED%83%9D%EC%9D%98%20%EA%B8%B0%EC%A4%80%EC%9C%BC%EB%A1%9C%20%EB%B0%9B%EC%95%84%EB%93%A4%EC%9D%B4%EB%8A%94%20%EC%9E%A5%EB%A9%B4%203b2baa79eaae81b68ee2dd802b7a2c44.csv),"가족과 가문이 붕괴함, 오래된 냉대가 한 문장으로 해소될 수 없음, 생존자들이 흩어져야 함",포옹이나 화해 선언 없이 서로 다른 방향으로 떠남,Yes,감정 고백보다 앞으로 해야 할 일과 각자의 능력 한계를 먼저 밝힘,작별 준비가 끝난 뒤 책임을 말하는 대화로 진입,낮음,,"감정 비직접 표현, 관계 회복, 사과·책임",약속한 보호와 관리가 이후 실제로 수행되는지 추적 대상으로 남음
두려움까지 포함한 패배 인정이 상호 청구권으로 이어지는 장면,REF-11,두려움은 표정 경직과 파훼될 것이라는 구체적 판단으로 드러남,중단 조건 제시 → 주인공의 배움 인정 → 수행자 A의 패배 선언 → 두려움 고백 → 미래의 부탁 한 번을 들어주겠다는 제안 → 짧은 수락,대표,2026년 8월 4일,준비,승패 미확정·설법 청취 여부 불명 → 양측 모두 패배를 일부 인정하고 서로에게 미래 청구권을 가짐,,Yes,"주인공, 수행자 A",39화 13348~13384행,,"서로의 기술이 계속 파훼되는 비무, 계속하면 치명적 수단을 써야 함, 수행자 A는 설법 목적도 가짐",위로나 감탄 없이 거래 가능한 미래 행동으로 닫힘,Yes,전문적 판정 → 감정의 구체적 이름 → 이후 권리 변화,양측이 동시에 물러나며 전투 중단 기준을 먼저 합의,낮음,"권한 이동, 정보 공개, 책임 수용, 패배 인정","사과·책임, 패배 인정",주인공에게는 수행자 A의 부탁 이행권이 실제 자산으로 남음
패배 고백 뒤 교분 요청을 조건부로 수락하는 장면,REF-11,상대는 거절에서 굳었다가 조건부 수락에서 표정이 밝아짐,패배 고백 → 배경 설명 → 교분 요청 → 즉시 거절 → 상대가 찾아오면 받겠다는 조건부 수락 → 상대 표정 회복,대표,2026년 8월 4일,준비,방문 의무 없음·친밀감 미확정 → 상대가 새 성취를 갖고 찾아올 때 만남과 교류가 허용됨,,Yes,"주인공, 경쟁자 A, 관전자 A",24화 8059~8105행,,"또래 경쟁자가 첫 패배를 경험함, 관계를 이어가고 싶어 함, 주인공은 시간과 목적상 상대의 거점까지 갈 이유가 없음",완전한 우정 선언이 아니라 제한이 있는 관계 가능성으로 닫힘,Yes,감정과 관계 욕구를 먼저 공개한 뒤 주인공의 시간 비용과 조건이 드러남,경쟁자 A가 첫 패배의 충격을 직접 고백한 뒤 교분을 청함,낮음,"거절, 관계 시작, 조건부 수락, 패배 인정","관계 회복, 패배 인정",동행 중 무학 대화가 실제로 주인공에게 도움이 되어 관계의 실익이 즉시 확인됨
반복 사과가 신뢰 회복 없이 즉시 협업으로 덮이는 장면,REF-11,"사과 횟수는 많지만 접근권·통제권은 바뀌지 않으며, 주인공은 상대 손을 부술 방법을 계산함",위협과 물리 통제 → 분석 사실 공개 → 반복 사과와 접촉 → 주인공의 침묵 → 산책·기술 관찰 제안 → 포획자 A의 즉각적 화색 → 주인공의 내부 반격 계산 → 다음 날 조심스러운 접근과 탈출 수단 확보,실패,2026년 8월 4일,준비,"위협 직후 감정은 완화되지만 통제 관계와 불신은 유지, 주인공만 탈출 가능성을 새로 확보",,Yes,"주인공, 포획자 A",65~66화 23066~23106행 + 23521~23533행,,"포획자 A가 주인공의 생사와 이동을 통제함, 감정 기복이 크고 방금 위협함, 주인공은 탈출을 위해 상대 기술을 분석해야 함",표면상 기술 협업을 이어가면서 내부적으로 통제 제거 수단을 완성,Yes,"포획자 A에게는 협업 의도만 공개되고, 주인공의 탈출·반격 목표는 독자에게만 공개",포획자 A가 위협한 직후 주인공의 기술 분석 사실을 듣고 태도를 바꿈,중간,"감정 은폐, 감정 폭발, 사과, 오해 형성, 정보 은폐","관계 파열, 사과·책임, 오해·재해석",다음 날 주인공이 상대의 기술을 이용해 몸에 남은 통제 수단을 제거할 길을 만듦
혈연의 요구를 조직 결정권으로 끊고 보호 명령을 남기는 장면,REF-11,"조직 수장은 감정을 설명하지 않고 낮은 음성과 즉시 명령으로 선을 긋고, 현장 지휘자는 몸가짐을 바꿔 복종을 표시함",원로의 자기 고백과 가문 논리 → 조직 수장의 짧은 중단 명령 → 결정권 주체 확정 → 혈족 권위 사용 금지 → 현장 지휘자에게 보호 임무 부여,대표,2026년 8월 4일,준비,"혈연 권위로 진로 개입 가능 → 조직 수장만 결정권 보유, 원로의 개입권 박탈, 현장 지휘자의 보호 의무 확정",,Yes,"조직 수장 A, 원로 A, 현장 지휘자 A, 주인공",48화 16717~16757행,,"원로 A가 혈연과 가문의 영속을 근거로 주인공의 진로에 개입하려 함, 현장 지휘자는 두 권위 사이에 끼임, 조직 수장이 최종 결정권자임",가문 논쟁을 끝내고 즉시 출정·보호 명령으로 전환,Yes,감정과 혈연 논리 → 결정권 판정 → 별도 보호 책임,원로 A가 자기 집착을 인정하면서도 가문 논리를 계속 밀어붙임,중간,"거절, 관계 단절, 권한 이동, 책임 수용","관계 파열, 사과·책임",현장 지휘자의 보호 행동이 이후 임무 관계에서 이어짐
용서를 구하지 않는 사과가 예정된 적대와 공존하는 장면,REF-11,"후계자 A는 오래 고개를 들지 않고, 주인공은 즉시 화해하지 않은 채 차를 마신 뒤 답함",자기 협량 인정 → 사과가 먼저여야 했다는 판정 → 자리 이동과 큰절 → 감사·조직 사죄·개인적 자위의 동기 분리 → 용서를 구하지 않음 → 주인공의 침묵과 관찰 → 사과 수령과 생사결 유지,대비,2026년 8월 4일,준비,조직의 잘못 미정산·개인 관계 적대 → 사과는 수령되지만 죄가 사라지지 않고 예정된 생사결도 유지,,Yes,"주인공, 조직 후계자 A, 동료 A, 주변 인물들",91화 32770~32840행,,"조직 A가 주인공에게 배덕한 피해를 입힘, 사과하는 인물은 조직의 후계자이자 곧 생사결을 벌일 상대임",사과 수령 뒤 곧바로 용무와 비무 준비로 돌아감,Yes,"행동으로 사과의 무게를 먼저 보여 준 뒤, 세 종류의 동기와 용서 불가능성을 설명",후계자 A가 조직의 잘못을 확인한 뒤 한참 고민하고 공개석상에서 먼저 예를 취함,높음,"관계 단절, 사과, 정보 공개, 책임 수용","관계 파열, 사과·책임",상호 존중은 커지지만 전투의 필연성과 조직 책임은 취소되지 않음
해결책을 주지 않고 오래 곁에 머무는 장면,REF-11,격려나 약속 대신 한참 동안 자리를 지키는 시간 자체가 위로의 증거가 됨,주인공의 현실적 판단 → 동료 A에게 선택 질문 → 긴 숙고와 수락 → 서술로 미래 기회 인정 → 주인공이 장시간 말없이 곁에 머묾 → 시간 경과,미해결,2026년 8월 4일,준비,동료 A가 즉시 복수할 가능성 포기·고립 위험 → 선택은 그대로지만 그 결과를 혼자 감당하지 않게 됨,,Yes,"주인공, 동료 A, 지도자 A",93화 33620~33670행,,"동료 A는 가족과 싸워야 하지만 강제 복종의 정신적 제약 때문에 승산이 없음, 주인공도 당장 해결할 수단이 없음",대화 없이 함께 머문 시간 뒤 다음 날과 비무 준비로 넘어감,Yes,"동료 A의 패배 가능성과 심리 제약을 먼저 계산하고, 해결 불가능성을 인정한 뒤 침묵의 동행을 배치","적대 측이 주인공부터 상대하는 연속 비무 방식을 제안하고, 동료 A는 자신의 복수 기회를 사실상 포기해야 함",낮음,"책임 수용, 침묵, 한계 인정","감정 비직접 표현, 관계 회복",동료 A의 과거 극복은 이 장면에서 해결하지 않고 훗날의 기회로 이월됨
고통을 이해하지 못해 침묵으로만 공감하는 장면,REF-11,"위로 대사 대신 자리를 떠나지 않고 듣는 행동, 동료 A의 작은 미소, 이후 평범한 역할 분담으로 관계 변화가 드러남",과거 설명 → 신체 증상 노출 → 주인공의 무응답 → 내부적으로 공통 가능한 고독만 확인 → 침묵 유지 → 동료 A의 작은 미소 → 평범한 불침번 교대,대표,2026년 8월 4일,준비,"동료 A의 개인적 상처 비공개 → 상처가 공유되고, 주인공은 해결자 역할을 맡지 않은 채 곁에 남는 동료가 됨",,Yes,"주인공, 동료 A",85화 30690~30755행,,"동료 A가 가족·계급·강제 훈육으로 인한 상처를 처음 공개함, 주인공은 같은 종류의 고통을 겪지 않아 섣불리 위로할 수 없음",감정적 합의 없이 불침번과 수면이라는 일상 행동으로 닫힘,Yes,"사실과 상처의 신체 증거가 먼저 나오고, 주인공의 공감 범위는 내부 독백으로만 제한해 공개",동료 A가 담담하게 과거를 설명하다가 손 떨림과 입술 경련으로 억압된 감정을 드러냄,낮음,"감정 은폐, 책임 수용, 침묵","감정 비직접 표현, 관계 회복",이후 주인공은 동료 A의 가족 문제와 비무 선택을 판단할 때 이 고백을 고려함
용서하지 않은 채 생존 조건만 거래하는 장면,REF-11,"분노를 설명하지 않고 넌 내 손에 죽는다, 가라 같은 짧은 판정과 긴장 해제 뒤에도 남는 살해 의도로 증명",조건 제시 → 상대의 불신 질문 → 주인공의 살해 의사 재확인 → 긴 응시와 침묵 → 조건 수량 흥정 → 거래 성립 → 짧은 퇴거 명령과 태연한 작별,이탈,2026년 8월 4일,준비,"강제 구금과 즉시 충돌 위험 → 일시적 거리 확보와 탈출 가능성 생성, 원한과 살해 의사는 유지",,Yes,"주인공, 포획자 A, 동료 A",84화 30240~30310행,,"상대가 주인공의 자유를 장기간 억압했고 여전히 강한 전투력을 보유함, 주인공은 상대를 즉시 죽이기 어렵지만 탈출 조건을 협상할 수 있음",화해나 신뢰 회복 없이 거래만 성립하고 상대가 물러남,Yes,"실용적 거래 조건을 먼저 내놓고, 용서 의사가 없다는 감정·관계 판정을 중간에 명확히 공개",주인공이 구결 일부와 이탈 거리를 교환 조건으로 제시함,중간,"거절, 관계 단절, 권한 이동, 정보 공개","관계 파열, 사과·책임",거래는 생존을 위한 임시 조치이며 관계의 원한은 이후까지 지속됨
적의 질문을 무시하고 아군 역할만 확인한 뒤 선공하는 장면,REF-11,위세나 분노를 설명하지 않고 적을 대화 상대로 인정하지 않는 선택과 즉시 공격으로 판단을 증명함,적의 질문 → 무응답 → 가족 A에게 침입 목적 확인 → 동료 A에게 후방 보호 요청 → 짧은 수락 → 즉시 선공,이탈,2026년 8월 4일,준비,적이 대화 주도권을 요구 → 주인공이 정보 우선순위와 역할 배치를 장악하고 전투 주도권을 가져감,"보호·희생, 전투·대결, 정보·비밀",Yes,"주인공, 적대자 A, 가족 A, 동료 A",28화 9285~9317행,28화 · 적의 질문을 무시하고 동료와 역할만 확인한 뒤 공격하는 장면 (28%ED%99%94%20%C2%B7%20%EC%A0%81%EC%9D%98%20%EC%A7%88%EB%AC%B8%EC%9D%84%20%EB%AC%B4%EC%8B%9C%ED%95%98%EA%B3%A0%20%EB%8F%99%EB%A3%8C%EC%99%80%20%EC%97%AD%ED%95%A0%EB%A7%8C%20%ED%99%95%EC%9D%B8%ED%95%9C%20%EB%92%A4%20%EA%B3%B5%EA%B2%A9%ED%95%98%EB%8A%94%20%EC%9E%A5%EB%A9%B4%203b2baa79eaae815db3b5f2144c4050e9.csv),"적대자 A가 우세를 과시하며 방문 목적을 캐묻고, 보호 대상이 주인공 바로 뒤에 있음",대화 종료 선언 없이 공격으로 전환,Yes,"적에게는 정보를 주지 않고, 아군에게 필요한 사실과 역할만 공개함",적대자 A가 주인공에게 목적을 대답하라고 요구함,중간,"긴장 유지, 의무 부여, 정보 은폐","역할 교체, 정보 은폐, 행동 우선",동료 A의 후방 보호가 실제 행동으로 이어져 역할 분배가 말뿐이 아니었음이 확인됨
호칭 변화가 평가를 선행하고도 진로 선택은 바꾸지 않는 장면,REF-11,"외부 원로는 호칭과 진로 제안으로 평가 변화를 행동화하고, 주인공은 표정과 답변을 크게 바꾸지 않음",호칭 변화 → 서술 확인 → 최고 수준의 제안 → 주인공의 담담한 거절·기존 선택 유지,대표,2026년 8월 4일,준비,"가문의 자식으로만 분류 → 독립 무인·영입 대상자로 재분류, 그러나 주인공의 진로는 유지","관계 형성, 정체·출신, 평가·판정",Yes,"주인공, 외부 원로 A",5화 1418~1452행,5화 · 호칭 변화가 외부 평가와 진로 선택을 동시에 드러내는 장면 (5%ED%99%94%20%C2%B7%20%ED%98%B8%EC%B9%AD%20%EB%B3%80%ED%99%94%EA%B0%80%20%EC%99%B8%EB%B6%80%20%ED%8F%89%EA%B0%80%EC%99%80%20%EC%A7%84%EB%A1%9C%20%EC%84%A0%ED%83%9D%EC%9D%84%20%EB%8F%99%EC%8B%9C%EC%97%90%20%EB%93%9C%EB%9F%AC%EB%82%B4%EB%8A%94%20%EC%9E%A5%EB%A9%B4%203b2baa79eaae812d974cdc0a505f2d95.csv),"가문 붕괴 직후, 외부 원로가 주인공의 재능과 독립성을 새로 평가함",인정의 크기보다 주인공의 기존 선택을 재확인하며 닫힘,Yes,"관계 호칭이 먼저 변하고, 그 뒤 평가 근거와 제안 권한이 공개됨",전날과 다른 존칭으로 먼저 부른 뒤 입문을 제안함,낮음,"공적 인정, 관계 재분류, 판정 확정","공적 인정, 관계 재분류, 호칭 변화",외부 평가와 조직 영입이 이어져도 주인공이 자기 시간 예산을 우선하는 태도가 반복됨
조언을 고집하지 않고 물러나자 상대가 사과와 감사를 내놓는 장면,REF-11,"주인공은 설득을 계속하지 않고 자리를 뜨려 하며, 상대는 그 순간 처음으로 사과와 감사를 함께 말함",허가 요청 → 조언 → 반발 → 주인공의 사과와 철수 → 상대의 사과 → 감사,대비,2026년 8월 4일,준비,조언자 권한 미확정·상대 반발 → 조언은 강제되지 않지만 상대가 태도를 재평가하고 제한적 신뢰가 생김,"관계 갈등, 관계 형성, 교육·전승",Yes,"주인공, 선배 A",14화 4280~4357행,14화 · 조언을 철회하자 상대가 사과와 감사를 동시에 내놓는 장면 (14%ED%99%94%20%C2%B7%20%EC%A1%B0%EC%96%B8%EC%9D%84%20%EC%B2%A0%ED%9A%8C%ED%95%98%EC%9E%90%20%EC%83%81%EB%8C%80%EA%B0%80%20%EC%82%AC%EA%B3%BC%EC%99%80%20%EA%B0%90%EC%82%AC%EB%A5%BC%20%EB%8F%99%EC%8B%9C%EC%97%90%20%EB%82%B4%EB%86%93%EB%8A%94%20%EC%9E%A5%EB%A9%B4%203b2baa79eaae816b941ad2ad6c187c21.csv),"주인공이 선배 A의 기술 결함을 발견했지만 두 사람은 아직 가까운 사이가 아니고, 상대는 처음에 지적을 받아들이기 어려워함",완전한 친밀감 없이 사과와 감사만 정산하고 닫힘,Yes,"조언의 타당성보다 관계 권한과 수용 여부가 먼저 드러나고, 상대의 재평가는 주인공이 물러난 뒤 공개됨",주인공이 먼저 조언 허가를 구한 뒤 다른 운용 가능성을 제시함,중간,"거절, 관계 재분류, 사과","거리 유지, 사과·책임, 접근 거부",선배 A가 실제로 기술을 재검토하는 후속 행동으로 수용 여부가 증명됨
즉시 습득 뒤 칭찬 대신 침묵으로 장면을 닫는 장면,REF-11,지도자의 충격은 감탄문이 아니라 말막힘과 아무 말도 하지 못하는 시간으로 드러남,즉시 재현 → 주인공의 남은 과제 언급 → 지도자의 말막힘 → 긴 침묵 → 장면 종료,대표,2026년 8월 4일,준비,"초보 학습자로 간주 → 즉시 재현 가능한 비정상적 학습자로 재평가, 다만 실전 숙련 과제는 유지","교육·전승, 성장·실패, 평가·판정",Yes,"주인공, 지도자 A",11화 3360~3382행,11화 · 즉시 습득 뒤 지도자가 침묵으로만 충격을 남기는 장면 (11%ED%99%94%20%C2%B7%20%EC%A6%89%EC%8B%9C%20%EC%8A%B5%EB%93%9D%20%EB%92%A4%20%EC%A7%80%EB%8F%84%EC%9E%90%EA%B0%80%20%EC%B9%A8%EB%AC%B5%EC%9C%BC%EB%A1%9C%EB%A7%8C%20%EC%B6%A9%EA%B2%A9%EC%9D%84%20%EB%82%A8%EA%B8%B0%EB%8A%94%20%EC%9E%A5%EB%A9%B4%203b2baa79eaae812d82eec985a453c577.csv),몸에 오래 새겨야 한다고 설명된 기술을 주인공이 한 번의 관찰과 실행으로 재현함,칭찬이나 해설 없이 지도자의 침묵에서 끊김,Yes,"성취 행동이 먼저 나오고, 주인공의 자기평가와 지도자의 침묵이 뒤따름",주인공이 배운 기술을 즉시 재현한 직후 남은 숙련 과제를 스스로 말함,낮음,"성장 증명, 침묵, 판정 확정","침묵, 판정, 행동 증명",이후 실전에서 신체 한계와 숙련 부족이 드러나 즉시 습득과 완전 숙련이 구분됨
고통을 지위 근거로 삼던 경쟁자가 선택한 소속을 우선하는 장기 구성,REF-11,자기 연명을 가능하게 하는 조건이 배우자와 동료의 희생을 요구하자 즉시 적대로 돌아섬,고통 진술 → 선 긋기와 노력 판정 → 위계 논쟁 → 유혹 조건 제시 → 시간 끌기 → 아군 대피 → 복합 합공 → 동료 보호,대표,2026년 8월 4일,준비,혈통·고통 기반 우월감이 선택한 소속과 동료의 삶을 우선하는 책임으로 변형됨,"관계 갈등, 보호·희생, 위기·생존, 조직·제도",Yes,"경쟁자 A, 주인공, 동료들, 적대 통치자 A",50화 49~125행 + 104화 61~135행 + 582화 11~119행 + 767화 59~159행 + 776화 119~155행,고통을 자존심의 근거로 삼던 경쟁자가 선택한 소속과 동료 보호를 우선하는 연쇄 (%EA%B3%A0%ED%86%B5%EC%9D%84%20%EC%9E%90%EC%A1%B4%EC%8B%AC%EC%9D%98%20%EA%B7%BC%EA%B1%B0%EB%A1%9C%20%EC%82%BC%EB%8D%98%20%EA%B2%BD%EC%9F%81%EC%9E%90%EA%B0%80%20%EC%84%A0%ED%83%9D%ED%95%9C%20%EC%86%8C%EC%86%8D%EA%B3%BC%20%EB%8F%99%EB%A3%8C%20%EB%B3%B4%ED%98%B8%EB%A5%BC%20%EC%9A%B0%EC%84%A0%ED%95%98%EB%8A%94%20%EC%97%B0%EC%87%84%203b2baa79eaae81bc9356ebe69633a412.csv),선천적 고통을 동반한 천재가 패배·입문·배신 회유·대규모 합공을 겪음,개인 생존이 아니라 동료의 이탈 시간을 벌겠다는 제안,Yes,고통의 소유권 주장 → 이해를 가장하지 않는 정확한 판정 → 조직 위계 충돌 → 치료를 미끼로 한 배신 조건 → 거절과 동료 대피 → 합공과 잔류 제안,자기 고통과 출신·연배를 성취와 지위의 근거로 내세움,낮음,"거절, 신뢰 시험, 의무 부여, 희생 선택","관계 재분류, 역할 교체, 책임 분리, 행동 증명",성격의 오만과 농담은 유지되지만 판단 대상이 자기 증명에서 동료 보호로 이동함
승리 보상이 동료 회복 의무와 다음 목적지로 전환되는 장면,REF-11,"축하보다 상처를 먼저 살피고, 얻은 공적을 동료 회복에 재투자하려는 선택",공적 호명 → 짧은 답례 → 상처 확인 → 실무적 해결책 제안 → 목적지 확정,대표,2026년 8월 4일,준비,개인 승리와 명예가 관계 의무 및 다음 장편 임무로 전환됨,"보상·처벌, 보호·희생, 시간·기다림",Yes,"주인공, 동료 A, 조언자 A",61화 151~233행,성과 축하가 동료의 손실 회복 과제로 뒤집혀 다음 목적지를 정하는 연쇄 (%EC%84%B1%EA%B3%BC%20%EC%B6%95%ED%95%98%EA%B0%80%20%EB%8F%99%EB%A3%8C%EC%9D%98%20%EC%86%90%EC%8B%A4%20%ED%9A%8C%EB%B3%B5%20%EA%B3%BC%EC%A0%9C%EB%A1%9C%20%EB%92%A4%EC%A7%91%ED%98%80%20%EB%8B%A4%EC%9D%8C%20%EB%AA%A9%EC%A0%81%EC%A7%80%EB%A5%BC%20%EC%A0%95%ED%95%98%EB%8A%94%20%EC%97%B0%EC%87%84%203b2baa79eaae817e9fcdcff992b6a2e5.csv),큰 전투의 공적이 확정되었으나 동료가 회복 불능 가능성의 중상을 입음,감정 정산이 아니라 다음 이동 목적지 확정,Yes,성과와 사회적 인정 → 동료의 신체 비용 → 보은을 이용한 회복 경로 → 다음 목적지,공적 호명과 별호 확정 직후 동료의 내상 진단으로 온도를 낮춤,낮음,"공적 인정, 보상 지급, 보호 약속, 의무 부여","공적 인정, 책임 분리, 행동 우선",동료 보호와 회복 의무가 이후 관계 판단의 기준으로 남음
오래 숨겨진 시한이 관계 상처를 거쳐 조직 작전으로 전환되는 장면,REF-11,선배가 손을 대지 못하고 자리를 이탈한 뒤에도 출정 명령에는 응답함,낙관적 가정 → 공개 유예 → 제삼자 진단 → 짧은 질문과 멈춘 손 → 이탈 → 회합의 다수 제안 → 하나의 작전 채택 → 지휘 응답,대표,2026년 8월 4일,준비,사적 비밀이 관계 균열을 만들고 다시 조직 전체의 공적 목표로 확대됨,"관계 갈등, 위기·생존, 정보·비밀, 조직·제도",Yes,"주인공, 선배 지휘자 A, 진단자 A, 조직 수뇌부","1화 13~51행 + 724화 139~151행 + 725화 5~38행, 57~87행, 249~263행",독자 선행 정보가 제한 공유를 거쳐 조직 작전으로 공개되는 연쇄 (%EB%8F%85%EC%9E%90%20%EC%84%A0%ED%96%89%20%EC%A0%95%EB%B3%B4%EA%B0%80%20%EC%A0%9C%ED%95%9C%20%EA%B3%B5%EC%9C%A0%EB%A5%BC%20%EA%B1%B0%EC%B3%90%20%EC%A1%B0%EC%A7%81%20%EC%9E%91%EC%A0%84%EC%9C%BC%EB%A1%9C%20%EA%B3%B5%EA%B0%9C%EB%90%98%EB%8A%94%20%EC%97%B0%EC%87%84%203b2baa79eaae8167aed2dfd9d304cfbc.csv),"독자는 시한을 알지만 핵심 관계자 일부는 모르고, 주인공이 최고 지위와 후사 책임을 맡은 직후",전 조직의 출정 준비와 지휘 응답,Yes,독자 선행 진단 → 장기간 제한 공유 → 관계자의 잘못된 기대 → 제삼자 폭로 → 배제 상처 → 조직 의사결정 → 출정,선배가 주인공이 자신보다 오래 살 것이라고 무심코 가정함,낮음,"긴장 유지, 오해 해소, 의무 부여, 정보 공개","관계 파열, 권한 이동, 정보 공개, 행동 우선",부족한 시간의 문제가 후반에는 누구와 어떻게 살아갈지의 문제로 변형됨
표면 승패의 공정성이 공공 위험 판정으로 확장되는 검객의 장기 구성,REF-11,"고결함을 말하지 않고 패배 선언, 호법, 자기 손실, 민생 위험 판정으로 반복 증명함",패배 선언 → 호법 → 생애 압축 일격 → 공적 호명 → 수면 장애 → 한 문장 파괴 요구 → 임시 사용 → 기술 내재화 판정,대표,2026년 8월 4일,준비,개인 비무의 공정한 검객에서 조직 역사의 증언자와 공공 위험의 독립 판정자로 확장됨,"위기·생존, 전투·대결, 조직·제도, 평가·판정",Yes,"검객 A, 주인공, 동료 A, 외부 문파 인물들","8화 107~169행, 249~265행 + 670화 217~297행 + 812화 161~185행 + 823화 211~342행 + 824화 65~119행",표면 승패보다 검의 의도와 공공 위험을 우선하는 검객의 연쇄 (%ED%91%9C%EB%A9%B4%20%EC%8A%B9%ED%8C%A8%EB%B3%B4%EB%8B%A4%20%EA%B2%80%EC%9D%98%20%EC%9D%98%EB%8F%84%EC%99%80%20%EA%B3%B5%EA%B3%B5%20%EC%9C%84%ED%97%98%EC%9D%84%20%EC%9A%B0%EC%84%A0%ED%95%98%EB%8A%94%20%EA%B2%80%EA%B0%9D%EC%9D%98%20%EC%97%B0%EC%87%84%203b2baa79eaae8113bde7da94f2deaf18.csv),"공정한 입문 비무, 조직 붕괴 직전의 결전, 후유증 상태에서 위험한 신병을 둘러싼 임무",위험 물건의 최종 처분은 보류하되 무기 없이도 같은 경지를 유지할 가능성을 엶,Yes,자발적 패배 선언 → 상대 수련 보호 → 생애를 건 일격과 승전 공표 → 장기 후유증 → 위험 물건 파괴 판정 → 임시 사용 → 무기 의존 탈피 가능성,상대 무기를 부러뜨린 표면 결과와 실제 출수 순서를 분리해 판정함,낮음,"보호 약속, 판정 확정, 패배 인정, 희생 선택","판정, 패배 인정, 한계 인정, 행동 증명",초반의 의도·순서 중심 판정이 후반의 소유권보다 실제 위험 중심 판정으로 확대됨
평가에 민감한 동료가 우회 전술과 독립 판단을 갖추는 장기 구성,REF-11,"연민 대신 동료의 자율성을 인정하고, 불리한 전력차 속에서도 맡을 수 있는 역할을 스스로 정의함",출신 질문과 소문 확인 → 기준 교정 → 보호 행동 → 중상 → 정면전 회피 → 위험 물건 회수 → 임무 재정의,대표,2026년 8월 4일,준비,평가받으려는 신입에서 평가 없이 임무를 정의하는 실용적 독립 행위자로 변함,"보호·희생, 성장·실패, 전투·대결, 평가·판정",Yes,"동료 A, 주인공, 검객 A, 적대 강자 A","7화 139~179행, 215~305행 + 61화 151~229행 + 812화 59~191행",신분에 민감한 동료가 실용적 독립 판단자로 변하는 장기 연쇄 (%EC%8B%A0%EB%B6%84%EC%97%90%20%EB%AF%BC%EA%B0%90%ED%95%9C%20%EB%8F%99%EB%A3%8C%EA%B0%80%20%EC%8B%A4%EC%9A%A9%EC%A0%81%20%EB%8F%85%EB%A6%BD%20%ED%8C%90%EB%8B%A8%EC%9E%90%EB%A1%9C%20%EB%B3%80%ED%95%98%EB%8A%94%20%EC%9E%A5%EA%B8%B0%20%EC%97%B0%EC%87%84%203b2baa79eaae811a9a3bc4aff3f6b7d4.csv),"입문 평가 불안, 보호 행동의 큰 신체 비용, 후반의 압도적 강자와 위험 물건 회수 임무",강자 격파가 아니라 위험 물건 회수와 다음 임무 유지,Yes,평가 불안 → 실력 기준의 교정 → 보호 행동과 사회적 인정 → 신체 비용 → 우회 회수 성공 → 동료의 공공 위험 판정 수용,초반에는 출신과 심사자의 시선을 먼저 계산함,낮음,"관계 재분류, 성장 증명, 역할 교체, 의무 부여","관계 재분류, 역할 교체, 판정, 행동 증명",비천재의 역할이 승리자보다 회수자·운반자·판단 연결자로 확장됨
흥미 기반 편애가 조직 책임과 가족적 의무로 누적되는 장기 구성,REF-11,"애정 고백 대신 혼자 두지 않음, 음식 준비, 보고, 직책 수락, 명령 응답으로 관계를 증명함",괴팍한 발화 → 속도·부상 점검 → 개입 거절 → 후회와 공감 → 직책 수락 → 멈춘 손과 이탈 → 출정 응답,대표,2026년 8월 4일,준비,재미있는 신입에 대한 편애가 조직 후계와 가족적 미래를 책임지는 의무로 누적됨,"관계 형성, 권한·위계, 보호·희생, 조직·제도",Yes,"선배 지휘자 A, 주인공, 조직 구성원들","97화 67~183행 + 151화 93~127행 + 299화 41~127행 + 445화 45~84행 + 716화 23~58행 + 724화 117~151행 + 725화 5~38행, 249~263행",흥미 기반 편애를 드러내던 선배가 조직 판단과 가족적 책임을 함께 떠안는 연쇄 (%ED%9D%A5%EB%AF%B8%20%EA%B8%B0%EB%B0%98%20%ED%8E%B8%EC%95%A0%EB%A5%BC%20%EB%93%9C%EB%9F%AC%EB%82%B4%EB%8D%98%20%EC%84%A0%EB%B0%B0%EA%B0%80%20%EC%A1%B0%EC%A7%81%20%ED%8C%90%EB%8B%A8%EA%B3%BC%20%EA%B0%80%EC%A1%B1%EC%A0%81%20%EC%B1%85%EC%9E%84%EC%9D%84%20%ED%95%A8%EA%BB%98%20%EB%96%A0%EC%95%88%EB%8A%94%20%EC%97%B0%EC%87%84%203b2baa79eaae819eb1d8d31a94027503.csv),전투 부대의 선배가 유망한 신입을 오래 지켜본 뒤 최고 전투 직책을 승계하고 그의 시한을 알게 됨,개인적 충격 뒤에도 새 직책으로 출정 명령에 응답함,Yes,흥미와 편애 → 부대 생존 관리 → 민간·조직 여력 기준 → 과거 후회와 공감 → 직책 승계 → 시한 폭로 → 감정 이탈 → 지휘 복귀,새 피가 재미있다는 노골적 편애와 부대 실무 판단이 함께 제시됨,낮음,"관계 재분류, 권한 이동, 의무 부여, 책임 수용","관계 재분류, 권한 이동, 책임 분리, 행동 증명",직책의 보상이 곧바로 감당해야 할 사적 손실과 결합됨
정체 의심을 해명문이 아니라 누적 행동의 반증과 후속 경고로 재분류하는 장면,REF-46,"주인공은 분노 연기가 간파된 뒤 말을 줄이고, 판정이 유리하게 끝나도 안도 대신 미래의 살해 가능성과 은폐 필요를 계산한다.",직접 의심 질문 → 전형적 분노 연기 → 동료의 연기 간파 → 의심 근거 열거 → 보호·애도·책임 행동의 반증 → 현재 인격 판정 → 노출 경고 → 주인공의 더 강한 은폐 결심,대표,2026년 8월 5일,준비,정체 의심과 관계 파열 가능 → 현재 인격에 대한 신뢰 유지 → 정체 공개가 아니라 노출 방지 의무가 강화됨,"관계 갈등, 정보·비밀, 정체·출신, 평가·판정",Yes,"주인공, 동료 A, 잠든 동료들","150화 72,483~72,717행",신분에 민감한 동료가 실용적 독립 판단자로 변하는 장기 연쇄 (%EC%8B%A0%EB%B6%84%EC%97%90%20%EB%AF%BC%EA%B0%90%ED%95%9C%20%EB%8F%99%EB%A3%8C%EA%B0%80%20%EC%8B%A4%EC%9A%A9%EC%A0%81%20%EB%8F%85%EB%A6%BD%20%ED%8C%90%EB%8B%A8%EC%9E%90%EB%A1%9C%20%EB%B3%80%ED%95%98%EB%8A%94%20%EC%9E%A5%EA%B8%B0%20%EC%97%B0%EC%87%84%203b2baa79eaae811a9a3bc4aff3f6b7d4.csv),가까운 동료가 비정상적 지식으로 정체를 의심하지만 장기간의 행동 기록도 알고 있음,현재 관계가 유지된 뒤에도 다음 노출을 막겠다는 냉정한 결심으로 닫힘,Yes,연기 간파 → 의심 근거 → 반증 행동 → 현재 판정 → 미래 위험 경고 순으로 공개됨,다른 동료들이 잠든 마지막 모임에서 가까운 동료가 정체를 직접 묻음,높음,"관계 재분류, 긴장 유지, 신뢰 시험, 정보 은폐, 판정 번복","긴장 유지, 오해·재해석, 정보 은폐, 판정, 행동 증명",주인공이 집단 대표와 제도 책임을 실제로 맡는 먼 구간에서 ‘현재 행동이 정체를 만든다’는 판정이 확대됨
실용 교육이 누적된 뒤 기존 권력의 누락 책임을 질문으로 드러내고 역할을 자청하는 장면,REF-46,"지도자의 등장 뒤 주인공은 변명하거나 물러서지 않고 사망률과 과거 비교를 질문하며 목소리를 높이고, 마지막에 책임을 직접 맡겠다고 선언한다.",실전 교육 진행 → 지도자 등장 → 교육 정당성 추궁 → 사망률 질문 → 과거 비교 → 장비·교육 부재 확인 → 지도 책임 비판 → 역할 자청,대표,2026년 8월 5일,준비,비공식 교관 → 기존 권력과 책임 충돌 → 집단 생존 문제의 공적 발화자 → 지도권 도전자,"관계 갈등, 교육·전승, 권한·위계, 조직·제도",Yes,"주인공, 제자 A, 어린 구성원들, 지도자 A","153~154화 74,113~74,389행",실용 교육이 기존 권력의 누락 책임과 역할 자청으로 바뀌는 장면 (%EC%8B%A4%EC%9A%A9%20%EA%B5%90%EC%9C%A1%EC%9D%B4%20%EA%B8%B0%EC%A1%B4%20%EA%B6%8C%EB%A0%A5%EC%9D%98%20%EB%88%84%EB%9D%BD%20%EC%B1%85%EC%9E%84%EA%B3%BC%20%EC%97%AD%ED%95%A0%20%EC%9E%90%EC%B2%AD%EC%9C%BC%EB%A1%9C%20%EB%B0%94%EB%80%8C%EB%8A%94%20%EC%9E%A5%EB%A9%B4%203b2baa79eaae8175af87cce2259da98b.csv),주인공의 실전 교육이 기존 전통과 지도자의 책임 영역을 침범하며 실제 대안도 이미 눈앞에 있음,기존 지도자가 하지 않는 일을 자신이 맡겠다는 공개 역할 선언으로 종료,Yes,교육의 실제 내용 → 권력자의 문제 제기 → 사망 수치와 과거 비교 → 누락된 지원 → 역할 선언,제자의 요청으로 어린 구성원에게 실전 지식을 가르치던 중 지도자 A가 현장을 목격함,높음,"권한 이동, 긴장 유지, 의무 부여, 책임 수용","권한 이동, 대사 우선, 책임 분리, 판정",바로 다음 장면에서 기존 지도자가 교육권·금지선·도전 조건을 조건부로 넘김
무해한 역할 연기로 상대의 행동을 기다리되 성공 뒤에도 경계 비용을 남기는 장면,REF-46,첫 시험에서 공격이 없었음에도 잠들지 못하고 상대의 작은 움직임을 계속 계산한다.,임시 동행 제안 → 선입견 수용 → 잠든 척함 → 상대 행동 대기 → 잠정 신뢰 → 불면과 경계 지속 → 같은 연기 반복 → 실제 습격 확정,대비,2026년 8월 5일,준비,낯선 동행자 전면 불신 → 일시적 공동 수면 가능 → 신뢰는 완성되지 않음 → 반복 시험에서 적대 확정,"위기·생존, 정보·비밀, 평가·판정",Yes,"주인공, 동행자 A","6~7화 2,513~3,063행",무해한 집단 역할로 빈틈을 보이며 낯선 동행자의 행동을 기다리는 장면 (%EB%AC%B4%ED%95%B4%ED%95%9C%20%EC%A7%91%EB%8B%A8%20%EC%97%AD%ED%95%A0%EB%A1%9C%20%EB%B9%88%ED%8B%88%EC%9D%84%20%EB%B3%B4%EC%9D%B4%EB%A9%B0%20%EB%82%AF%EC%84%A0%20%EB%8F%99%ED%96%89%EC%9E%90%EC%9D%98%20%ED%96%89%EB%8F%99%EC%9D%84%20%EA%B8%B0%EB%8B%A4%EB%A6%AC%EB%8A%94%20%EC%9E%A5%EB%A9%B4%203b2baa79eaae819f8dcfe8f9baae380f.csv),낯선 사람과 서로 잠을 맡기는 거래가 필요하며 상대가 주인공 집단을 단순하고 무해하다고 판단함,상대의 적대 행동이 확정된 뒤 주인공이 책임을 직접 집행함,Yes,주인공의 위장 의도 → 첫 시험의 무사 통과 → 남은 경계 비용 → 두 번째 시험의 실제 적대 순서,거절당하던 주인공에게 낯선 동행자가 먼저 밤 동행을 제안함,높음,"신뢰 보류, 신뢰 시험, 정보 은폐, 판정 확정","긴장 유지, 정보 은폐, 판정, 행동 우선",가까운 동료에게는 전형적 역할 연기가 오히려 간파되는 장면으로 한계가 확인됨
처벌 사례와 집단의 무반응을 읽어 즉시 사회 역할을 수행하는 장면,REF-46,"처벌 직후 신체 떨림이 먼저 드러나고, 주변의 무반응을 확인한 뒤 표정을 통제한다.",금기 발화 → 즉시 처벌 → 의례 속행 → 집단 무반응 관찰 → 자기 위험 추론 → 주변 태도 모방,대표,2026년 8월 5일,준비,현지 규범 미확인 → 정체 노출의 처벌 규칙 확정 → 집단 역할 수행이 첫 생존 의무가 됨,"위기·생존, 정체·출신, 평가·판정",Yes,"주인공, 동류 A, 집단 지도자, 신입 구성원들",2화 301~417행,금기 발화의 처벌과 집단 무반응을 보고 현지 역할을 수행하는 장면 (%EA%B8%88%EA%B8%B0%20%EB%B0%9C%ED%99%94%EC%9D%98%20%EC%B2%98%EB%B2%8C%EA%B3%BC%20%EC%A7%91%EB%8B%A8%20%EB%AC%B4%EB%B0%98%EC%9D%91%EC%9D%84%20%EB%B3%B4%EA%B3%A0%20%ED%98%84%EC%A7%80%20%EC%97%AD%ED%95%A0%EC%9D%84%20%EC%88%98%ED%96%89%ED%95%98%EB%8A%94%20%EC%9E%A5%EB%A9%B4%203b2baa79eaae8142af93c362139b7eaa.csv),현지 규범을 모르는 인물이 정체 노출의 실제 처벌과 집단 반응을 동시에 목격함,주변 태도를 행동 지침으로 삼아 표정과 반응을 맞추겠다는 생존 결심으로 종료,Yes,"금기의 의미를 설명하기 전에 처벌과 집단 수용을 보여 주고, 주인공의 추론은 그 뒤에 배치됨",동류로 보이는 인물의 낯선 발화가 현지 지도자의 즉시 판정을 촉발함,높음,"의무 부여, 정보 공개, 정보 은폐, 판정 확정","정보 공개, 정보 은폐, 판정, 행동 우선","낯선 동행자에게 집단 선입견을 역이용하는 장면과, 가까운 동료가 그 연기를 간파하는 장면에서 역할 수행의 효과와 한계가 검증됨"
전승 성공을 먼저 보상한 뒤 빠진 경계를 제자의 과잉 행동으로 되돌리는 장면,REF-46,주인공은 교육 장면을 흐뭇하게 관찰하다가 전리품의 실제 의미와 자신을 칭송하는 구호가 공개되자 침묵하고 자기 책임을 묻는다.,제자의 교육 발견 → 생존율 상승 기대 → 이상한 물건 질문 → 실제 희생자 이름 공개 → 살해 과정 설명 → 집단 적대 구호 → 스승 칭송 구호 → 주인공 침묵과 책임 판정,실패,2026년 8월 5일,준비,교육 전승 성공에 대한 만족 → 적용 경계 누락 확인 → 제자의 과잉 일반화가 스승의 책임 문제로 전환됨,"교육·전승, 성장·실패, 평가·판정",Yes,"주인공, 제자 A, 어린 구성원들","151화 73,253~73,364행",전승 성공 뒤 빠진 경계가 제자의 과잉 행동으로 되돌아오는 장면 (%EC%A0%84%EC%8A%B9%20%EC%84%B1%EA%B3%B5%20%EB%92%A4%20%EB%B9%A0%EC%A7%84%20%EA%B2%BD%EA%B3%84%EA%B0%80%20%EC%A0%9C%EC%9E%90%EC%9D%98%20%EA%B3%BC%EC%9E%89%20%ED%96%89%EB%8F%99%EC%9C%BC%EB%A1%9C%20%EB%90%98%EB%8F%8C%EC%95%84%EC%98%A4%EB%8A%94%20%EC%9E%A5%EB%A9%B4%203b2baa79eaae81229db8d092404c23a0.csv),제자가 스승의 생존 교육을 다음 세대에 전하지만 적용 대상과 예외 기준은 배우지 못함,칭송 구호 직후 스승이 자기 교육의 결과를 자문하며 닫힘,Yes,성공처럼 보이는 교육 → 전리품의 의미 → 과잉 적대 → 스승 칭송 → 책임 자각 순서,주인공이 우연히 제자 A가 어린 구성원을 가르치는 광경을 발견함,높음,"전승, 책임 수용, 판정 번복, 한계 인정","전승·계승, 책임 분리, 판정, 한계 인정",후속 장면에서 희생한 외부 동료 사례를 제시해 출신이 아니라 행동으로 분류하도록 교육 경계를 수정함
기존 권력이 전면 굴복 없이 일부 책임을 인정하고 권한·금지선·도전 조건을 함께 넘기는 장면,REF-46,"기존 지도자는 분노와 물리적 우위를 유지하면서도 과거 실패를 길게 말하고, 주인공의 교육 성과는 부정하지 않는다.",충돌 뒤 비공개 대화 → 과거 개혁 실패 공개 → 정치적 제약 설명 → 교육 효과 인정 → 전면 적대 교육 금지 → 교육권 허가 → 감시 통보 → 정식 도전 조건 제시,대비,2026년 8월 5일,준비,공개 권력 충돌 → 기존 지도자의 제한적 자기 공개 → 주인공에게 교육권과 영향력 확대 통로 생성 → 지도자 자리는 아직 유지됨,"관계 갈등, 교육·전승, 권한·위계, 조직·제도",Yes,"주인공, 지도자 A","154화 74,393~74,579행",기존 권력이 전면 굴복 없이 권한·금지선·도전 조건을 함께 넘기는 장면 (%EA%B8%B0%EC%A1%B4%20%EA%B6%8C%EB%A0%A5%EC%9D%B4%20%EC%A0%84%EB%A9%B4%20%EA%B5%B4%EB%B3%B5%20%EC%97%86%EC%9D%B4%20%EA%B6%8C%ED%95%9C%C2%B7%EA%B8%88%EC%A7%80%EC%84%A0%C2%B7%EB%8F%84%EC%A0%84%20%EC%A1%B0%EA%B1%B4%EC%9D%84%20%ED%95%A8%EA%BB%98%20%EB%84%98%EA%B8%B0%EB%8A%94%20%EC%9E%A5%EB%A9%B4%203b2baa79eaae81fd92e2e5d5e423e41c.csv),공개 도전과 물리적 충돌 뒤에도 두 인물이 집단 생존 문제에는 일부 공통 판단을 가짐,즉시 승계가 아니라 강해져 정식으로 도전하라는 조건과 감시 약속을 받은 채 종료,Yes,과거 실패 → 현재 인정 → 금지선 → 허가 → 감시 → 미래 도전 순서,물리적 충돌 뒤 주인공이 기존 지도자의 공간에서 깨어나며 비공개 대화가 시작됨,중간,"권한 이동, 신뢰 보류, 의무 부여, 조건부 수락, 한계 인정","권한 이동, 의례·절차, 조건 협상, 책임 분리, 한계 인정","주인공이 군중 앞에서 도전 조건을 과장 없이 공개하고, 곧바로 기존 교육의 과잉 경계를 수정함"
대표가 모든 일을 직접 떠안지 않고 내부 정체성 역할과 외부 전문 기능을 분리하는 장면,REF-46,"조직의 빈 금고와 인력 공백을 확인한 대표는 막막함을 느끼지만, 곧 문제를 우선순위 목록으로 바꾸고 동료의 잡무 거부도 받아들인다.",운영 공백 확인 → 과제 우선순위화 → 동료의 잡무 거부 → 기존 관리자 사정 공개 → 내부 인력 한계 확인 → 역할 분리 → 외부 전문가 고용 결정,대표,2026년 8월 5일,준비,대표 개인에게 운영 책임 집중 → 내부 역할과 행정 기능 분리 → 외부 전문 인력 접근권 생성,"교육·전승, 권한·위계, 조직·제도",Yes,"대표, 내부 동료 A, 은퇴한 관리자들","452화 223,350~223,490행",대표가 내부 정체성 역할과 외부 전문 기능을 분리하는 장면 (%EB%8C%80%ED%91%9C%EA%B0%80%20%EB%82%B4%EB%B6%80%20%EC%A0%95%EC%B2%B4%EC%84%B1%20%EC%97%AD%ED%95%A0%EA%B3%BC%20%EC%99%B8%EB%B6%80%20%EC%A0%84%EB%AC%B8%20%EA%B8%B0%EB%8A%A5%EC%9D%84%20%EB%B6%84%EB%A6%AC%ED%95%98%EB%8A%94%20%EC%9E%A5%EB%A9%B4%203b2baa79eaae81faa736f2f4be5435a2.csv),새 대표가 운영 공백을 떠안았지만 내부 구성원의 정체성 역할과 행정 능력이 일치하지 않음,내부 인력에게 모든 기능을 강요하지 않고 외부 전문가 고용을 결정함,Yes,운영 실패 결과 → 기존 관리자들의 사정 → 내부 후보의 능력 한계 → 역할 분리 대안,대표가 조직의 문제를 퀘스트처럼 분류하며 첫 과제를 정함,중간,"권한 이동, 역할 교체, 의무 해제, 책임 수용","권한 이동, 역할 교체, 책임 분리, 행동 우선",외부 행정 전문가를 실제 필요로 고용하고 통계·재정·도시 계획 부서를 만드는 장면으로 이어짐
구제보다 실제 필요를 먼저 제시하고 현장에서 직무·권한·미래 지위를 나눠 조직을 만드는 장면,REF-46,실직한 전문가는 도움만 받는 제안에는 거리를 두지만 자기 능력이 실제로 필요하다는 말을 듣고 수락한다. 현장 공포 뒤 업무를 나누면서 의욕을 회복한다.,실직 확인 → 실제 필요 직무 제안 → 급여 협상 → 업무 장소 오해 → 낯선 현장 진입 → 문제 확인 → 전문 분야별 역할 분담 → 미래 부서장 지위 제시 → 노동 부담 노출,대표,2026년 8월 5일,준비,실직 전문가와 행정 공백 → 필요와 보수가 맞는 고용 관계 → 부서·권한·장래 지위를 가진 조직 생성,"권한·위계, 조직·제도, 협상·거래",Yes,"대표, 전문가 A, 전문가 B·C·D, 내부 구성원들","453~454화 223,899~224,329행",실직한 전문가를 실제 필요로 고용하고 현장에서 부서 권한을 나누는 장면 (%EC%8B%A4%EC%A7%81%ED%95%9C%20%EC%A0%84%EB%AC%B8%EA%B0%80%EB%A5%BC%20%EC%8B%A4%EC%A0%9C%20%ED%95%84%EC%9A%94%EB%A1%9C%20%EA%B3%A0%EC%9A%A9%ED%95%98%EA%B3%A0%20%ED%98%84%EC%9E%A5%EC%97%90%EC%84%9C%20%EB%B6%80%EC%84%9C%20%EA%B6%8C%ED%95%9C%EC%9D%84%20%EB%82%98%EB%88%84%EB%8A%94%20%EC%9E%A5%EB%A9%B4%203b2baa79eaae81dc8ad6dab15e4f0312.csv),실직 전문가와 행정 공백 조직의 필요가 맞지만 업무 장소와 위험에 대한 정보는 불완전함,전문가들이 실제 부서장 후보가 된 직후 과도한 노동 부담이 공개됨,Yes,필요·급여 → 장소 오해 → 현장 위험 → 실제 문제 → 직무·권한 → 비용,대표가 실직한 지인에게 친구의 호의가 아니라 행정 능력이 필요하다고 말함,중간,"권리 생성, 권한 이동, 역할 교체, 협상 성립","권한 이동, 역할 교체, 조건 협상, 책임 분리",전문가 A가 이후 교육·고용·보상 체계를 먼저 실행해 대표의 제도 책임을 실제 운영으로 확장함
외부 전문 인력을 단기 대행자로 쓰지 않고 교육·감독 단위와 결정권 위임까지 설계하는 장면,REF-46,외부 전문가는 내부 작업자의 힘을 인정하면서도 지속 불가능성을 지적한다. 대표의 전면 위임에 놀라지만 전문성 신뢰를 확인한 뒤 책임을 수락한다.,외부 전문가 투입 → 단순·전문 노동 분업 → 내부 교육 부재 인식 → 기술 시범 → 학습 확인 → 전문가 1인당 작업자 10인 감독 구조 → 준비 전체 위임 → 전문성 신뢰 발화,대표,2026년 8월 5일,준비,외부 전문가가 부족한 기술을 대신함 → 내부 작업자에게 기술 전승 → 감독 구조 생성 → 전문가에게 실제 결정권 위임,"교육·전승, 권한·위계, 조직·제도",Yes,"대표, 외부 전문가들, 내부 작업자들","651화 311,157~311,259행",외부 전문가를 단기 대행자가 아니라 교육·감독자와 결정권자로 쓰는 장면 (%EC%99%B8%EB%B6%80%20%EC%A0%84%EB%AC%B8%EA%B0%80%EB%A5%BC%20%EB%8B%A8%EA%B8%B0%20%EB%8C%80%ED%96%89%EC%9E%90%EA%B0%80%20%EC%95%84%EB%8B%88%EB%9D%BC%20%EA%B5%90%EC%9C%A1%C2%B7%EA%B0%90%EB%8F%85%EC%9E%90%EC%99%80%20%EA%B2%B0%EC%A0%95%EA%B6%8C%EC%9E%90%EB%A1%9C%20%EC%93%B0%EB%8A%94%20%EC%9E%A5%EB%A9%B4%203b2baa79eaae81b8b02ad44c21464b2f.csv),내부 인력의 물리적 강점과 외부 인력의 전문 지식을 단기 성과와 장기 자립에 함께 써야 함,중요하기 때문에 최고의 전문가에게 맡긴다는 발화로 결정권 위임이 확정됨,Yes,현재 분업 효과 → 장기 지속 한계 → 교육 → 감독 구조 → 결정권 위임,내부 작업의 기술 한계를 확인한 대표가 외부 전문 조직에 도움을 요청함,중간,"권한 이동, 신뢰 시험, 전승, 책임 수용","권한 이동, 전승·계승, 책임 분리, 행동 증명","사업자 등록과 직원화, 성인·아이의 교육 경로가 만들어지며 단기 교육이 고용 제도로 확대됨"
새 노동의 가치를 설교하지 않고 기존 인정 체계에 연결한 뒤 장점과 결함을 함께 평가하는 장면,REF-46,구성원들은 전투가 아닌 작업에서도 환호하고 경쟁한다. 대표는 선택지 확대를 기뻐하지만 평가 뒤 뚜렷한 기술 결함을 보고 고민한다.,비전투 시험에 대한 열광 → 보상·칭찬의 원인 공개 → 기존 인정 욕구 해석 → 새 직업 선택 가능성 인식 → 실제 작업 관찰 → 장점 평가 → 결함 평가 → 교육 문제 제기,대표,2026년 8월 5일,준비,전투만 인정받는 집단 → 비전투 노동도 명예와 보상을 제공 → 직업 선택지 생성 → 현재 기술 한계 확인,"교육·전승, 성장·실패, 조직·제도, 평가·판정",Yes,"대표, 실무자 A, 내부 구성원들","650화 311,053~311,155행",비전투 노동을 기존 인정 체계에 연결하고 장점과 결함을 함께 평가하는 장면 (%EB%B9%84%EC%A0%84%ED%88%AC%20%EB%85%B8%EB%8F%99%EC%9D%84%20%EA%B8%B0%EC%A1%B4%20%EC%9D%B8%EC%A0%95%20%EC%B2%B4%EA%B3%84%EC%97%90%20%EC%97%B0%EA%B2%B0%ED%95%98%EA%B3%A0%20%EC%9E%A5%EC%A0%90%EA%B3%BC%20%EA%B2%B0%ED%95%A8%EC%9D%84%20%ED%95%A8%EA%BB%98%20%ED%8F%89%EA%B0%80%ED%95%98%EB%8A%94%20%EC%9E%A5%EB%A9%B4%203b2baa79eaae817e98c9c3d627c3f397.csv),구성원의 기존 가치 기준은 강한 전투와 공개 인정에 묶여 있으나 비전투 기술을 지속적으로 배워야 함,새 직업의 가능성을 확인한 뒤 현재 실력만으로는 부족하다는 교육 문제로 종료,Yes,열의 → 보상 구조 → 욕망 해석 → 가능성 → 실제 능력의 장단점,대표가 비전투 작업 솜씨를 점검하러 온 사실이 구성원에게 공개됨,중간,"보상 지급, 성장 증명, 판정 확정, 한계 인정","공적 인정, 판정, 한계 인정, 행동 증명",외부 전문가의 교육·감독 단위를 도입하고 법적 고용 조직까지 만드는 장면으로 이어짐
비수록 정보를 공개해 사실성보다 은폐 범위와 타인의 다음 행동을 시험하는 장면,REF-46,"주인공은 첫 정보 선택을 오래 고민하고, 발화 뒤 상대들의 시선과 반응에서 누가 알고 있었는지 계산한다.",공개 정보 선택 → 비수록 생존 사실 발화 → 검증 장치 반응 → 참가자 놀람 → 제작자의 공유 범위 추론 → 연구·정치 행동 선언,대표,2026년 8월 5일,준비,주인공 독점 정보 → 공개 검증된 집단 정보 → 제작자의 은폐 범위에 대한 새 가설 → 여러 사람의 연구 목표와 행동 변화,"정보·비밀, 조직·제도, 평가·판정",Yes,"주인공, 제작자 A, 연구자들","309~310화 153,313~153,415행",기억에 없던 생존 정보를 공개해 은폐 범위와 후속 연구를 시험하는 장면 (%EA%B8%B0%EC%96%B5%EC%97%90%20%EC%97%86%EB%8D%98%20%EC%83%9D%EC%A1%B4%20%EC%A0%95%EB%B3%B4%EB%A5%BC%20%EA%B3%B5%EA%B0%9C%ED%95%B4%20%EC%9D%80%ED%8F%90%20%EB%B2%94%EC%9C%84%EC%99%80%20%ED%9B%84%EC%86%8D%20%EC%97%B0%EA%B5%AC%EB%A5%BC%20%EC%8B%9C%ED%97%98%ED%95%98%EB%8A%94%20%EC%9E%A5%EB%A9%B4%203b2baa79eaae81f28813cfe16f880a4f.csv),주인공만 아는 비수록 정보를 제작자와 다른 고인물 앞에서 공개할 범위를 정해야 함,정보의 정답 설명이 아니라 각 참석자의 연구·정치 행동이 시작되는 것으로 닫힘,Yes,한 문장 정보 → 장치 판정 → 시선과 침묵 → 공유 범위 추론 → 타인의 후속 행동,새 집회의 첫 정보 제공자로 지목됨,높음,"권리 생성, 신뢰 시험, 정보 공개, 판정 확정","시선 교환, 정보 공개, 판정, 행동 증명",숨겨진 역사 정보가 주인공 개인 지식에서 집단 연구와 세력 판단으로 확장됨
정석 성장 순서와 다른 현재 상태를 과거 선택의 연쇄 효과로 역산하는 장면,REF-46,익숙한 보상을 다시 만난 주인공은 단순한 중복에 멈추지 않고 처음 희귀 획득이 이후 전투를 가능하게 한 흐름을 떠올린다.,정석 대상 발견 → 기억 속 획득 순서 확인 → 현재는 이미 보유함을 인식 → 최초 희귀 획득 회상 → 이후 전투 가능성 연쇄 역산,대비,2026년 8월 5일,준비,정석 순서에서 벗어난 현재 → 데이터 오류처럼 보이는 차이 → 선행 선택이 만든 새로운 현실 경로로 재분류,"성장·실패, 전투·대결, 평가·판정",Yes,"주인공, 원정대","409화 199,279~199,311행",정석 성장 순서가 현실의 선행 선택 연쇄로 뒤집힌 것을 역산하는 장면 (%EC%A0%95%EC%84%9D%20%EC%84%B1%EC%9E%A5%20%EC%88%9C%EC%84%9C%EA%B0%80%20%ED%98%84%EC%8B%A4%EC%9D%98%20%EC%84%A0%ED%96%89%20%EC%84%A0%ED%83%9D%20%EC%97%B0%EC%87%84%EB%A1%9C%20%EB%92%A4%EC%A7%91%ED%9E%8C%20%EA%B2%83%EC%9D%84%20%EC%97%AD%EC%82%B0%ED%95%98%EB%8A%94%20%EC%9E%A5%EB%A9%B4%203b2baa79eaae817b9019ea52cf76a385.csv),정석 성장 경로의 대상을 처음 만났지만 보상은 더 이른 다른 경로에서 이미 획득함,현재 성장 순서의 시작점을 과거의 희귀 획득으로 되돌려 닫음,Yes,정석 기억 → 현재 차이 → 과거 획득 → 연쇄 효과,익숙한 몬스터를 처치하고 정수 획득 순서를 떠올림,중간,"성장 증명, 정보 공개, 판정 번복","시간 경과, 오해·재해석, 판정",이후 성장 선택도 정석 후보표가 아니라 현재 누적 조합과 삭제 비용으로 재계산됨
발견한 물품의 기능을 아는 범위와 모르는 범위로 나눠 전문가에게 넘기는 장면,REF-46,"새 물품에는 기대가 생기지만 현장 반응이 없고, 익숙한 물품도 외형 차이가 보이자 주인공과 전문가 모두 확정 표현을 피한다.",기록을 따라 물품 발견 → 귀속 확정 → 현장 반응 없음 → 전문 감정 이관 / 익숙한 이름 식별 → 외형 차이 발견 → 개량 가능성 언급 → 연구실 이관,대표,2026년 8월 5일,준비,물품 발견과 이름 식별 → 기능을 안다는 착각 가능 → 현재 물품의 판정 보류 → 전문가의 후속 조사권 생성,"정보·비밀, 평가·판정, 협상·거래",Yes,"주인공, 마법사 A, 전문가 B, 동료들","171~172화 82,855~82,925행 / 447화 220,681~220,733행","기억에 없던 물품을 확보한 뒤 현장 판정을 멈추고 전문가에게 넘기는 장면 (%EA%B8%B0%EC%96%B5%EC%97%90%20%EC%97%86%EB%8D%98%20%EB%AC%BC%ED%92%88%EC%9D%84%20%ED%99%95%EB%B3%B4%ED%95%9C%20%EB%92%A4%20%ED%98%84%EC%9E%A5%20%ED%8C%90%EC%A0%95%EC%9D%84%20%EB%A9%88%EC%B6%94%EA%B3%A0%20%EC%A0%84%EB%AC%B8%EA%B0%80%EC%97%90%EA%B2%8C%20%EB%84%98%EA%B8%B0%EB%8A%94%20%EC%9E%A5%EB%A9%B4%203b2baa79eaae819aa6d3d4bb73a73ad6.csv), 익숙한 물품의 형태 차이를 개량 가능성으로 남기고 전문가 연구에 넘기는 장면 (%EC%9D%B5%EC%88%99%ED%95%9C%20%EB%AC%BC%ED%92%88%EC%9D%98%20%ED%98%95%ED%83%9C%20%EC%B0%A8%EC%9D%B4%EB%A5%BC%20%EA%B0%9C%EB%9F%89%20%EA%B0%80%EB%8A%A5%EC%84%B1%EC%9C%BC%EB%A1%9C%20%EB%82%A8%EA%B8%B0%EA%B3%A0%20%EC%A0%84%EB%AC%B8%EA%B0%80%20%EC%97%B0%EA%B5%AC%EC%97%90%20%EB%84%98%EA%B8%B0%EB%8A%94%20%EC%9E%A5%EB%A9%B4%203b2baa79eaae818083b8ce5f0cb13151.csv)",미지 물품이거나 익숙한 이름을 가졌지만 형태·제조 주체가 달라 현재 효과를 확정할 수 없음,발견 보상은 유지하되 사용과 정확한 기능 판정을 후속 전문가에게 넘김,Yes,아는 정보 → 현재 불일치 → 추정의 한계 → 전문가 이관,기록 또는 비밀 보관함에서 물품을 발견함,중간,"권한 이동, 선택 유예, 정보 공개, 한계 인정","권한 이동, 선택 유예, 책임 분리, 판정",분석 결과가 나올 때까지 물품은 답이 아니라 보존된 질문으로 기능함
기억 속 선택지를 현실 비용으로 다시 계산하고 확신을 다음 회차에서 재개방하는 장면,REF-46,주인공은 효율을 중시하지만 실제 목숨이 걸리자 결정을 미루고 뒷걸음질한다. 입장 뒤 확신도 다음 회차 첫 문단에서 과거형으로 바뀐다.,기억 속 생계 제한 회상 → 도시 잔류 비용 계산 → 현재 신체 상태 비교 → 죽음 공포 확인 → 입장 선택 → 화말 확신 → 다음 회차 과거형 반전,대표,2026년 8월 5일,준비,기억상 즉시 실행 가능한 선택 → 현실 비용을 가진 가설 → 가장 합리적인 임시 선택 → 곧 검증될 확신,"시간·기다림, 위기·생존, 평가·판정",Yes,"주인공, 동료 A","3화 959~1,223행 + 4화 1,225~1,235행",생계와 죽음 비용을 함께 계산한 뒤 위험 구역에 들어가는 장면 (%EC%83%9D%EA%B3%84%EC%99%80%20%EC%A3%BD%EC%9D%8C%20%EB%B9%84%EC%9A%A9%EC%9D%84%20%ED%95%A8%EA%BB%98%20%EA%B3%84%EC%82%B0%ED%95%9C%20%EB%92%A4%20%EC%9C%84%ED%97%98%20%EA%B5%AC%EC%97%AD%EC%97%90%20%EB%93%A4%EC%96%B4%EA%B0%80%EB%8A%94%20%EC%9E%A5%EB%A9%B4%203b2baa79eaae81e6bcbdc75ba6301da6.csv),기억 속 정답이 있지만 현실의 생계·신체·죽음 비용이 추가되고 결정 마감이 임박함,선택은 확정하지만 다음 회차 첫 문단에서 그 확신을 과거형으로 바꿔 검증 대상으로 남김,Yes,기억 규칙 → 현실 비용 → 타인의 두려움 → 선택 → 확신 → 다음 회차 반전,현재 가장 큰 고민을 직접 명시한 뒤 가능한 생계 선택지를 비교함,높음,"선택 유예, 시간 압박, 판정 번복, 판정 확정","선택 유예, 시간 경과, 시간 압박, 판정",첫 대규모 전투에서 수치 밖 공포·구토·시전 반동이 실제 반례로 발생함
예상보다 좋은 현장 조건도 정찰·행동 제한·주변 확인 뒤에만 채택하는 장면,REF-46,동료가 일이 너무 잘 풀린다고 말하자 주인공은 농담으로 넘기지만 속으로 계속 병력과 주변 변수를 계산한다.,예상보다 적은 적 확인 → 원인 가설 → 추가 정찰 명령 → 회복 지시 → 소음 큰 기술 금지 → 불길함 대화 → 주변 변수 확인 → 공격 준비,대비,2026년 8월 5일,준비,유리한 징후 → 함정 가능성이 남은 미확정 정보 → 검증 절차 통과 → 행동 가능한 현재 판단,"위기·생존, 전투·대결, 평가·판정",Yes,"주인공, 동료 A, 지휘관 B, 척후조","409화 199,313~199,423행",예상보다 쉬운 적 배치를 낙관하지 않고 정찰과 행동 제한으로 검증하는 장면 (%EC%98%88%EC%83%81%EB%B3%B4%EB%8B%A4%20%EC%89%AC%EC%9A%B4%20%EC%A0%81%20%EB%B0%B0%EC%B9%98%EB%A5%BC%20%EB%82%99%EA%B4%80%ED%95%98%EC%A7%80%20%EC%95%8A%EA%B3%A0%20%EC%A0%95%EC%B0%B0%EA%B3%BC%20%ED%96%89%EB%8F%99%20%EC%A0%9C%ED%95%9C%EC%9C%BC%EB%A1%9C%20%EA%B2%80%EC%A6%9D%ED%95%98%EB%8A%94%20%EC%9E%A5%EB%A9%B4%203b2baa79eaae81ef9e3dc70fa3a2983f.csv),기억 속 작전 구도와 대체로 맞지만 실제 적 병력이 지나치게 적어 별도 함정 가능성이 남음,좋은 징후를 믿어서가 아니라 주변 변수를 다시 확인한 뒤 공격을 명령함,Yes,유리한 관측 → 의심 → 행동 제한 → 추가 관측 → 임시 확정,목표 거점을 관측하고 예상보다 적은 수비 병력을 확인함,중간,"시간 압박, 신뢰 보류, 책임 수용, 판정 확정","긴장 유지, 책임 분리, 판정, 행동 우선",선행 지식은 공격 방향을 주지만 실제 개시 시점은 현재 정찰 결과가 결정함
축소된 기억 좌표를 현지 증언과 대조해 시대차 가설로 바꾸는 장면,REF-46,"익숙한 장소를 찾지 못한 주인공은 당황하지만, 현지인의 오래된 기억을 듣자 즉시 감사하고 후속 조사 계획을 세운다.",기억 좌표 확인 → 실제 규모 불일치 → 주변 질문 → 다수의 무지 → 오래된 현지 증언 → 시대차 가설 강화 → 도서관 조사 계획 → 현장 이동,대표,2026년 8월 5일,준비,기억 속 위치 정보 → 현재 도시에서 불충분한 방향 정보 → 시대차를 설명하는 가설과 후속 조사 좌표,"위기·생존, 정보·비밀, 평가·판정",Yes,"주인공, 현지 주민 A, 동료 B","17화 7,427~7,465행",축소된 기억 지도와 현지 증언을 대조해 시대차 가설을 세우는 장면 (%EC%B6%95%EC%86%8C%EB%90%9C%20%EA%B8%B0%EC%96%B5%20%EC%A7%80%EB%8F%84%EC%99%80%20%ED%98%84%EC%A7%80%20%EC%A6%9D%EC%96%B8%EC%9D%84%20%EB%8C%80%EC%A1%B0%ED%95%B4%20%EC%8B%9C%EB%8C%80%EC%B0%A8%20%EA%B0%80%EC%84%A4%EC%9D%84%20%EC%84%B8%EC%9A%B0%EB%8A%94%20%EC%9E%A5%EB%A9%B4%203b2baa79eaae8191a6fdee10de83a9c7.csv),과거 기억 속 장소의 방향은 알지만 실제 도시 규모와 현재 명칭이 다름,가설을 정답으로 닫지 않고 기록 조사와 바뀐 현장 방문을 남김,Yes,지도 한계 → 현지인의 무지 → 특정 주민의 시간 정보 → 가설 → 후속 조사,약속 장소를 찾지 못하는 즉시 실용 문제에서 시작함,중간,"접근 허가, 정보 공개, 판정 번복","오해·재해석, 정보 공개, 판정, 행동 우선",훨씬 뒤 기억에 없던 건물·생존 기록이 발견되어 시대차와 은폐 가설을 확장함
수치상 충분한 전력을 현실의 신체·정신 반응으로 다시 평가하는 장면,REF-46,전투가 끝난 뒤 동료들은 구토하고 쓰러지며 몸이 굳었다고 고백한다. 주인공은 화내기보다 각자의 붕괴 원인을 확인한다.,전투 종료 → 후방 상태 목격 → 구토·실신·출혈 확인 → 역할 실패 질문 → 공포와 시전 반동 진술 → 남은 구성원의 구조 공로 인정,실패,2026년 8월 5일,준비,수치와 역할표상 충분한 파티 → 현실 반응 때문에 기능 붕괴 → 지원 가능 범위와 훈련 필요 재평가,"성장·실패, 전투·대결, 평가·판정",Yes,"주인공, 전위 A, 마법사 A, 동료 B·C","31화 14,391~14,485행",수치상 충분한 팀이 공포·구토·시전 반동으로 무너지는 장면 (%EC%88%98%EC%B9%98%EC%83%81%20%EC%B6%A9%EB%B6%84%ED%95%9C%20%ED%8C%80%EC%9D%B4%20%EA%B3%B5%ED%8F%AC%C2%B7%EA%B5%AC%ED%86%A0%C2%B7%EC%8B%9C%EC%A0%84%20%EB%B0%98%EB%8F%99%EC%9C%BC%EB%A1%9C%20%EB%AC%B4%EB%84%88%EC%A7%80%EB%8A%94%20%EC%9E%A5%EB%A9%B4%203b2baa79eaae81d9b708c8b7a9550d78.csv),기억 속 수치와 직업 조합은 충분하지만 실제 전투의 냄새·공포·신체 반동은 경험하지 못함,책임 추궁보다 누가 실제 한 사람 몫 이상을 했는지 재판정하며 닫힘,Yes,눈에 보이는 신체 증거 → 각자의 실패 이유 → 남은 사람의 실제 기여 판정,승리 직후 후방을 돌아보고 예상과 다른 동료 상태를 발견함,높음,"성장 증명, 책임 수용, 판정 번복, 한계 인정","신체 증거, 판정, 한계 인정, 행동 증명",이후 지식은 전투력 숫자뿐 아니라 공포·통증·지원 의존과 현장 변수를 포함해 운용됨
직접 탐색을 중단하고 질문을 기록·주변 수색으로 넘겨 현실 전용 단서를 찾는 장면,REF-46,"주인공은 기억상 무의미한 대상에도 기대를 걸고 오래 조사하지만, 제한 시간을 확인한 뒤 미련을 끊고 다른 방법을 택한다.",기억상 무반응 대상 발견 → 현실 가능성 재검증 → 직접 조사 반복 → 시간 비용 확인 → 기록 조사 위임 → 주변 수색 전환 → 기억에 없던 구조물·일기 발견 → 물적 검증으로 이동,대비,2026년 8월 5일,준비,단일 대상에 숨은 기능이 있다는 가설 → 직접 탐색 실패 → 질문의 보존과 방법 전환 → 주변에서 현실 전용 단서 확보,"성장·실패, 위기·생존, 정보·비밀",Yes,"주인공, 마법사 A, 동료 B·C","171화 82,653~82,855행","기억에서 무반응이던 대상을 재검증하되 시간 비용 때문에 방법을 바꾸는 장면 (%EA%B8%B0%EC%96%B5%EC%97%90%EC%84%9C%20%EB%AC%B4%EB%B0%98%EC%9D%91%EC%9D%B4%EB%8D%98%20%EB%8C%80%EC%83%81%EC%9D%84%20%EC%9E%AC%EA%B2%80%EC%A6%9D%ED%95%98%EB%90%98%20%EC%8B%9C%EA%B0%84%20%EB%B9%84%EC%9A%A9%20%EB%95%8C%EB%AC%B8%EC%97%90%20%EB%B0%A9%EB%B2%95%EC%9D%84%20%EB%B0%94%EA%BE%B8%EB%8A%94%20%EC%9E%A5%EB%A9%B4%203b2baa79eaae81c5bb8ecd6a9e68fbba.csv), 포기한 대상의 주변에서 기억에 없던 건물과 기록을 발견하는 장면 (%ED%8F%AC%EA%B8%B0%ED%95%9C%20%EB%8C%80%EC%83%81%EC%9D%98%20%EC%A3%BC%EB%B3%80%EC%97%90%EC%84%9C%20%EA%B8%B0%EC%96%B5%EC%97%90%20%EC%97%86%EB%8D%98%20%EA%B1%B4%EB%AC%BC%EA%B3%BC%20%EA%B8%B0%EB%A1%9D%EC%9D%84%20%EB%B0%9C%EA%B2%AC%ED%95%98%EB%8A%94%20%EC%9E%A5%EB%A9%B4%203b2baa79eaae81f4a78ddc135e84c573.csv)",기억상 무의미한 대상에 현실 전용 단서 가능성이 있지만 제한 시간이 있고 직접 조사에 진전이 없음,질문을 폐기하지 않고 기록 조사로 남긴 채 주변 발견을 다음 검증 대상으로 바꿈,Yes,기억과 현실 충돌 → 반복 실패 → 시간 제한 → 방법 전환 → 예상 밖 주변 단서,익숙하지만 기능이 없던 랜드마크를 다시 만나는 순간부터 시작함,중간,"선택 유예, 정보 공개, 판정 번복, 한계 인정","선택 유예, 오해·재해석, 한계 인정, 행동 우선",발견한 기록이 게임에 없는 생존자·역사·물품을 연결하고 전문 감정 절차로 이어짐
구성원의 성장을 칭찬이 아니라 분배율과 공동 자원 결정권으로 기록하는 장면,REF-46,빚만 남은 구성원은 당황하고 다른 구성원들은 성장 사실을 인정한다. 후반에는 각자의 외부 의무를 말하면서 합류 시기를 조정한다.,정산 공개 → 기존 낮은 권리 확인 → 성장 전력 판정 → 분배율 인상 제안 → 집단 동의 / 공동 전리품 확인 → 사용권 논의 → 외부 직위 확인 → 합류 시기 조정,대표,2026년 8월 5일,준비,보호받는 저기여 구성원 → 성장에 맞는 경제 권리 → 공동 자원 결정권과 독립 일정 보유,"관계 형성, 권한·위계, 조직·제도, 협상·거래",Yes,"리더, 구성원 A, 파티원들","173화 83,341~83,417행 / 447화 220,825~220,889행","성장한 구성원의 기여도를 경제 권리 변화로 반영하는 장면 (%EC%84%B1%EC%9E%A5%ED%95%9C%20%EA%B5%AC%EC%84%B1%EC%9B%90%EC%9D%98%20%EA%B8%B0%EC%97%AC%EB%8F%84%EB%A5%BC%20%EA%B2%BD%EC%A0%9C%20%EA%B6%8C%EB%A6%AC%20%EB%B3%80%ED%99%94%EB%A1%9C%20%EB%B0%98%EC%98%81%ED%95%98%EB%8A%94%20%EC%9E%A5%EB%A9%B4%203b2baa79eaae81f08eb4f96502701bf9.csv), 공동 전리품과 합류 시기를 각자의 외부 책임에 맞춰 조정하는 장면 (%EA%B3%B5%EB%8F%99%20%EC%A0%84%EB%A6%AC%ED%92%88%EA%B3%BC%20%ED%95%A9%EB%A5%98%20%EC%8B%9C%EA%B8%B0%EB%A5%BC%20%EA%B0%81%EC%9E%90%EC%9D%98%20%EC%99%B8%EB%B6%80%20%EC%B1%85%EC%9E%84%EC%97%90%20%EB%A7%9E%EC%B6%B0%20%EC%A1%B0%EC%A0%95%ED%95%98%EB%8A%94%20%EC%9E%A5%EB%A9%B4%203b2baa79eaae8174ae45e2d3a1e6620d.csv)",구성원의 실제 기여와 외부 책임이 달라 기존 분배와 합류 방식이 더 이상 맞지 않음,감정 확인보다 다음 탐사에 적용될 권리와 일정이 바뀌며 닫힘,Yes,성과와 비용 → 권리 재계산 → 집단 동의 → 외부 책임 → 공동 일정,탐사 정산 또는 공동 전리품 사용 논의에서 시작함,중간,"관계 재분류, 권리 생성, 권한 이동, 협상 성립","권한 이동, 조건 협상, 책임 분리, 행동 증명",파티 결원도 즉시 충원하지 않고 검증된 책임 관계만 조직에 등록함
동료를 구하기 전 자기 장비와 역할에 보호 비용을 먼저 지불하는 장면,REF-46,공격력 상승을 포기하는 아쉬움보다 앞으로 동료를 지킬 수 있다는 효율 판단이 앞선다.,현재 능력 변화 확인 → 상층 파티 조건 확인 → 무기와 방패 비교 → 공격 역할 포기 → 보호 역할 장비 구매 → 기능 슬롯 모집,대표,2026년 8월 5일,준비,개인 공격 효율 중심 → 다인 파티 전제 → 보호 역할의 선지출 → 아직 검증되지 않은 동료 모집,"관계 형성, 보호·희생, 평가·판정",Yes,"주인공, 지원자 A, 임시 팀장 B","47화 22,223~22,299행 / 49화 22,970~23,005행","공격 역할을 포기하고 동료를 살리는 방어 역할로 자신을 재설계하는 장면 (%EA%B3%B5%EA%B2%A9%20%EC%97%AD%ED%95%A0%EC%9D%84%20%ED%8F%AC%EA%B8%B0%ED%95%98%EA%B3%A0%20%EB%8F%99%EB%A3%8C%EB%A5%BC%20%EC%82%B4%EB%A6%AC%EB%8A%94%20%EB%B0%A9%EC%96%B4%20%EC%97%AD%ED%95%A0%EB%A1%9C%20%EC%9E%90%EC%8B%A0%EC%9D%84%20%EC%9E%AC%EC%84%A4%EA%B3%84%ED%95%98%EB%8A%94%20%EC%9E%A5%EB%A9%B4%203b2baa79eaae8122a29ff620134530a2.csv), 결함 있는 지원자를 기능과 통제 가능성으로 먼저 모집하는 장면 (%EA%B2%B0%ED%95%A8%20%EC%9E%88%EB%8A%94%20%EC%A7%80%EC%9B%90%EC%9E%90%EB%A5%BC%20%EA%B8%B0%EB%8A%A5%EA%B3%BC%20%ED%86%B5%EC%A0%9C%20%EA%B0%80%EB%8A%A5%EC%84%B1%EC%9C%BC%EB%A1%9C%20%EB%A8%BC%EC%A0%80%20%EB%AA%A8%EC%A7%91%ED%95%98%EB%8A%94%20%EC%9E%A5%EB%A9%B4%203b2baa79eaae81e2a105d3aedf36ee55.csv)",다인 파티가 필요하지만 구성원은 아직 모집되지 않았고 필수 기능 지원자에게 결함이 있음,보호 장비를 갖춘 뒤 지원자를 동료라 호명하지만 내부 판단은 기능과 통제 가능성에 남음,Yes,역할 비용 선지출 → 지원자 결함 → 기능 가치 → 동료 호칭과 통제 계산 병치,개인 장비 구매 선택에서 시작해 이후 모집 판단으로 넘어감,높음,"관계 시작, 보호 약속, 역할 교체, 조건부 수락","역할 교체, 조건 협상, 책임 분리, 행동 증명",첫 공동 실패 뒤 구성원들이 기능 슬롯을 넘어 결함과 추방 이력을 공개함
구성원의 의견을 듣되 최종 생사 결정과 실패 책임은 리더가 맡는 장면,REF-46,"동료들이 의견을 말하는 동안 리더는 선택을 미루지만, 결정을 떠넘길 수 없다는 사실과 실제 죽음의 무게를 자각한다.",위험과 선택지 공개 → 구성원 의견 청취 → 의견 차이 확인 → 최종 판단 요구 → 실제 죽음 상상 → 리더 결정 → 실행 책임 수용,대표,2026년 8월 5일,준비,개별 의견 집합 → 공동 검토 → 리더의 최종 결정권 → 실패 시 귀속되는 실제 책임,"권한·위계, 보호·희생, 위기·생존, 평가·판정",Yes,"리더, 구성원들","208화 101,579~101,713행",구성원 의견을 들은 뒤 최종 생사 결정을 리더가 떠안는 장면 (%EA%B5%AC%EC%84%B1%EC%9B%90%20%EC%9D%98%EA%B2%AC%EC%9D%84%20%EB%93%A4%EC%9D%80%20%EB%92%A4%20%EC%B5%9C%EC%A2%85%20%EC%83%9D%EC%82%AC%20%EA%B2%B0%EC%A0%95%EC%9D%84%20%EB%A6%AC%EB%8D%94%EA%B0%80%20%EB%96%A0%EC%95%88%EB%8A%94%20%EC%9E%A5%EB%A9%B4%203b2baa79eaae819e8f3dff2a56f85485.csv),어느 선택도 생존을 보장하지 못하고 집단 행동에는 하나의 최종 결정이 필요함,다수결 뒤 숨지 않고 리더가 마지막 선택과 결과 책임을 명시적으로 떠안음,Yes,정보 공유 → 의견 → 책임 공백 → 리더의 실제 죽음 인식 → 최종 결정,외부 위기에 합류할지 파티 회의를 여는 장면에서 시작함,높음,"권한 이동, 의무 부여, 책임 수용, 판정 확정","권한 이동, 대사 우선, 책임 분리, 판정",결정 실패 뒤 생존 구성원이 리더에게 전부 전가하지 않고 자기 동의의 책임도 인정함
버림받은 집단이 직함이 아니라 함께 위험을 감수한 행동으로 새 리더를 선택하는 장면,REF-46,"버림받은 구성원들은 기존 리더에게 분노하고, 자신들과 남아 싸운 인물에게 기대와 의존을 보인다.",기존 리더 이탈 → 버려진 집단 혼란 → 함께 남은 인물의 행동 → 생존 경로 제시 → 구성원들의 자발적 집결 → 새 지휘권 인정,대표,2026년 8월 5일,준비,직함을 가진 리더와 팀 → 리더의 자기 생존 선택으로 계약 파기 → 위험을 공유한 행동자에게 지휘권 이동,"관계 갈등, 권한·위계, 위기·생존, 조직·제도",Yes,"새 리더, 버림받은 구성원들, 기존 리더들","211~212화 103,615~103,971행",버림받은 집단이 직함보다 위험을 함께 감수한 행동으로 새 리더를 선택하는 장면 (%EB%B2%84%EB%A6%BC%EB%B0%9B%EC%9D%80%20%EC%A7%91%EB%8B%A8%EC%9D%B4%20%EC%A7%81%ED%95%A8%EB%B3%B4%EB%8B%A4%20%EC%9C%84%ED%97%98%EC%9D%84%20%ED%95%A8%EA%BB%98%20%EA%B0%90%EC%88%98%ED%95%9C%20%ED%96%89%EB%8F%99%EC%9C%BC%EB%A1%9C%20%EC%83%88%20%EB%A6%AC%EB%8D%94%EB%A5%BC%20%EC%84%A0%ED%83%9D%ED%95%98%EB%8A%94%20%EC%9E%A5%EB%A9%B4%203b2baa79eaae8158b8caf5fee2b5a6ce.csv),기존 지휘자가 구성원을 버렸고 즉시 행동 가능한 새 지휘 체계가 필요함,새 리더가 자칭하는 것이 아니라 구성원들이 그에게 붙으며 권한이 사실화됨,Yes,버림 행위 → 생존 위기 → 대안 행동 → 집단 이동 → 지휘권 확정,기존 리더들이 탈출하며 남은 구성원을 버리는 사건으로 시작함,높음,"관계 단절, 관계 재분류, 권한 이동, 접근 허가","관계 파열, 권한 이동, 판정, 행동 증명",실제 사망이 발생한 뒤에도 생존자는 새 리더에게 전부 책임을 전가하지 않고 자신의 선택을 함께 인정함
보호 충동의 실패를 판정한 뒤 결함 고백의 연쇄로 공동체를 만드는 장면,REF-46,리더는 공개 사과하고 자책한다. 서툰 위로가 시작되자 다른 구성원들도 열등감과 실패를 차례로 털어놓는다.,동료 모욕 → 리더 선공 → 물리적 제지 → 안전 확보 → 공개 사과 → 위험 책임 판정 → 보호 동기 인정 → 결함 고백 연쇄 → 장기 동행 발화,실패,2026년 8월 5일,준비,기능 슬롯 집합 → 리더 실패로 붕괴 가능 → 책임과 동기 분리 → 서로의 결함을 아는 장기 팀,"관계 갈등, 관계 형성, 보호·희생, 성장·실패",Yes,"주인공, 리더 A, 동료 B·C·D, 적대 집단","52~53화 24,480~24,767행","보호 충동으로 팀을 위험에 빠뜨린 리더가 책임과 동기를 분리해 판정받는 장면 (%EB%B3%B4%ED%98%B8%20%EC%B6%A9%EB%8F%99%EC%9C%BC%EB%A1%9C%20%ED%8C%80%EC%9D%84%20%EC%9C%84%ED%97%98%EC%97%90%20%EB%B9%A0%EB%9C%A8%EB%A6%B0%20%EB%A6%AC%EB%8D%94%EA%B0%80%20%EC%B1%85%EC%9E%84%EA%B3%BC%20%EB%8F%99%EA%B8%B0%EB%A5%BC%20%EB%B6%84%EB%A6%AC%ED%95%B4%20%ED%8C%90%EC%A0%95%EB%B0%9B%EB%8A%94%20%EC%9E%A5%EB%A9%B4%203b2baa79eaae813eabceca9137c48b7a.csv), 리더 실패 뒤 각자의 결함을 공개하며 장기 동행을 선택하는 장면 (%EB%A6%AC%EB%8D%94%20%EC%8B%A4%ED%8C%A8%20%EB%92%A4%20%EA%B0%81%EC%9E%90%EC%9D%98%20%EA%B2%B0%ED%95%A8%EC%9D%84%20%EA%B3%B5%EA%B0%9C%ED%95%98%EB%A9%B0%20%EC%9E%A5%EA%B8%B0%20%EB%8F%99%ED%96%89%EC%9D%84%20%EC%84%A0%ED%83%9D%ED%95%98%EB%8A%94%20%EC%9E%A5%EB%A9%B4%203b2baa79eaae81cd89fcee5b9c3e2179.csv)",리더의 보호 충동이 공동체 전체를 위험에 빠뜨렸고 구성원 모두 숨은 결함을 가짐,사과 수용만으로 닫지 않고 구성원들이 오래 함께하고 싶다는 관계 선택으로 끝남,Yes,실패 결과 → 책임 인정 → 동기 인정 → 개별 결함 → 팀 재명명 → 장기 의사,강자 앞에서 리더가 동료 모욕에 반응하는 순간 시작함,높음,"관계 시작, 관계 재분류, 사과, 책임 수용","관계 재분류, 사과·책임, 정보 공개, 행동 증명",구성원의 성장 뒤 분배권이 올라가고 공동 전리품과 합류 시기를 함께 정하는 권리 공동체로 확장됨
재회한 옛 동료의 새 소속을 인정하고 빈자리를 성급히 채우지 않는 장면,REF-46,재회 반가움은 남지만 주인공은 현재 동료와 외부 책임을 먼저 확인한다. 결원이 있어도 아무나 넣지 않는다.,옛 동료 재회 → 현재 소속 확인 → 자동 복귀 보류 → 새 관계 인정 → 조직 등록 시 결원 확인 → 검증되지 않은 충원 거부 → 현재 구성원만 등록,대비,2026년 8월 5일,준비,과거 파티 소속 → 분리 중 새 소속과 책임 → 복귀 가능한 독립 인물 → 비어 있어도 보존되는 파티 자리,"관계 형성, 권한·위계, 이별·재회, 조직·제도",Yes,"주인공, 옛 동료 A, 현재 구성원들","382~383화 186,957~187,135행 / 446화 220,397~220,450행","옛 동료의 새 소속을 인정하고 자동 복귀를 요구하지 않는 장면 (%EC%98%9B%20%EB%8F%99%EB%A3%8C%EC%9D%98%20%EC%83%88%20%EC%86%8C%EC%86%8D%EC%9D%84%20%EC%9D%B8%EC%A0%95%ED%95%98%EA%B3%A0%20%EC%9E%90%EB%8F%99%20%EB%B3%B5%EA%B7%80%EB%A5%BC%20%EC%9A%94%EA%B5%AC%ED%95%98%EC%A7%80%20%EC%95%8A%EB%8A%94%20%EC%9E%A5%EB%A9%B4%203b2baa79eaae81e897b4ecf9276bd37c.csv), 빈 자리를 아무나 채우지 않고 검증된 관계만 조직에 등록하는 장면 (%EB%B9%88%20%EC%9E%90%EB%A6%AC%EB%A5%BC%20%EC%95%84%EB%AC%B4%EB%82%98%20%EC%B1%84%EC%9A%B0%EC%A7%80%20%EC%95%8A%EA%B3%A0%20%EA%B2%80%EC%A6%9D%EB%90%9C%20%EA%B4%80%EA%B3%84%EB%A7%8C%20%EC%A1%B0%EC%A7%81%EC%97%90%20%EB%93%B1%EB%A1%9D%ED%95%98%EB%8A%94%20%EC%9E%A5%EB%A9%B4%203b2baa79eaae81e196b0ef5b5b009b04.csv)",장기 분리 뒤 옛 동료가 새 책임을 얻었고 현재 파티에는 결원이 있음,친밀감으로 복귀를 확정하지 않고 현재 관계만 조직에 등록함,Yes,재회 감정 → 현재 소속 → 복귀 보류 → 조직 결원 → 충원 보류,옛 동료와 재회하거나 조직 등록을 준비하는 실무 장면에서 시작함,중간,"거리 확보, 관계 재분류, 권리 생성, 선택 유예","거리 유지, 관계 재분류, 선택 유예, 책임 분리",공동 전리품과 합류 시기는 각자의 외부 책임을 반영해 공동 조정됨
실패 뒤 리더의 결정 책임과 구성원의 선택 책임을 동시에 남기는 장면,REF-46,"상실한 구성원은 원망보다 자기 선택을 말하고, 리더는 안도하거나 위로로 덮지 못한 채 결과를 받아들인다.",사망 결과 확인 → 리더의 책임 의식 → 생존자의 반응 대기 → 원망 거부 → 자기 선택 인정 → 공동 책임의 잔여,미해결,2026년 8월 5일,준비,공동 결정 → 실제 상실 → 책임 전가 가능성 → 리더와 구성원 양쪽에 남는 책임,"관계 갈등, 보호·희생, 상실·애도, 평가·판정",Yes,"리더, 상실한 구성원 A","216화 106,059~106,163행",실패 뒤 생존자가 리더와 자기 선택의 책임을 함께 인정하는 장면 (%EC%8B%A4%ED%8C%A8%20%EB%92%A4%20%EC%83%9D%EC%A1%B4%EC%9E%90%EA%B0%80%20%EB%A6%AC%EB%8D%94%EC%99%80%20%EC%9E%90%EA%B8%B0%20%EC%84%A0%ED%83%9D%EC%9D%98%20%EC%B1%85%EC%9E%84%EC%9D%84%20%ED%95%A8%EA%BB%98%20%EC%9D%B8%EC%A0%95%ED%95%98%EB%8A%94%20%EC%9E%A5%EB%A9%B4%203b2baa79eaae8181ba46d1ed2766f10d.csv),리더가 결정하고 구성원이 동의한 행동 뒤 실제 사망자가 발생함,용서나 화해를 확정하지 않고 양쪽 책임이 해소되지 않은 상태로 남김,Yes,결과 → 리더 책임 → 상대 반응 → 자기 선택 책임 → 미해결 잔여,위기가 끝난 뒤 사망자의 가까운 구성원과 마주하는 장면에서 시작함,높음,"긴장 유지, 애도, 책임 수용, 한계 인정","사과·책임, 책임 분리, 침묵, 한계 인정",장기 분리 뒤 옛 동료의 새 소속을 인정하고 자동 복귀를 요구하지 않는 판단으로 이어짐
붕괴 중 사람 회수를 전력 편입·공동체 자격·집단 생존 논리로 나눠 판정하는 장면,REF-46,"주인공은 낙오자를 구조하며 능력을 즉시 확인하지만, 죽은 동료를 모욕하는 생존자에게는 배제 충동을 느낀다. 추가 구조는 감상이 아니라 생존 확률로 설명한다.",흩어진 동료 수색 → 낙오자 구조 → 능력 확인과 임시 편입 → 유용한 생존자 추가 구조 → 사망 동료 모욕 → 공동체 자격 재평가 → 좌석 한계 논쟁 → 즉사 위험·인원 규모 계산 → 추가 구조 결정,대표,2026년 8월 5일,준비,개별 동료 수색 → 기능을 공유하는 임시 이동 공동체 → 전력 가치와 공동체 자격 분리 → 더 큰 생존 집단 형성,"보호·희생, 위기·생존, 조직·제도, 평가·판정",Yes,"주인공, 낙오자 A, 생존자 B, 임시 동행자들, 사망자들","825~827화 382,140~382,967행","흩어진 동료를 찾는 동안 낙오자를 능력 기준으로 임시 공동체에 태우는 장면 (%ED%9D%A9%EC%96%B4%EC%A7%84%20%EB%8F%99%EB%A3%8C%EB%A5%BC%20%EC%B0%BE%EB%8A%94%20%EB%8F%99%EC%95%88%20%EB%82%99%EC%98%A4%EC%9E%90%EB%A5%BC%20%EB%8A%A5%EB%A0%A5%20%EA%B8%B0%EC%A4%80%EC%9C%BC%EB%A1%9C%20%EC%9E%84%EC%8B%9C%20%EA%B3%B5%EB%8F%99%EC%B2%B4%EC%97%90%20%ED%83%9C%EC%9A%B0%EB%8A%94%20%EC%9E%A5%EB%A9%B4%203b2baa79eaae81d7b436eb584c2e8590.csv), 유용한 생존자가 죽은 동료를 소모품으로 보자 공동체 자격을 재평가하는 장면 (%EC%9C%A0%EC%9A%A9%ED%95%9C%20%EC%83%9D%EC%A1%B4%EC%9E%90%EA%B0%80%20%EC%A3%BD%EC%9D%80%20%EB%8F%99%EB%A3%8C%EB%A5%BC%20%EC%86%8C%EB%AA%A8%ED%92%88%EC%9C%BC%EB%A1%9C%20%EB%B3%B4%EC%9E%90%20%EA%B3%B5%EB%8F%99%EC%B2%B4%20%EC%9E%90%EA%B2%A9%EC%9D%84%20%EC%9E%AC%ED%8F%89%EA%B0%80%ED%95%98%EB%8A%94%20%EC%9E%A5%EB%A9%B4%203b2baa79eaae81ee87c7ed572d6cf79a.csv), 추가 구조를 도덕 명령이 아니라 집단 생존 확률로 설명하는 장면 (%EC%B6%94%EA%B0%80%20%EA%B5%AC%EC%A1%B0%EB%A5%BC%20%EB%8F%84%EB%8D%95%20%EB%AA%85%EB%A0%B9%EC%9D%B4%20%EC%95%84%EB%8B%88%EB%9D%BC%20%EC%A7%91%EB%8B%A8%20%EC%83%9D%EC%A1%B4%20%ED%99%95%EB%A5%A0%EB%A1%9C%20%EC%84%A4%EB%AA%85%ED%95%98%EB%8A%94%20%EC%9E%A5%EB%A9%B4%203b2baa79eaae8108bb3bc032e5d6c394.csv)",계속 이동해야 생존하지만 흩어진 동료와 다른 생존자를 동시에 찾아야 하고 수용 인원에 한계가 있음,모두를 무조건 받아들이는 도덕 선언이 아니라 정석 방어를 위한 인원 확보와 동료 회수 가능성을 함께 확정함,Yes,구조 행동 → 기능 가치 → 공동체 반례 → 수용 한계 → 생존 계산 → 추가 구조,차원 붕괴 속에서 흩어진 동료를 찾으며 이동하는 장면에서 시작함,높음,"관계 재분류, 보호 약속, 책임 수용, 판정 번복","관계 재분류, 책임 분리, 판정, 행동 증명",파티 공동체가 고정 명단이 아니라 위기 중에도 선택·책임·자격을 계속 갱신하는 구조임을 확인함
위험을 설명한 뒤 타인의 마지막 선택을 강제로 바꾸지 않는 장면,REF-46,주인공은 상대의 생존 가능성을 걱정하지만 반복 설득 뒤 말과 행동을 멈춘다.,위험 정보 제공 → 생존 대안 제시 → 상대의 거절과 이유 → 재확인 → 강제 가능성 보류 → 선택 존중 → 구조 가능성만 남김,대비,2026년 8월 5일,준비,보호 대상처럼 보이는 상대 → 충분한 정보가 주어진 선택자 → 위험을 감수하는 독립 행위자,"관계 갈등, 보호·희생, 평가·판정",Yes,"주인공, 외부 인물 A","175화 84,555~84,689행",생존 조언을 끝낸 뒤 타인의 마지막 선택을 침해하지 않는 장면 (%EC%83%9D%EC%A1%B4%20%EC%A1%B0%EC%96%B8%EC%9D%84%20%EB%81%9D%EB%82%B8%20%EB%92%A4%20%ED%83%80%EC%9D%B8%EC%9D%98%20%EB%A7%88%EC%A7%80%EB%A7%89%20%EC%84%A0%ED%83%9D%EC%9D%84%20%EC%B9%A8%ED%95%B4%ED%95%98%EC%A7%80%20%EC%95%8A%EB%8A%94%20%EC%9E%A5%EB%A9%B4%203b2baa79eaae815d9a53d97d9f90efc7.csv),상대가 치명적 위험을 알면서도 자기 이유로 남으려 하며 주인공은 물리적으로 강제할 수 있음,동의하지 않지만 상대의 결정을 그대로 둔 채 이후 구조 가능성만 남김,Yes,객관 위험 → 대안 → 상대 이유 → 주인공의 중단,주인공이 상대의 잔류 선택을 발견하고 생존 조언을 시작함,중간,"거리 확보, 선택 유예, 신뢰 보류, 한계 인정","거리 유지, 선택 유예, 책임 분리, 한계 인정",파티 내부의 집단 생사 결정에서는 의견을 듣되 최종 책임을 리더가 맡는 대비가 형성됨
전문 의견 충돌에서 목표와 책임을 확정하고 승리 보고로도 손실을 지우지 않는 장면,REF-46,지휘관은 목표와 책임을 선언하지만 승리 뒤 전사자 보고를 듣고 성공의 비용을 확인한다.,상반된 목표 → 의견 방식 논쟁 → 목표 선택 → 책임 선언 → 전투 → 위업 보고 → 보상 미획득 → 전사자 보고,실패,2026년 8월 5일,준비,전문 지식 충돌 → 책임 귀속 → 전투 성공 → 불완전한 성공 판정,"권한·위계, 보상·처벌, 상실·애도, 전투·대결",Yes,"사령관, 현장 전문가 A, 연구 전문가 B, 보고자","557화 271,881~272,027행 / 559화 273,037~273,133행","전문 의견 충돌 뒤 지휘관이 목표와 모든 손실 책임을 확정하는 장면 (%EC%A0%84%EB%AC%B8%20%EC%9D%98%EA%B2%AC%20%EC%B6%A9%EB%8F%8C%20%EB%92%A4%20%EC%A7%80%ED%9C%98%EA%B4%80%EC%9D%B4%20%EB%AA%A9%ED%91%9C%EC%99%80%20%EB%AA%A8%EB%93%A0%20%EC%86%90%EC%8B%A4%20%EC%B1%85%EC%9E%84%EC%9D%84%20%ED%99%95%EC%A0%95%ED%95%98%EB%8A%94%20%EC%9E%A5%EB%A9%B4%203b2baa79eaae816c8567de1d2671bb51.csv), 공식 승리 보고 뒤 전사자와 미획득 보상을 연속 배치하는 장면 (%EA%B3%B5%EC%8B%9D%20%EC%8A%B9%EB%A6%AC%20%EB%B3%B4%EA%B3%A0%20%EB%92%A4%20%EC%A0%84%EC%82%AC%EC%9E%90%EC%99%80%20%EB%AF%B8%ED%9A%8D%EB%93%9D%20%EB%B3%B4%EC%83%81%EC%9D%84%20%EC%97%B0%EC%86%8D%20%EB%B0%B0%EC%B9%98%ED%95%98%EB%8A%94%20%EC%9E%A5%EB%A9%B4%203b2baa79eaae81888b13e56bfb343791.csv)",전문가 의견이 갈리고 선택 뒤 대규모 손실 가능성이 있음,위업보다 전사자와 보상 실패가 다음 판단 기준으로 남음,Yes,의견 → 책임 → 실행 → 위업 → 손실,다음 공략 대상을 정하는 지휘 회의로 시작함,높음,,,손실을 본 전문가는 자기 오판을 인정하고 현장 전문가의 자문권을 높임
대규모 지휘권을 기존 팀 자율과 최소 공통 명령의 경계로 운용하는 장면,REF-46,새 지휘자는 짧은 준비 기간과 기존 팀의 숙련을 인정해 전면 통제를 포기한다.,통합 훈련 한계 → 기존 팀 전투 유지 → 상호 지원 → 전체 집결 신호 → 공통 진형 → 원정 개시,대비,2026년 8월 5일,준비,단일 지휘권 → 전면 통제 가능성 → 평시 자율·비상 통합의 제한 권한,"권한·위계, 전투·대결, 조직·제도",Yes,"총지휘자, 팀장들, 원정대원들","397화 193,951~194,017행",평시 팀 자율과 비상시 전체 집결 명령을 분리하는 장면 (%ED%8F%89%EC%8B%9C%20%ED%8C%80%20%EC%9E%90%EC%9C%A8%EA%B3%BC%20%EB%B9%84%EC%83%81%EC%8B%9C%20%EC%A0%84%EC%B2%B4%20%EC%A7%91%EA%B2%B0%20%EB%AA%85%EB%A0%B9%EC%9D%84%20%EB%B6%84%EB%A6%AC%ED%95%98%EB%8A%94%20%EC%9E%A5%EB%A9%B4%203b2baa79eaae8138a58ec632bbb33350.csv),여러 숙련 팀을 짧은 기간 안에 하나의 원정대로 운용해야 함,공통 명령 두 종류만 정한 뒤 원정으로 넘어감,Yes,시간 한계 → 기존 숙련 → 자율 범위 → 전체 명령 범위,원정 직전 운용 규칙을 정함,중간,,,수백 명 군단에서는 기능 책임자와 정기 보고 체계로 확장됨
손실을 동반한 생존 판단을 보고 가능한 전략 정보와 외부 지휘 자격으로 바꾸는 장면,REF-46,"현장 리더는 중상을 입고도 팀을 위임한 뒤 보고부터 하며, 자질 칭찬보다 다음 위험을 확인한다.",팀 지휘 위임 → 물적 증거 전달 → 경로·적 정보 보고 → 손실과 선택 설명 → 외부 자질 판정 → 다음 질문,대표,2026년 8월 5일,준비,개인 생존 경험 → 전략 정보 → 외부 지휘 자격 후보,"권한·위계, 위기·생존, 정보·비밀, 평가·판정",Yes,"현장 리더, 임시 지휘자 A, 외부 지휘관 B","215화 105,245~105,477행",생존 경로를 보고해 개인 판단을 외부 지휘부의 전략 정보로 바꾸는 장면 (%EC%83%9D%EC%A1%B4%20%EA%B2%BD%EB%A1%9C%EB%A5%BC%20%EB%B3%B4%EA%B3%A0%ED%95%B4%20%EA%B0%9C%EC%9D%B8%20%ED%8C%90%EB%8B%A8%EC%9D%84%20%EC%99%B8%EB%B6%80%20%EC%A7%80%ED%9C%98%EB%B6%80%EC%9D%98%20%EC%A0%84%EB%9E%B5%20%EC%A0%95%EB%B3%B4%EB%A1%9C%20%EB%B0%94%EA%BE%B8%EB%8A%94%20%EC%9E%A5%EB%A9%B4%203b2baa79eaae816792fbd1801f7693d1.csv),현장 생존자가 손실을 입은 경로와 위험 정보를 더 큰 지휘부에 전달해야 함,자질 인정에 머물지 않고 다음 위험 확인으로 넘어감,Yes,부상·위임 → 물적 증거 → 사실 질문 → 선택·손실 → 자질 판정,팀을 다른 사람에게 맡기고 외부 본부로 이동함,높음,,,대규모 원정대장 경쟁에서 지휘 자격을 다시 공개 검증함
실제 손실이 전문가의 오판을 수정하고 지도 제공자의 다음 목표 자문권을 넓히는 장면,REF-46,연구 전문가는 자신이 위험을 얕봤다고 인정하고 이후 회의에서 현장 경험과 지도 제공자가 먼저 경로를 제안한다.,손실 확인 → 사전 평가 회상 → 오판 인정 → 회의 → 지도 펼침 → 조건부 경로 제안 → 수용 검토,대표,2026년 8월 5일,준비,현장 판단을 낮게 본 전문가 → 결과 기반 수정 → 지도 제공자의 확대된 자문권,"권한·위계, 정보·비밀, 평가·판정",Yes,"현장 전문가 A, 연구 전문가 B, 사령관, 조장들","559~560화 273,273~273,509행","실제 손실을 본 전문가가 자기 오판을 인정하고 타인의 발언권을 높이는 장면 (%EC%8B%A4%EC%A0%9C%20%EC%86%90%EC%8B%A4%EC%9D%84%20%EB%B3%B8%20%EC%A0%84%EB%AC%B8%EA%B0%80%EA%B0%80%20%EC%9E%90%EA%B8%B0%20%EC%98%A4%ED%8C%90%EC%9D%84%20%EC%9D%B8%EC%A0%95%ED%95%98%EA%B3%A0%20%ED%83%80%EC%9D%B8%EC%9D%98%20%EB%B0%9C%EC%96%B8%EA%B6%8C%EC%9D%84%20%EB%86%92%EC%9D%B4%EB%8A%94%20%EC%9E%A5%EB%A9%B4%203b2baa79eaae81e6abf5c3fe784e7481.csv), 갱신 지도와 손실 평가를 근거로 다음 목표 자문권이 확대되는 장면 (%EA%B0%B1%EC%8B%A0%20%EC%A7%80%EB%8F%84%EC%99%80%20%EC%86%90%EC%8B%A4%20%ED%8F%89%EA%B0%80%EB%A5%BC%20%EA%B7%BC%EA%B1%B0%EB%A1%9C%20%EB%8B%A4%EC%9D%8C%20%EB%AA%A9%ED%91%9C%20%EC%9E%90%EB%AC%B8%EA%B6%8C%EC%9D%B4%20%ED%99%95%EB%8C%80%EB%90%98%EB%8A%94%20%EC%9E%A5%EB%A9%B4%203b2baa79eaae81cfbdc7f58b4e940cc4.csv)",전문가의 사전 평가와 실제 손실이 어긋났고 다음 목적지를 정해야 함,현재 지도와 전력에 맞춘 조건부 경로를 남김,Yes,손실 → 오판 인정 → 지도 → 조건부 제안,전투 결과를 되짚는 대화에서 다음 회의로 이어짐,중간,,,지하 탐사에서는 지도 자체가 매일 갱신·배포되는 공용 자산으로 확장됨
공략 실패를 선언한 뒤 직함보다 조사 행동과 공개 동의로 군단 지휘권을 인수하는 장면,REF-46,현장 지휘자는 지식 실패와 손실을 숨기지 않고 지휘 공백에서는 먼저 사고를 조사한다.,예상과 다른 결과 → 손실 확인 → 실패 선언 → 지휘 공백 → 조사·책임 정리 → 승계 거부 → 공개 의견 → 지휘권 인수,대표,2026년 8월 5일,준비,공략 제안자 → 실패 책임자 → 실제 조사자 → 공개 동의를 받은 군단장,"권한·위계, 성장·실패, 조직·제도, 평가·판정",Yes,"현장 지휘자, 합법적 승계자 A, 지휘관들","604~605화 292,369~293,109행","선행 지식의 누락과 인원 손실을 인정하고 공략 실패를 선언하는 장면 (%EC%84%A0%ED%96%89%20%EC%A7%80%EC%8B%9D%EC%9D%98%20%EB%88%84%EB%9D%BD%EA%B3%BC%20%EC%9D%B8%EC%9B%90%20%EC%86%90%EC%8B%A4%EC%9D%84%20%EC%9D%B8%EC%A0%95%ED%95%98%EA%B3%A0%20%EA%B3%B5%EB%9E%B5%20%EC%8B%A4%ED%8C%A8%EB%A5%BC%20%EC%84%A0%EC%96%B8%ED%95%98%EB%8A%94%20%EC%9E%A5%EB%A9%B4%203b2baa79eaae816caf4dd6b61d663554.csv), 지휘 공백에서 조사 권한을 먼저 행사하고 공개 동의로 군단 지휘권을 인수하는 장면 (%EC%A7%80%ED%9C%98%20%EA%B3%B5%EB%B0%B1%EC%97%90%EC%84%9C%20%EC%A1%B0%EC%82%AC%20%EA%B6%8C%ED%95%9C%EC%9D%84%20%EB%A8%BC%EC%A0%80%20%ED%96%89%EC%82%AC%ED%95%98%EA%B3%A0%20%EA%B3%B5%EA%B0%9C%20%EB%8F%99%EC%9D%98%EB%A1%9C%20%EA%B5%B0%EB%8B%A8%20%EC%A7%80%ED%9C%98%EA%B6%8C%EC%9D%84%20%EC%9D%B8%EC%88%98%ED%95%98%EB%8A%94%20%EC%9E%A5%EB%A9%B4%203b2baa79eaae81e68dcafaad60e81fb3.csv)",공략 실패와 지휘 공백이 동시에 발생하고 합법 승계자가 책임을 거부함,권한을 자칭하지 않고 공개 동의 뒤 업무를 시작함,Yes,실패 → 공백 → 조사 → 승계 거부 → 공개 선출,정석과 다른 결과를 실패로 판정함,높음,,,새 군단장은 기능별 책임자와 정기 보고 체계를 설계함
지휘 자격을 다원화한 뒤 실전 결과를 패배자들의 재평가로 지휘권에 환전하는 장면,REF-46,후보들은 패배 뒤 체면과 후원 책임 때문에 흔들리지만 상대의 준비·유인·결의를 각자 인정한다.,통솔·경험·정보·신뢰 주장 → 공개 시험 → 정보 활용 → 유인·부상 교환 → 승리 → 패배자별 재해석 → 이견 확인,대표,2026년 8월 5일,준비,후보 경쟁 → 다원적 기준 → 실전 검증 → 수용된 단일 지휘권,"권한·위계, 전투·대결, 조직·제도, 평가·판정",Yes,"후보 A·B·C·D·E, 후원자","393~396화 191,881~193,237행","통솔·경험·정보·신뢰를 후보별 지휘 자격으로 공개 토론하는 장면 (%ED%86%B5%EC%86%94%C2%B7%EA%B2%BD%ED%97%98%C2%B7%EC%A0%95%EB%B3%B4%C2%B7%EC%8B%A0%EB%A2%B0%EB%A5%BC%20%ED%9B%84%EB%B3%B4%EB%B3%84%20%EC%A7%80%ED%9C%98%20%EC%9E%90%EA%B2%A9%EC%9C%BC%EB%A1%9C%20%EA%B3%B5%EA%B0%9C%20%ED%86%A0%EB%A1%A0%ED%95%98%EB%8A%94%20%EC%9E%A5%EB%A9%B4%203b2baa79eaae81b8bb7ddf2884ca8b71.csv), 무력 시험 뒤 패배자들이 정보·치밀함·결의를 재평가해 지휘권을 수용하는 장면 (%EB%AC%B4%EB%A0%A5%20%EC%8B%9C%ED%97%98%20%EB%92%A4%20%ED%8C%A8%EB%B0%B0%EC%9E%90%EB%93%A4%EC%9D%B4%20%EC%A0%95%EB%B3%B4%C2%B7%EC%B9%98%EB%B0%80%ED%95%A8%C2%B7%EA%B2%B0%EC%9D%98%EB%A5%BC%20%EC%9E%AC%ED%8F%89%EA%B0%80%ED%95%B4%20%EC%A7%80%ED%9C%98%EA%B6%8C%EC%9D%84%20%EC%88%98%EC%9A%A9%ED%95%98%EB%8A%94%20%EC%9E%A5%EB%A9%B4%203b2baa79eaae817b9dd7fffa82bf0a6e.csv)",강점과 후원이 다른 후보들이 하나의 대규모 지휘권을 놓고 경쟁함,승자가 자칭하는 대신 패배 후보들의 이견을 확인하고 수용을 얻음,Yes,평가 기준 → 시험 → 결과 → 타인의 해석 → 권한 수용,이상적인 지휘관 조건을 공개 토론함,높음,,,획득한 지휘권은 팀 자율과 비상 집결의 경계로 제한됨
대규모 조직을 기능 책임자·정기 보고·갱신 지도로 재편해 개인 경험을 공용 자산으로 만드는 장면,REF-46,군단장은 모든 일을 직접 처리하지 않고 책임자를 세우고 보고를 요구한다. 지도는 매일 갱신돼 전원에게 배포된다.,조 편성 해체 → 기능 책임자 → 연구·조사·전투 분리 → 정기 보고 → 현장 수색 → 구조도 갱신 → 지도 복사 → 전원 배포,대표,2026년 8월 5일,준비,개인 지휘와 기억 → 기능별 권한·보고 → 날짜가 있는 공용 지도,"교육·전승, 권한·위계, 정보·비밀, 조직·제도",Yes,"군단장, 기능 책임자들, 지도 책임자 A, 탐사군","606화 293,235~293,491행 / 618화 298,371~298,419행","기존 조 편성을 기능 책임자와 정기 보고 체계로 재편하는 장면 (%EA%B8%B0%EC%A1%B4%20%EC%A1%B0%20%ED%8E%B8%EC%84%B1%EC%9D%84%20%EA%B8%B0%EB%8A%A5%20%EC%B1%85%EC%9E%84%EC%9E%90%EC%99%80%20%EC%A0%95%EA%B8%B0%20%EB%B3%B4%EA%B3%A0%20%EC%B2%B4%EA%B3%84%EB%A1%9C%20%EC%9E%AC%ED%8E%B8%ED%95%98%EB%8A%94%20%EC%9E%A5%EB%A9%B4%203b2baa79eaae813eb329d48f863ac1d8.csv), 현장 구조도를 매일 갱신해 지도 복사본을 전원에게 배포하는 장면 (%ED%98%84%EC%9E%A5%20%EA%B5%AC%EC%A1%B0%EB%8F%84%EB%A5%BC%20%EB%A7%A4%EC%9D%BC%20%EA%B0%B1%EC%8B%A0%ED%95%B4%20%EC%A7%80%EB%8F%84%20%EB%B3%B5%EC%82%AC%EB%B3%B8%EC%9D%84%20%EC%A0%84%EC%9B%90%EC%97%90%EA%B2%8C%20%EB%B0%B0%ED%8F%AC%ED%95%98%EB%8A%94%20%EC%9E%A5%EB%A9%B4%203b2baa79eaae814fa4ddd161bc8026ec.csv)",수백 명이 복잡하고 갱신되는 공간을 병렬 탐사해야 함,지휘자의 기억이 아니라 최신 지도 복사본이 현장 기준이 됨,Yes,직책 → 기능 분리 → 보고 → 지도 갱신 → 배포,군단장 취임 뒤 업무 구조를 다시 나눔,중간,,,수색·연구·자원 생산의 우선순위와 배분도 책임 체계 안에서 조정됨
최초 발견권은 보존하고 범죄 판단만 증거화해 공적 기관으로 넘기는 장면,REF-46,강한 탐험가는 살인 정황에 분노하지만 즉결 처벌이나 성과 강탈을 멈추고 증거 수집을 지시한다.,발견 집단 확인 → 최초 발견권 인정 → 살인 진술 충돌 → 검증 → 증언 재기록 → 신분증·기록물 확보 → 처분 보류 → 기관 이관,대표,2026년 8월 5일,준비,성과와 혐의 혼재 → 발견권 보존·판단권 분리 → 공적 심사 대기,"권한·위계, 보상·처벌, 정보·비밀, 조직·제도",Yes,"강한 탐험가, 발견 집단 A, 조사 동료들, 공적 기관","503~504화 247,639~248,015행",발견 소유권과 살인 판단을 분리해 증거를 공적 절차로 넘기는 장면 (%EB%B0%9C%EA%B2%AC%20%EC%86%8C%EC%9C%A0%EA%B6%8C%EA%B3%BC%20%EC%82%B4%EC%9D%B8%20%ED%8C%90%EB%8B%A8%EC%9D%84%20%EB%B6%84%EB%A6%AC%ED%95%B4%20%EC%A6%9D%EA%B1%B0%EB%A5%BC%20%EA%B3%B5%EC%A0%81%20%EC%A0%88%EC%B0%A8%EB%A1%9C%20%EB%84%98%EA%B8%B0%EB%8A%94%20%EC%9E%A5%EB%A9%B4%203b2baa79eaae81078c09d7e89df00fce.csv),최초 발견 성과와 살인 혐의가 같은 집단에 결합됨,증거 수집은 동료에게 맡기고 발견 지형 검증으로 이동함,Yes,성과 → 혐의 → 검증 → 증거 → 절차 이관,발견 집단이 통로를 막고 소유권을 주장함,높음,,,군단 지휘 뒤에도 조사·연구·수색 권한을 기능 책임자에게 분담함
희귀 연구 성과보다 사람 수색을 우선하고 구조 뒤 탐사·연구·자원 배분 권한을 나누는 장면,REF-46,연구진은 대형 발견에 몰입하지만 군단장은 수색을 재개한다. 구조 뒤 조사 책임자를 남기고 생산 자원을 여러 몫으로 나눈다.,희귀 연구 → 연구 몰입 → 수색 재개 → 지도 역주행 → 실종자 구조 → 조사 권한 → 탐사·연구 병행 → 생산량 → 우선 배분 → 공적 몫,대비,2026년 8월 5일,준비,연구 성과 중심 → 사람 회수 우선 → 조사 권한 분담 → 공동 배분,"보호·희생, 정보·비밀, 조직·제도, 협상·거래",Yes,"군단장, 연구 책임자 A, 수색 책임자 B, 실종자들, 공적 기관","620~621화 298,977~299,655행","희귀 연구보다 실종자 수색을 우선하고 구조 뒤 조사 권한을 분담하는 장면 (%ED%9D%AC%EA%B7%80%20%EC%97%B0%EA%B5%AC%EB%B3%B4%EB%8B%A4%20%EC%8B%A4%EC%A2%85%EC%9E%90%20%EC%88%98%EC%83%89%EC%9D%84%20%EC%9A%B0%EC%84%A0%ED%95%98%EA%B3%A0%20%EA%B5%AC%EC%A1%B0%20%EB%92%A4%20%EC%A1%B0%EC%82%AC%20%EA%B6%8C%ED%95%9C%EC%9D%84%20%EB%B6%84%EB%8B%B4%ED%95%98%EB%8A%94%20%EC%9E%A5%EB%A9%B4%203b2baa79eaae815690a7c7ad286d5ff0.csv), 탐사·연구·자원 생산을 병행하고 성과를 동료·대원·공적 몫으로 나누는 장면 (%ED%83%90%EC%82%AC%C2%B7%EC%97%B0%EA%B5%AC%C2%B7%EC%9E%90%EC%9B%90%20%EC%83%9D%EC%82%B0%EC%9D%84%20%EB%B3%91%ED%96%89%ED%95%98%EA%B3%A0%20%EC%84%B1%EA%B3%BC%EB%A5%BC%20%EB%8F%99%EB%A3%8C%C2%B7%EB%8C%80%EC%9B%90%C2%B7%EA%B3%B5%EC%A0%81%20%EB%AA%AB%EC%9C%BC%EB%A1%9C%20%EB%82%98%EB%88%84%EB%8A%94%20%EC%9E%A5%EB%A9%B4%203b2baa79eaae8148a6fbdbe16e94248b.csv)",희귀 연구 성과·실종자 수색·제한 자원 배분이 동시에 경쟁함,성과를 독점하지 않고 사람 회수와 탐사 지속에 맞춘 배분 체계를 남김,Yes,연구 보상 → 수색 우선 → 구조 → 권한 분담 → 생산 → 배분,연구 성과 때문에 수색이 중단된 상태에서 시작함,높음,,,지도·보고·배분이 결합하며 탐험 공적이 집단의 재사용 권한으로 굳어짐
진실 장치를 믿지 않고 질문권·묵비권·다자 검증 규칙을 다시 설계하는 장면,REF-46,질문자는 원하는 정보가 남아도 질문 자체가 자기 정체를 노출한다고 판단해 채널을 종료한다.,장치 시연 → 제작자 조작 의심 → 제3자 검증 → 질문 교환비 → 예·아니오 질문 → 심리 기반 판정 빈틈 → 실명·시기 질문 → 묵비 → 게임 종료 → 다자 정보 제출 규칙,대표,2026년 8월 5일,준비,진실 장치가 있는 양자 협상 → 질문권과 생략을 둘러싼 정보전 → 다자 규칙 기반 정보 시장,"정보·비밀, 조직·제도, 평가·판정, 협상·거래",Yes,"질문자 A, 제작자 B, 검증자 C, 참가자들","307~309화 152,119~153,169행","진실 장치의 제작자 권한을 의심하고 제3자 검증 능력을 추가하는 장면 (%EC%A7%84%EC%8B%A4%20%EC%9E%A5%EC%B9%98%EC%9D%98%20%EC%A0%9C%EC%9E%91%EC%9E%90%20%EA%B6%8C%ED%95%9C%EC%9D%84%20%EC%9D%98%EC%8B%AC%ED%95%98%EA%B3%A0%20%EC%A0%9C3%EC%9E%90%20%EA%B2%80%EC%A6%9D%20%EB%8A%A5%EB%A0%A5%EC%9D%84%20%EC%B6%94%EA%B0%80%ED%95%98%EB%8A%94%20%EC%9E%A5%EB%A9%B4%203b2baa79eaae81d499b4c75b75c8ddb2.csv), 질문 교환비를 협상하고 예·아니오로 사실만 고정한 뒤 판정의 빈틈을 읽는 장면 (%EC%A7%88%EB%AC%B8%20%EA%B5%90%ED%99%98%EB%B9%84%EB%A5%BC%20%ED%98%91%EC%83%81%ED%95%98%EA%B3%A0%20%EC%98%88%C2%B7%EC%95%84%EB%8B%88%EC%98%A4%EB%A1%9C%20%EC%82%AC%EC%8B%A4%EB%A7%8C%20%EA%B3%A0%EC%A0%95%ED%95%9C%20%EB%92%A4%20%ED%8C%90%EC%A0%95%EC%9D%98%20%EB%B9%88%ED%8B%88%EC%9D%84%20%EC%9D%BD%EB%8A%94%20%EC%9E%A5%EB%A9%B4%203b2baa79eaae813ea171f8c254c1ec54.csv), 실명과 진입 시기를 묻는 질문에 묵비하고 정보 역유출 때문에 게임을 끝내는 장면 (%EC%8B%A4%EB%AA%85%EA%B3%BC%20%EC%A7%84%EC%9E%85%20%EC%8B%9C%EA%B8%B0%EB%A5%BC%20%EB%AC%BB%EB%8A%94%20%EC%A7%88%EB%AC%B8%EC%97%90%20%EB%AC%B5%EB%B9%84%ED%95%98%EA%B3%A0%20%EC%A0%95%EB%B3%B4%20%EC%97%AD%EC%9C%A0%EC%B6%9C%20%EB%95%8C%EB%AC%B8%EC%97%90%20%EA%B2%8C%EC%9E%84%EC%9D%84%20%EB%81%9D%EB%82%B4%EB%8A%94%20%EC%9E%A5%EB%A9%B4%203b2baa79eaae81afa1d7c9cfef2f2cfa.csv), 개인 질의응답을 중단하고 진실·비공유 정보 조건의 다자 시장으로 바꾸는 장면 (%EA%B0%9C%EC%9D%B8%20%EC%A7%88%EC%9D%98%EC%9D%91%EB%8B%B5%EC%9D%84%20%EC%A4%91%EB%8B%A8%ED%95%98%EA%B3%A0%20%EC%A7%84%EC%8B%A4%C2%B7%EB%B9%84%EA%B3%B5%EC%9C%A0%20%EC%A0%95%EB%B3%B4%20%EC%A1%B0%EA%B1%B4%EC%9D%98%20%EB%8B%A4%EC%9E%90%20%EC%8B%9C%EC%9E%A5%EC%9C%BC%EB%A1%9C%20%EB%B0%94%EA%BE%B8%EB%8A%94%20%EC%9E%A5%EB%A9%B4%203b2baa79eaae815baa48e00561105c81.csv)",진실 장치가 있어도 제작권·질문 설계·생략·질문 자체의 역정보가 남음,개인 질의응답을 버리고 여러 참가자가 이의를 제기할 수 있는 제출 규칙으로 전환함,Yes,장치 한계 → 질문 교환비 → 사실 고정 → 생략 확인 → 묵비 → 채널 재설계,진실을 색으로 판정하는 장치를 제시받음,높음,,,다른 정체 공개에서도 공개 내용보다 누가 무엇을 질문할 권리를 얻는지가 핵심으로 반복됨
시기·성장·취향·순간 습관으로 정체를 판정하고 필요한 층만 공개해 별도 연락권을 만드는 장면,REF-46,과거 지인은 마지막까지 확신이 없었지만 가면을 본 순간의 반응으로 위험한 호명을 감행한다. 주인공은 신뢰하면서도 귀환 목표는 숨긴다.,가면 등장 → 순간 반응 → 과거 이름 호명 → 시기·성장·취향 근거 → 정체 인정 → 눈 감는 습관 공개 → 상호 침해 책임 → 가면·정보 출처 공개 → 목표 재은폐 → 쌍방 종이 분할 → 제한 연락 규칙,대표,2026년 8월 5일,준비,현지 관계 → 과거 정체 판정 → 제한적 사적 동맹 → 별도 연락권 생성·목표 불일치 유지,"관계 형성, 정보·비밀, 정체·출신, 협상·거래",Yes,"주인공, 과거 지인 A, 제3의 플레이어 B, 가면 C","646~647화 309,563~309,943행","가면 반응과 진입 시기·성장·과거 취향·습관을 합쳐 정체를 판정하는 장면 (%EA%B0%80%EB%A9%B4%20%EB%B0%98%EC%9D%91%EA%B3%BC%20%EC%A7%84%EC%9E%85%20%EC%8B%9C%EA%B8%B0%C2%B7%EC%84%B1%EC%9E%A5%C2%B7%EA%B3%BC%EA%B1%B0%20%EC%B7%A8%ED%96%A5%C2%B7%EC%8A%B5%EA%B4%80%EC%9D%84%20%ED%95%A9%EC%B3%90%20%EC%A0%95%EC%B2%B4%EB%A5%BC%20%ED%8C%90%EC%A0%95%ED%95%98%EB%8A%94%20%EC%9E%A5%EB%A9%B4%203b2baa79eaae81d2a47ef71c19de3ce2.csv), 상호 정체 침해의 선을 확인한 뒤 필요한 층만 열고 목표 불일치는 숨기는 장면 (%EC%83%81%ED%98%B8%20%EC%A0%95%EC%B2%B4%20%EC%B9%A8%ED%95%B4%EC%9D%98%20%EC%84%A0%EC%9D%84%20%ED%99%95%EC%9D%B8%ED%95%9C%20%EB%92%A4%20%ED%95%84%EC%9A%94%ED%95%9C%20%EC%B8%B5%EB%A7%8C%20%EC%97%B4%EA%B3%A0%20%EB%AA%A9%ED%91%9C%20%EB%B6%88%EC%9D%BC%EC%B9%98%EB%8A%94%20%EC%88%A8%EA%B8%B0%EB%8A%94%20%EC%9E%A5%EB%A9%B4%203b2baa79eaae81818310e02a56cee0b1.csv), 선택적 공개 뒤 공개 만남 대신 지연형 쌍방 종이로 제한 연락권을 만드는 장면 (%EC%84%A0%ED%83%9D%EC%A0%81%20%EA%B3%B5%EA%B0%9C%20%EB%92%A4%20%EA%B3%B5%EA%B0%9C%20%EB%A7%8C%EB%82%A8%20%EB%8C%80%EC%8B%A0%20%EC%A7%80%EC%97%B0%ED%98%95%20%EC%8C%8D%EB%B0%A9%20%EC%A2%85%EC%9D%B4%EB%A1%9C%20%EC%A0%9C%ED%95%9C%20%EC%97%B0%EB%9D%BD%EA%B6%8C%EC%9D%84%20%EB%A7%8C%EB%93%9C%EB%8A%94%20%EC%9E%A5%EB%A9%B4%203b2baa79eaae812bb36fd425b8d96b96.csv)",단일 암구호 없이 두 신분을 연결해야 하며 공개 접촉과 장기 목표는 여전히 위험함,전면 고백 대신 시간·장소·경고만 주고받는 별도 통신망을 남김,Yes,장기 증거 → 순간 습관 → 인정 → 상호 공개 → 목표 은폐 → 연락권 생성,과거 지인이 상징적 가면을 쓰고 현지 신분의 주인공 앞에 나타남,높음,,,적대 상황에서는 같은 다중 신분이 고백이 아니라 공격과 재분류 수단으로 공개됨
행정 숫자로 동일 인물을 맞히되 원인을 오해한 상대에게 신분 한 층만 인정해 협상권을 확보하는 장면,REF-46,위장 인물은 상대의 추론이 절반만 맞았음을 알지만 주변인 조사 위험 때문에 완전 부인 대신 제한 인정을 택한다.,옛 이름 호명 → 자료 손상 설명 → 성장·실종·동선 숫자 연결 → 동일 인물 판정 → 원인 오해 → 강한 검증 예고 → 주변인 위험 계산 → 신분 인정 → 본론 협상,대비,2026년 8월 5일,준비,위장 신분 유지 → 옛 신분 발각 → 원인 오해 유지 → 정치적 협상 가능한 부분 인정,"권한·위계, 정보·비밀, 정체·출신, 협상·거래",Yes,"위장 인물, 정치 권력자 A, 주변 동료들","385~386화 188,321~188,619행","행정 숫자와 동선으로 동일 인물을 맞히지만 실종 원인은 오해하는 장면 (%ED%96%89%EC%A0%95%20%EC%88%AB%EC%9E%90%EC%99%80%20%EB%8F%99%EC%84%A0%EC%9C%BC%EB%A1%9C%20%EB%8F%99%EC%9D%BC%20%EC%9D%B8%EB%AC%BC%EC%9D%84%20%EB%A7%9E%ED%9E%88%EC%A7%80%EB%A7%8C%20%EC%8B%A4%EC%A2%85%20%EC%9B%90%EC%9D%B8%EC%9D%80%20%EC%98%A4%ED%95%B4%ED%95%98%EB%8A%94%20%EC%9E%A5%EB%A9%B4%203b2baa79eaae81c798e8d479f4844afa.csv), 강제 검증과 주변인 조사를 피하려 옛 신분만 인정하고 협상으로 전환하는 장면 (%EA%B0%95%EC%A0%9C%20%EA%B2%80%EC%A6%9D%EA%B3%BC%20%EC%A3%BC%EB%B3%80%EC%9D%B8%20%EC%A1%B0%EC%82%AC%EB%A5%BC%20%ED%94%BC%ED%95%98%EB%A0%A4%20%EC%98%9B%20%EC%8B%A0%EB%B6%84%EB%A7%8C%20%EC%9D%B8%EC%A0%95%ED%95%98%EA%B3%A0%20%ED%98%91%EC%83%81%EC%9C%BC%EB%A1%9C%20%EC%A0%84%ED%99%98%ED%95%98%EB%8A%94%20%EC%9E%A5%EB%A9%B4%203b2baa79eaae81298353c573c0e2b0e1.csv)",수치·동선 증거가 동일 인물을 가리키지만 실종 원인은 직접 관측되지 않음,상대의 오해를 바로잡지 않은 채 필요한 신분만 인정하고 정치 본론으로 넘어감,Yes,수치 증거 → 동일 인물 판정 → 잘못된 원인 → 검증 위협 → 제한 인정,상대가 확신에 찬 옛 이름으로 부름,높음,,,후반 과거 지인은 수치 외에 습관과 순간 반응을 더해 원인까지 좁힘
생활 흔적으로 출신을 인증하고 변경 불가 익명 신분과 제한된 정보 거래권을 부여하는 장면,REF-46,신입은 인증 기준이 전부 공개되지 않은 상황에서도 통과 여부와 현실 신분 노출 위험을 동시에 계산한다.,눈속임 암구호 → 심상·말투·물건 확인 → 비공개 판정 → 인증 → 변경 불가 닉네임 → 공개 닉네임 위기 → 철자 차이로 재은폐 → 정보 판매 → 현실 접점 제한,대표,2026년 8월 5일,준비,출신 불명 신입 → 인증된 익명 구성원 → 과거 정체 노출 위기 → 제한 거래권을 가진 익명 판매자,"정보·비밀, 정체·출신, 조직·제도, 협상·거래",Yes,"신입, 안내자 A, 방장 B, 익명 공동체","90~93화 44,071~44,857행","심상 공간과 생활 흔적으로 출신을 인증한 뒤 변경 불가 익명 신분을 발급하는 장면 (%EC%8B%AC%EC%83%81%20%EA%B3%B5%EA%B0%84%EA%B3%BC%20%EC%83%9D%ED%99%9C%20%ED%9D%94%EC%A0%81%EC%9C%BC%EB%A1%9C%20%EC%B6%9C%EC%8B%A0%EC%9D%84%20%EC%9D%B8%EC%A6%9D%ED%95%9C%20%EB%92%A4%20%EB%B3%80%EA%B2%BD%20%EB%B6%88%EA%B0%80%20%EC%9D%B5%EB%AA%85%20%EC%8B%A0%EB%B6%84%EC%9D%84%20%EB%B0%9C%EA%B8%89%ED%95%98%EB%8A%94%20%EC%9E%A5%EB%A9%B4%203b2baa79eaae81ca8309fbb6340466e5.csv), 공개 닉네임이 과거 정체를 노출하자 철자 차이로 사칭 역할을 만드는 장면 (%EA%B3%B5%EA%B0%9C%20%EB%8B%89%EB%84%A4%EC%9E%84%EC%9D%B4%20%EA%B3%BC%EA%B1%B0%20%EC%A0%95%EC%B2%B4%EB%A5%BC%20%EB%85%B8%EC%B6%9C%ED%95%98%EC%9E%90%20%EC%B2%A0%EC%9E%90%20%EC%B0%A8%EC%9D%B4%EB%A1%9C%20%EC%82%AC%EC%B9%AD%20%EC%97%AD%ED%95%A0%EC%9D%84%20%EB%A7%8C%EB%93%9C%EB%8A%94%20%EC%9E%A5%EB%A9%B4%203b2baa79eaae81c791c1de893a8003bb.csv), 익명 정보 시장에서 지식을 팔되 현실 접점과 거래 흔적을 제한하는 장면 (%EC%9D%B5%EB%AA%85%20%EC%A0%95%EB%B3%B4%20%EC%8B%9C%EC%9E%A5%EC%97%90%EC%84%9C%20%EC%A7%80%EC%8B%9D%EC%9D%84%20%ED%8C%94%EB%90%98%20%ED%98%84%EC%8B%A4%20%EC%A0%91%EC%A0%90%EA%B3%BC%20%EA%B1%B0%EB%9E%98%20%ED%9D%94%EC%A0%81%EC%9D%84%20%EC%A0%9C%ED%95%9C%ED%95%98%EB%8A%94%20%EC%9E%A5%EB%A9%B4%203b2baa79eaae81f69484c717a26dee78.csv)",출신 인증과 익명 정보 거래가 필요하지만 닉네임과 현실 접점이 역으로 신분 단서가 됨,더 팔 수 있어도 거래 흔적이 커질 위험 때문에 판매를 멈춤,Yes,출신 판정 → 익명 자격 → 과거 닉네임 위기 → 거래권 → 현실 접점 제한,패스워드보다 실제 인증 기준이 따로 있다는 설명으로 시작함,높음,,,후반에는 과거 닉네임을 적에게 직접 공개해 공격 수단으로 뒤집음
전투 중 다중 신분을 단계적으로 공개해 적의 집중을 깨고 과거 기록을 재해석하게 만드는 장면,REF-46,"전투자는 정체 공개의 위험보다 당장 적의 집중을 흐트러뜨릴 효용을 우선하며, 적은 동경과 증오의 대상이 동일하다는 충격에 멈춘다.",정신 공격 판단 → 악령 선언 → 현실 출신 → 과거 닉네임 → 적의 가면 이름 → 자신의 가면 정체 → 공격 적중 → 적의 부정 → 과거 정보·살기·대면 기록 역산 → 동일 인물 판정,대비,2026년 8월 5일,준비,분리된 여러 신분 → 공격용 연쇄 공개 → 적의 동경 대상·증오 대상 통합 → 과거 행동 전체 재해석,"전투·대결, 정보·비밀, 정체·출신, 평가·판정",Yes,"전투자 A, 적대자 B, 과거 닉네임, 원탁 가면 C","735~736화 346,163~346,371행","전투 집중을 깨기 위해 현지 신분·과거 닉네임·가면을 연쇄 공개하는 장면 (%EC%A0%84%ED%88%AC%20%EC%A7%91%EC%A4%91%EC%9D%84%20%EA%B9%A8%EA%B8%B0%20%EC%9C%84%ED%95%B4%20%ED%98%84%EC%A7%80%20%EC%8B%A0%EB%B6%84%C2%B7%EA%B3%BC%EA%B1%B0%20%EB%8B%89%EB%84%A4%EC%9E%84%C2%B7%EA%B0%80%EB%A9%B4%EC%9D%84%20%EC%97%B0%EC%87%84%20%EA%B3%B5%EA%B0%9C%ED%95%98%EB%8A%94%20%EC%9E%A5%EB%A9%B4%203b2baa79eaae812c83c7df6da4e915e9.csv), 적대자가 과거 정보·살기·대면 기록을 역산해 두 가면을 하나로 합치는 장면 (%EC%A0%81%EB%8C%80%EC%9E%90%EA%B0%80%20%EA%B3%BC%EA%B1%B0%20%EC%A0%95%EB%B3%B4%C2%B7%EC%82%B4%EA%B8%B0%C2%B7%EB%8C%80%EB%A9%B4%20%EA%B8%B0%EB%A1%9D%EC%9D%84%20%EC%97%AD%EC%82%B0%ED%95%B4%20%EB%91%90%20%EA%B0%80%EB%A9%B4%EC%9D%84%20%ED%95%98%EB%82%98%EB%A1%9C%20%ED%95%A9%EC%B9%98%EB%8A%94%20%EC%9E%A5%EB%A9%B4%203b2baa79eaae81859157eb06b277536b.csv)",적이 전투에 완전히 집중해 물리 공격만으로 빈틈을 만들기 어렵고 여러 정보망의 신분을 따로 알고 있음,공개된 정체를 근거로 적이 과거 정보와 감정을 역산해 두 가면을 하나로 합침,Yes,현지 정체 → 현실 출신 → 과거 닉네임 → 적의 가면 → 자신의 가면 → 과거 기록 재해석,공격이 맞지 않자 정체 공개를 정신 공격으로 선택함,높음,,,전투가 끝난 뒤에는 본명·출신·귀환 의사를 교환하지만 목표 정렬로 이어지지 않음
본명과 과거를 모두 교환해도 목표·폭력 기준이 맞지 않으면 동맹 대신 배신으로 닫는 장면,REF-46,"패배자는 가면을 벗고 현실의 목표 부재와 멋진 죽음 욕망을 말하지만, 승자는 이해와 신뢰를 분리해 마지막 희망을 이용한다.",가면 역할 중단 요구 → 본명·출신·체류 연수 → 귀환 의사 → 과거 게시자 정체 → 현실 자기 평가 → 공감 실패 → 가면 말투 기원 → 목표 부재 → 임시 합류 제안 → 수락 → 즉시 살해,실패,2026년 8월 5일,준비,적대적 가면 관계 → 사적 정체 교환 → 일시적 합류 가능성 → 목표·신뢰 불일치 확인 → 배신과 관계 종료,"관계 종료, 전투·대결, 정체·출신, 평가·판정",Yes,"승자 A, 패배자 B, 가면 역할","736~737화 346,639~347,065행","마지막 순간 가면을 벗기고 본명·출신·귀환 의사·과거 정체를 교환하는 장면 (%EB%A7%88%EC%A7%80%EB%A7%89%20%EC%88%9C%EA%B0%84%20%EA%B0%80%EB%A9%B4%EC%9D%84%20%EB%B2%97%EA%B8%B0%EA%B3%A0%20%EB%B3%B8%EB%AA%85%C2%B7%EC%B6%9C%EC%8B%A0%C2%B7%EA%B7%80%ED%99%98%20%EC%9D%98%EC%82%AC%C2%B7%EA%B3%BC%EA%B1%B0%20%EC%A0%95%EC%B2%B4%EB%A5%BC%20%EA%B5%90%ED%99%98%ED%95%98%EB%8A%94%20%EC%9E%A5%EB%A9%B4%203b2baa79eaae81ad879fd26b9e7a5856.csv), 가면 말투가 현실 행동을 잠식한 경위를 확인한 뒤 임시 합류를 제안하고 배신하는 장면 (%EA%B0%80%EB%A9%B4%20%EB%A7%90%ED%88%AC%EA%B0%80%20%ED%98%84%EC%8B%A4%20%ED%96%89%EB%8F%99%EC%9D%84%20%EC%9E%A0%EC%8B%9D%ED%95%9C%20%EA%B2%BD%EC%9C%84%EB%A5%BC%20%ED%99%95%EC%9D%B8%ED%95%9C%20%EB%92%A4%20%EC%9E%84%EC%8B%9C%20%ED%95%A9%EB%A5%98%EB%A5%BC%20%EC%A0%9C%EC%95%88%ED%95%98%EA%B3%A0%20%EB%B0%B0%EC%8B%A0%ED%95%98%EB%8A%94%20%EC%9E%A5%EB%A9%B4%203b2baa79eaae817ea7bbd98d6284a50d.csv)",서로의 본명과 과거를 알게 됐지만 귀환 의사·폭력 기준·장기 목표가 맞지 않음,합류 제안을 수락하게 한 직후 살해해 정체 공개와 동맹 성립을 분리함,Yes,본명·출신 → 귀환 의사 → 과거 정체 → 가면 기원 → 목표 부재 → 합류 제안 → 배신,패배한 적에게 마지막으로 가면을 벗으라고 요구함,높음,,,정체를 아는 것과 목표가 같은 것은 별도 판정이라는 반례로 남음
수치 손해로 보인 새 능력을 결손 재생으로 재평가하고 비용·포기 슬롯·즉사 예외까지 다시 장부화하는 장면,REF-46,주인공은 압도적인 회복을 경험해도 즉시 무적이라 확신하지 않고 잃은 자원과 남은 즉사 위험을 다시 계산한다.,수치 손해 계산 → 신체 결손 → 즉시 재생 → 기존 판단 정정 → 회복 비용 실험 → 포기한 슬롯 열거 → 새 최종 조합 질문 → 즉사 예외 상기 → 원래 목표 복귀,대표,2026년 8월 5일,준비,수치상 손해를 입은 성장 선택 → 극재생 핵심 확보 → 비용과 예외가 남은 새 방패 역할,"성장·실패, 위기·생존, 평가·판정",Yes,"주인공, 외부 존재 A, 실종 동료들, 성장 후보군","859화 396,748~397,040행","새 성장 자원의 결손 재생을 몸으로 확인한 뒤 기존 손해 판정을 뒤집는 장면 (%EC%83%88%20%EC%84%B1%EC%9E%A5%20%EC%9E%90%EC%9B%90%EC%9D%98%20%EA%B2%B0%EC%86%90%20%EC%9E%AC%EC%83%9D%EC%9D%84%20%EB%AA%B8%EC%9C%BC%EB%A1%9C%20%ED%99%95%EC%9D%B8%ED%95%9C%20%EB%92%A4%20%EA%B8%B0%EC%A1%B4%20%EC%86%90%ED%95%B4%20%ED%8C%90%EC%A0%95%EC%9D%84%20%EB%92%A4%EC%A7%91%EB%8A%94%20%EC%9E%A5%EB%A9%B4%203b2baa79eaae8106822fe9fc82e17337.csv), 극단적 재생의 생명력 비용과 포기 슬롯을 장부화하고 새 역할의 고점을 다시 설계하는 장면 (%EA%B7%B9%EB%8B%A8%EC%A0%81%20%EC%9E%AC%EC%83%9D%EC%9D%98%20%EC%83%9D%EB%AA%85%EB%A0%A5%20%EB%B9%84%EC%9A%A9%EA%B3%BC%20%ED%8F%AC%EA%B8%B0%20%EC%8A%AC%EB%A1%AF%EC%9D%84%20%EC%9E%A5%EB%B6%80%ED%99%94%ED%95%98%EA%B3%A0%20%EC%83%88%20%EC%97%AD%ED%95%A0%EC%9D%98%20%EA%B3%A0%EC%A0%90%EC%9D%84%20%EB%8B%A4%EC%8B%9C%20%EC%84%A4%EA%B3%84%ED%95%98%EB%8A%94%20%EC%9E%A5%EB%A9%B4%203b2baa79eaae819fb225cee878d4d3ed.csv)",새 성장 자원의 수치 손해는 보이지만 고유 효과와 장기 비용은 미확인,무적감 대신 비용·예외·원래 목표를 남긴 채 개편을 완료함,Yes,수치 손해 → 몸의 반증 → 비용 → 포기 슬롯 → 즉사 예외 → 장기 목표,새 성장 자원을 얻은 직후 기존 능력치 하락을 먼저 계산함,높음,,,보스전의 압도적 유지력과 사용 효과 봉인 카운터가 장점과 예외를 각각 실전 검증함
같은 극단적 빌드를 압도적 유지력·명확한 카운터·예상 밖 필드 해법으로 세 번 검증하는 장면,REF-46,"주인공은 첫 승리 뒤에도 다음 기믹에서 불가능을 인정하고 후퇴하며, 다른 환경에서는 동료를 막고 혼자 위험을 감당한다.",본대 역할 신뢰 → 보스 공격 독점 → 결손 재생 → 피해 누적 반격 → 승리 → 사용 효과 봉인 → 변이 저지 실패 → 혼자 유지 불가 보고 → 퇴각 → 생명력 소모 필드 규칙 발견 → 동료 투입 금지 → 단독 홀딩 → 레이드 종료,대표,2026년 8월 5일,준비,새 빌드의 기대 → 보스전에서 압도적 검증 → 카운터 환경에서 실패·후퇴 → 다른 필드에서 특수 해법으로 재평가,"보호·희생, 성장·실패, 위기·생존, 전투·대결",Yes,"주인공, 원정대 본대, 지휘 동료 A, 보스들, 특수 필드","909~917화 417,181~421,305행","극재생으로 보스 공격을 단독 감당하고 누적 피해를 숨은 반격 단계로 바꾸는 장면 (%EA%B7%B9%EC%9E%AC%EC%83%9D%EC%9C%BC%EB%A1%9C%20%EB%B3%B4%EC%8A%A4%20%EA%B3%B5%EA%B2%A9%EC%9D%84%20%EB%8B%A8%EB%8F%85%20%EA%B0%90%EB%8B%B9%ED%95%98%EA%B3%A0%20%EB%88%84%EC%A0%81%20%ED%94%BC%ED%95%B4%EB%A5%BC%20%EC%88%A8%EC%9D%80%20%EB%B0%98%EA%B2%A9%20%EB%8B%A8%EA%B3%84%EB%A1%9C%20%EB%B0%94%EA%BE%B8%EB%8A%94%20%EC%9E%A5%EB%A9%B4%203b2baa79eaae81128ce5d1ffc5032240.csv), 사용 효과 봉인 환경에서 새 빌드의 카운터를 인정하고 혼자 유지할 수 없다고 보고하는 장면 (%EC%82%AC%EC%9A%A9%20%ED%9A%A8%EA%B3%BC%20%EB%B4%89%EC%9D%B8%20%ED%99%98%EA%B2%BD%EC%97%90%EC%84%9C%20%EC%83%88%20%EB%B9%8C%EB%93%9C%EC%9D%98%20%EC%B9%B4%EC%9A%B4%ED%84%B0%EB%A5%BC%20%EC%9D%B8%EC%A0%95%ED%95%98%EA%B3%A0%20%ED%98%BC%EC%9E%90%20%EC%9C%A0%EC%A7%80%ED%95%A0%20%EC%88%98%20%EC%97%86%EB%8B%A4%EA%B3%A0%20%EB%B3%B4%EA%B3%A0%ED%95%98%EB%8A%94%20%EC%9E%A5%EB%A9%B4%203b2baa79eaae8127b255df7dc1b3f10c.csv), 생명력 소모 필드와 극재생의 연쇄를 발견해 동료 투입을 막고 혼자 보스를 붙잡는 장면 (%EC%83%9D%EB%AA%85%EB%A0%A5%20%EC%86%8C%EB%AA%A8%20%ED%95%84%EB%93%9C%EC%99%80%20%EA%B7%B9%EC%9E%AC%EC%83%9D%EC%9D%98%20%EC%97%B0%EC%87%84%EB%A5%BC%20%EB%B0%9C%EA%B2%AC%ED%95%B4%20%EB%8F%99%EB%A3%8C%20%ED%88%AC%EC%9E%85%EC%9D%84%20%EB%A7%89%EA%B3%A0%20%ED%98%BC%EC%9E%90%20%EB%B3%B4%EC%8A%A4%EB%A5%BC%20%EB%B6%99%EC%9E%A1%EB%8A%94%20%EC%9E%A5%EB%A9%B4%203b2baa79eaae8158af6ef82de72a4192.csv)",극단적 전문화가 서로 다른 보스와 필드 규칙에서 반복 검증됨,장점·카운터·재발견을 각각 다른 전투 결과로 남겨 단일 무적 판정을 막음,Yes,유지력 성공 → 숨은 반격 → 봉인 카운터 → 실패 인정 → 환경 규칙 연쇄 → 새 해법,새 빌드가 처음 대형 원정 보스의 공격을 장시간 맡는 장면에서 시작함,높음,,,최종 슬롯이 추가되면 현재 카운터와 지원 구조가 다시 바뀌는지 미확인으로 남음
유용한 코어를 희생한 직후 사라진 능력을 몸으로 검사하고 지원 구조까지 다시 짜는 장면,REF-46,주인공은 상위 성장의 환호를 오래 유지하지 않고 사라진 재생을 확인한 뒤 전투 의존이 커졌음을 냉정하게 받아들인다.,낮은 생존 확률 → 교체 장치 사용 → 유용한 코어 희생 → 상위 자원 획득 → 능력 목록 → 자기 몸 상처 검사 → 재생 상실 확인 → 최종 조합 재계산 → 포션·후열·근접 위치 재배치 → 장기전 검증,대표,2026년 8월 5일,준비,자연 회복 중심 방패 → 상위 능력 획득·재생 상실 → 지원자와 진형에 의존하는 공격 가능한 방패,"성장·실패, 전투·대결, 조직·제도",Yes,"주인공, 적대자 A, 지원자 B, 방패 동료 C, 근접 동료 D","138~140화 66,821~67,823행","낮은 생존 확률을 올리기 위해 현재도 유용한 코어를 희생해 상위 선택지를 여는 장면 (%EB%82%AE%EC%9D%80%20%EC%83%9D%EC%A1%B4%20%ED%99%95%EB%A5%A0%EC%9D%84%20%EC%98%AC%EB%A6%AC%EA%B8%B0%20%EC%9C%84%ED%95%B4%20%ED%98%84%EC%9E%AC%EB%8F%84%20%EC%9C%A0%EC%9A%A9%ED%95%9C%20%EC%BD%94%EC%96%B4%EB%A5%BC%20%ED%9D%AC%EC%83%9D%ED%95%B4%20%EC%83%81%EC%9C%84%20%EC%84%A0%ED%83%9D%EC%A7%80%EB%A5%BC%20%EC%97%AC%EB%8A%94%20%EC%9E%A5%EB%A9%B4%203b2baa79eaae818e92a7daff58d42796.csv), 새 능력 목록 직후 자기 몸을 그어 사라진 재생을 확인하고 조합을 다시 계산하는 장면 (%EC%83%88%20%EB%8A%A5%EB%A0%A5%20%EB%AA%A9%EB%A1%9D%20%EC%A7%81%ED%9B%84%20%EC%9E%90%EA%B8%B0%20%EB%AA%B8%EC%9D%84%20%EA%B7%B8%EC%96%B4%20%EC%82%AC%EB%9D%BC%EC%A7%84%20%EC%9E%AC%EC%83%9D%EC%9D%84%20%ED%99%95%EC%9D%B8%ED%95%98%EA%B3%A0%20%EC%A1%B0%ED%95%A9%EC%9D%84%20%EB%8B%A4%EC%8B%9C%20%EA%B3%84%EC%82%B0%ED%95%98%EB%8A%94%20%EC%9E%A5%EB%A9%B4%203b2baa79eaae81c78832d09f01a0fec9.csv), 재생 상실 뒤 포션 담당·후열 보호·근접 공격 위치를 다시 짜 새 역할을 검증하는 장면 (%EC%9E%AC%EC%83%9D%20%EC%83%81%EC%8B%A4%20%EB%92%A4%20%ED%8F%AC%EC%85%98%20%EB%8B%B4%EB%8B%B9%C2%B7%ED%9B%84%EC%97%B4%20%EB%B3%B4%ED%98%B8%C2%B7%EA%B7%BC%EC%A0%91%20%EA%B3%B5%EA%B2%A9%20%EC%9C%84%EC%B9%98%EB%A5%BC%20%EB%8B%A4%EC%8B%9C%20%EC%A7%9C%20%EC%83%88%20%EC%97%AD%ED%95%A0%EC%9D%84%20%EA%B2%80%EC%A6%9D%ED%95%98%EB%8A%94%20%EC%9E%A5%EB%A9%B4%203b2baa79eaae8117be61ea945a38294e.csv)",유용한 기존 코어를 희생해 상위 능력을 얻었지만 자연 회복이 사라짐,새 능력을 목록으로 끝내지 않고 실제 장기전의 지원 의존과 진형 변화로 검증함,Yes,생존 위기 → 희생 대상 → 새 장점 → 사라진 능력 → 새 의존 → 전투 결과,현재 생존 확률이 매우 낮다는 계산에서 교체를 결정함,높음,,,후반 극재생 개편에서도 몸의 결손 검사와 포기 슬롯 장부가 반복됨
자기 치유 권리를 내려놓고 감소한 생명력을 더 많은 사람의 생존 가능성으로 환산하는 장면,REF-46,주인공은 핵심 동료뿐 아니라 이름 모르는 전사까지 보호할 이유를 효율과 책임의 언어로 스스로 납득시킨다.,과거 합리주의 회상 → 최우선 동료 명단 → 낯선 전사까지 보호 대상 확대 → 방패 역할 자기 규정 → 자기 치유 요구 가능성 인식 → 요구하지 않음 → 생명력 감소로 방어 상승 → 더 많은 구조 가능성 계산,대표,2026년 8월 5일,준비,자기 생존 최적화자 → 핵심 동료 보호자 → 집단의 피해를 대신 감당하는 방패,"권한·위계, 보호·희생, 위기·생존",Yes,"주인공, 핵심 동료들, 신관과 낯선 전사들","222화 109,141~109,239행",자기 치유를 요구하지 않고 생명력을 방어 자원으로 태워 더 많은 사람을 살리는 장면 (%EC%9E%90%EA%B8%B0%20%EC%B9%98%EC%9C%A0%EB%A5%BC%20%EC%9A%94%EA%B5%AC%ED%95%98%EC%A7%80%20%EC%95%8A%EA%B3%A0%20%EC%83%9D%EB%AA%85%EB%A0%A5%EC%9D%84%20%EB%B0%A9%EC%96%B4%20%EC%9E%90%EC%9B%90%EC%9C%BC%EB%A1%9C%20%ED%83%9C%EC%9B%8C%20%EB%8D%94%20%EB%A7%8E%EC%9D%80%20%EC%82%AC%EB%9E%8C%EC%9D%84%20%EC%82%B4%EB%A6%AC%EB%8A%94%20%EC%9E%A5%EB%A9%B4%203b2baa79eaae8178afdbed29ec50e9f9.csv),치유 자원이 제한된 원정에서 한 명의 안전과 다수의 생존이 충돌함,자기희생을 미화하지 않고 ‘합리적인 선택’이라는 자기 판정 뒤 다음 실패로 넘어감,Yes,과거 효율 기준 → 보호 우선순위 → 역할 기억 → 치유 선택 → 집단 생존 효과,과거에는 합리적이지 않다며 부정했던 감정을 다시 떠올림,높음,,,후반 극재생은 이 보호 역할을 더 극단적인 신체 비용과 단독 유지력으로 확장함
공격 취향을 버리고 반복 실패로 검증된 생존 역할을 시작 선택으로 잠그는 장면,REF-46,주인공은 공격 취향을 포기하는 아쉬움보다 반복 실패를 끝낼 수 있다는 확신을 우선한다.,공격 취향 회상 → 반복 사망 → 역할 질문 → 생존 역할 실험 성공 → 현실 시작 무기 선택 → 가격·숙련·최종 역할 근거 → 선택 고정,대표,2026년 8월 5일,준비,공격 역할 지향 → 생존 역할 실험 → 방패 역할 선택 → 이후 장비·동료 배치의 기준 고정,"성장·실패, 위기·생존, 평가·판정",Yes,"주인공, 같은 종족의 참가자들",3화 651~715행,공격 취향을 버리고 생존 효율과 최종 역할을 기준으로 방패를 고르는 장면 (%EA%B3%B5%EA%B2%A9%20%EC%B7%A8%ED%96%A5%EC%9D%84%20%EB%B2%84%EB%A6%AC%EA%B3%A0%20%EC%83%9D%EC%A1%B4%20%ED%9A%A8%EC%9C%A8%EA%B3%BC%20%EC%B5%9C%EC%A2%85%20%EC%97%AD%ED%95%A0%EC%9D%84%20%EA%B8%B0%EC%A4%80%EC%9C%BC%EB%A1%9C%20%EB%B0%A9%ED%8C%A8%EB%A5%BC%20%EA%B3%A0%EB%A5%B4%EB%8A%94%20%EC%9E%A5%EB%A9%B4%203b2baa79eaae81e888f1e4492b95799b.csv),취향과 생존 효율이 충돌하며 시작 선택이 장기 역할을 잠금,선택을 후회하지 않고 다음 생존 문제로 넘어감,Yes,취향 → 실패 → 역할 전환 가능성 → 실험 결과 → 현실 선택 근거,과거 게임에서 같은 종족을 처음 키웠던 경험을 회상함,중간,,,"중반에는 보호 장비·치유 자원 배분으로, 후반에는 극재생 빌드로 같은 역할이 변형됨"
희귀 성장 자원을 보상이 아니라 동의 없는 슬롯 점유와 삭제 비용으로 다시 계산하는 장면,REF-46,주인공은 살려 준 사실에 감사하면서도 장기 육성 계획이 훼손된 손해를 별도로 청구한다.,감사와 계산 분리 → 동의 없는 사용 지적 → 삭제 비용 제시 → 희귀성 반박 → 외부 전문가 검증 → 계획 훼손 판정 → 배상 기준 확정,대표,2026년 8월 5일,준비,희귀 보상을 받은 생존자 → 원치 않는 슬롯 손해를 입은 당사자 → 배상 기준을 가진 협상자,"성장·실패, 평가·판정, 협상·거래",Yes,"주인공, 마법사 A, 외부 탐험가 B","41~42화 19,665~19,775행",비동의 성장 자원을 희귀 보상이 아니라 슬롯 훼손과 삭제 비용으로 정산하는 장면 (%EB%B9%84%EB%8F%99%EC%9D%98%20%EC%84%B1%EC%9E%A5%20%EC%9E%90%EC%9B%90%EC%9D%84%20%ED%9D%AC%EA%B7%80%20%EB%B3%B4%EC%83%81%EC%9D%B4%20%EC%95%84%EB%8B%88%EB%9D%BC%20%EC%8A%AC%EB%A1%AF%20%ED%9B%BC%EC%86%90%EA%B3%BC%20%EC%82%AD%EC%A0%9C%20%EB%B9%84%EC%9A%A9%EC%9C%BC%EB%A1%9C%20%EC%A0%95%EC%82%B0%ED%95%98%EB%8A%94%20%EC%9E%A5%EB%A9%B4%203b2baa79eaae81f88748ce9f8e87f39c.csv),희귀하지만 예정에 없던 성장 자원이 당사자 동의 없이 슬롯을 차지함,제3자 기준으로 손해 판정이 확정되고 배상 협상으로 넘어감,Yes,희귀성 → 동의 부재 → 삭제 비용 → 외부 기준 → 장기 계획 훼손,도움을 준 상대에게 다음 계산이 남았다고 선언함,높음,,,후반의 성장 개편에서도 새 장점뿐 아니라 포기 슬롯과 교체 비용을 계속 장부화함
첫 회차 기억을 연구·투자 조건·환급 증거로 환전해 복수 집단 공략대를 만드는 장면,REF-46,"공략자는 위험을 혼자 감당했다는 이유로 정보를 무료로 풀지 않지만, 외부 집단이 손익을 계산할 수 있는 증거와 참여 조건은 제공한다.",민간 조사 실패·단서 → 공략 기억 제공 → 재조사 → 재입장 선언 → 정보 보증금 → 위험 브리핑 → 투자 위축 → 소모 자원 환급 증거 → 희귀 병기 약속 → 파편 유물 대조 → 적·약점·조건 가설 → 연구자 편입 → 복수 집단 인선·물자 장부 → 즉시 진입,대표,2026년 8월 5일,준비,개인이 독점한 1회차 기억 → 연구 가능한 단서·유료 정보 → 복수 집단의 인력·희귀 자원·전략으로 확대,"권한·위계, 정보·비밀, 조직·제도, 협상·거래",Yes,"공략자, 연구자 A, 복수 집단 대표들, 공략대","898~902화 413,410~414,613행","기억 소실로 실패한 민간 조사에서 단서를 건진 연구자를 전속 정보 역할로 편입하는 장면 (%EA%B8%B0%EC%96%B5%20%EC%86%8C%EC%8B%A4%EB%A1%9C%20%EC%8B%A4%ED%8C%A8%ED%95%9C%20%EB%AF%BC%EA%B0%84%20%EC%A1%B0%EC%82%AC%EC%97%90%EC%84%9C%20%EB%8B%A8%EC%84%9C%EB%A5%BC%20%EA%B1%B4%EC%A7%84%20%EC%97%B0%EA%B5%AC%EC%9E%90%EB%A5%BC%20%EC%A0%84%EC%86%8D%20%EC%A0%95%EB%B3%B4%20%EC%97%AD%ED%95%A0%EB%A1%9C%20%ED%8E%B8%EC%9E%85%ED%95%98%EB%8A%94%20%EC%9E%A5%EB%A9%B4%203b2baa79eaae8172b0ced8d8d3e3cd1d.csv), 1회차 정보를 보증금과 참여 조건으로 바꾸고 환급 규칙으로 외부 투자를 끌어내는 장면 (1%ED%9A%8C%EC%B0%A8%20%EC%A0%95%EB%B3%B4%EB%A5%BC%20%EB%B3%B4%EC%A6%9D%EA%B8%88%EA%B3%BC%20%EC%B0%B8%EC%97%AC%20%EC%A1%B0%EA%B1%B4%EC%9C%BC%EB%A1%9C%20%EB%B0%94%EA%BE%B8%EA%B3%A0%20%ED%99%98%EA%B8%89%20%EA%B7%9C%EC%B9%99%EC%9C%BC%EB%A1%9C%20%EC%99%B8%EB%B6%80%20%ED%88%AC%EC%9E%90%EB%A5%BC%20%EB%81%8C%EC%96%B4%EB%82%B4%EB%8A%94%20%EC%9E%A5%EB%A9%B4%203b2baa79eaae813a8bcce532bb704779.csv), 파편 유물과 항해 기록을 대조해 적·약점·출현 조건 후보를 만드는 장면 (%ED%8C%8C%ED%8E%B8%20%EC%9C%A0%EB%AC%BC%EA%B3%BC%20%ED%95%AD%ED%95%B4%20%EA%B8%B0%EB%A1%9D%EC%9D%84%20%EB%8C%80%EC%A1%B0%ED%95%B4%20%EC%A0%81%C2%B7%EC%95%BD%EC%A0%90%C2%B7%EC%B6%9C%ED%98%84%20%EC%A1%B0%EA%B1%B4%20%ED%9B%84%EB%B3%B4%EB%A5%BC%20%EB%A7%8C%EB%93%9C%EB%8A%94%20%EC%9E%A5%EB%A9%B4%203b2baa79eaae814983def0ec773abde4.csv), 복수 집단의 인력·희귀 자원·전략을 묶어 원하는 결말을 시도할 공략대를 완성하는 장면 (%EB%B3%B5%EC%88%98%20%EC%A7%91%EB%8B%A8%EC%9D%98%20%EC%9D%B8%EB%A0%A5%C2%B7%ED%9D%AC%EA%B7%80%20%EC%9E%90%EC%9B%90%C2%B7%EC%A0%84%EB%9E%B5%EC%9D%84%20%EB%AC%B6%EC%96%B4%20%EC%9B%90%ED%95%98%EB%8A%94%20%EA%B2%B0%EB%A7%90%EC%9D%84%20%EC%8B%9C%EB%8F%84%ED%95%A0%20%EA%B3%B5%EB%9E%B5%EB%8C%80%EB%A5%BC%20%EC%99%84%EC%84%B1%ED%95%98%EB%8A%94%20%EC%9E%A5%EB%A9%B4%203b2baa79eaae815f9fcbdea5e3cad750.csv)",공략자의 기억은 남았지만 외부 집단은 위험·수익·조건을 검증해야 희귀 자원을 투자할 수 있음,검증되지 않은 가설과 환급 증거를 함께 장부화한 뒤 네 집단의 실제 인선·물자로 전환함,Yes,민간 실패 → 기억 제공 → 참여 조건 → 위험 → 환급 규칙 → 투자 약속 → 문헌 가설 → 공략대 편성,기억을 잃은 민간 조사대가 남긴 작은 단서와 연구자의 동기를 확인하는 장면에서 시작함,높음,,,투자 규모는 2회차 속도를 높이지만 중도 철수가 어려워지는 매몰 비용과 현지 압박을 함께 만듦
불완전 탈출로 기억·장비·접근권을 보존한 뒤 지역 리셋과 완전 공략을 분리하는 장면,REF-46,공략자는 살아 돌아온 안도보다 얻지 못한 완전 보상과 다음 회차의 위험을 먼저 계산한다.,현지 인물과 탈출 → 사망 손실 규칙 → 불완전 점수 → 영구 접근권 → 장비·기억 복원 → 보존 원인 보류 → 외부 회의 → 리셋 가설 → 탈출과 완전 공략 분리 → 전면 준비 결정,대표,2026년 8월 5일,준비,일회성 약한 육체 탐색자 → 기억·장비·접근권을 가진 반복 공략자 → 불완전 탈출을 다음 준비 자산으로 바꾸는 기획자,"시간·기다림, 위기·생존, 정보·비밀, 평가·판정",Yes,"공략자, 현지 인물 A, 탐사 전문가 B, 시스템","895~896화 412,507~412,880행","약한 대체 육체로 탈출해 기억·장비·영구 접근권을 보존하는 장면 (%EC%95%BD%ED%95%9C%20%EB%8C%80%EC%B2%B4%20%EC%9C%A1%EC%B2%B4%EB%A1%9C%20%ED%83%88%EC%B6%9C%ED%95%B4%20%EA%B8%B0%EC%96%B5%C2%B7%EC%9E%A5%EB%B9%84%C2%B7%EC%98%81%EA%B5%AC%20%EC%A0%91%EA%B7%BC%EA%B6%8C%EC%9D%84%20%EB%B3%B4%EC%A1%B4%ED%95%98%EB%8A%94%20%EC%9E%A5%EB%A9%B4%203b2baa79eaae81be8e0ef293431682c6.csv), 잃은 장비와 기억이 복원됐지만 보존 원인은 확정하지 않는 장면 (%EC%9E%83%EC%9D%80%20%EC%9E%A5%EB%B9%84%EC%99%80%20%EA%B8%B0%EC%96%B5%EC%9D%B4%20%EB%B3%B5%EC%9B%90%EB%90%90%EC%A7%80%EB%A7%8C%20%EB%B3%B4%EC%A1%B4%20%EC%9B%90%EC%9D%B8%EC%9D%80%20%ED%99%95%EC%A0%95%ED%95%98%EC%A7%80%20%EC%95%8A%EB%8A%94%20%EC%9E%A5%EB%A9%B4%203b2baa79eaae8106a2e4d3022b153145.csv), 외부 회의에서 지역 리셋과 불완전 탈출을 판정하고 다음 준비 방식을 바꾸는 장면 (%EC%99%B8%EB%B6%80%20%ED%9A%8C%EC%9D%98%EC%97%90%EC%84%9C%20%EC%A7%80%EC%97%AD%20%EB%A6%AC%EC%85%8B%EA%B3%BC%20%EB%B6%88%EC%99%84%EC%A0%84%20%ED%83%88%EC%B6%9C%EC%9D%84%20%ED%8C%90%EC%A0%95%ED%95%98%EA%B3%A0%20%EB%8B%A4%EC%9D%8C%20%EC%A4%80%EB%B9%84%20%EB%B0%A9%EC%8B%9D%EC%9D%84%20%EB%B0%94%EA%BE%B8%EB%8A%94%20%EC%9E%A5%EB%A9%B4%203b2baa79eaae81f7b561f6c45d1b60fc.csv)",첫 회차에서 탈출에는 성공했지만 완전 공략과 보존 규칙의 원인은 불명확함,현재 보존을 승리로 확정하지 않고 다음 회차의 조기 진입과 전면 준비 과제로 닫음,Yes,사망 손실 규칙 → 탈출 점수·접근권 → 실제 복원 → 원인 가설 → 리셋 예측 → 불완전 공략 판정,최종 전투를 회피하고 현지 인물과 특수 지역을 빠져나가는 행동으로 시작함,높음,,,2회차에 파괴된 지역이 복원되고 공략자의 경로 기억만 남아 리셋·누적 비대칭이 확정됨
지역은 초기화됐지만 경로 기억과 외부 전력이 남아 1회차의 탐색·신뢰를 속도·군세로 대체하는 장면,REF-46,공략자는 과거의 긴 신뢰 형성을 기억하지만 시간과 투자 비용 때문에 같은 관계 과정을 다시 밟지 않는다.,2회차 진입 → 동일 환경 확인 → 경로·시간 압축 → 대규모 투자로 철수 비용 상승 → 파괴 지역 복원 확인 → 잡졸 대화 생략 → 과거 고문·신뢰 루트 검토 → 폐기 → 정체·군세 공개 → 점거 선언,대표,2026년 8월 5일,준비,약한 개인 탐색자 → 기억과 대규모 전력을 가진 반복 공략자 → 관계 설득을 절차·위협으로 압축하는 점령자,"관계 갈등, 권한·위계, 시간·기다림, 조직·제도",Yes,"공략자, 원정대, 현지 지도자 A, 초기화 지역","902~904화 414,700~415,580행","2회차 진입에서 1회차 경로 지식으로 이동과 질문을 압축하는 장면 (2%ED%9A%8C%EC%B0%A8%20%EC%A7%84%EC%9E%85%EC%97%90%EC%84%9C%201%ED%9A%8C%EC%B0%A8%20%EA%B2%BD%EB%A1%9C%20%EC%A7%80%EC%8B%9D%EC%9C%BC%EB%A1%9C%20%EC%9D%B4%EB%8F%99%EA%B3%BC%20%EC%A7%88%EB%AC%B8%EC%9D%84%20%EC%95%95%EC%B6%95%ED%95%98%EB%8A%94%20%EC%9E%A5%EB%A9%B4%203b2baa79eaae81108c9ee4701d0c7ccd.csv), 투자된 인원과 물자 때문에 철수가 어려워지고 복원된 지역으로 리셋을 확정하는 장면 (%ED%88%AC%EC%9E%90%EB%90%9C%20%EC%9D%B8%EC%9B%90%EA%B3%BC%20%EB%AC%BC%EC%9E%90%20%EB%95%8C%EB%AC%B8%EC%97%90%20%EC%B2%A0%EC%88%98%EA%B0%80%20%EC%96%B4%EB%A0%A4%EC%9B%8C%EC%A7%80%EA%B3%A0%20%EB%B3%B5%EC%9B%90%EB%90%9C%20%EC%A7%80%EC%97%AD%EC%9C%BC%EB%A1%9C%20%EB%A6%AC%EC%85%8B%EC%9D%84%20%ED%99%95%EC%A0%95%ED%95%98%EB%8A%94%20%EC%9E%A5%EB%A9%B4%203b2baa79eaae81adbae8e4fb8ea844fe.csv), 1회차의 긴 신뢰 루트를 폐기하고 군세와 점거 선언으로 정보 접근을 압축하는 장면 (1%ED%9A%8C%EC%B0%A8%EC%9D%98%20%EA%B8%B4%20%EC%8B%A0%EB%A2%B0%20%EB%A3%A8%ED%8A%B8%EB%A5%BC%20%ED%8F%90%EA%B8%B0%ED%95%98%EA%B3%A0%20%EA%B5%B0%EC%84%B8%EC%99%80%20%EC%A0%90%EA%B1%B0%20%EC%84%A0%EC%96%B8%EC%9C%BC%EB%A1%9C%20%EC%A0%95%EB%B3%B4%20%EC%A0%91%EA%B7%BC%EC%9D%84%20%EC%95%95%EC%B6%95%ED%95%98%EB%8A%94%20%EC%9E%A5%EB%A9%B4%203b2baa79eaae8185a9d1ff28a3aa9c84.csv)",공략자의 기억과 외부 전력은 누적됐지만 지역 사건·현지 관계는 초기화됨,이전 신뢰 경로를 재현하지 않고 군세와 점거 선언으로 정보 접근권을 강제로 바꿈,Yes,동일 환경 → 경로 기억 → 투자 규모 → 지역 복원 → 과거 루트 → 현재 전력 → 강제 접근,두 번째 진입임을 자각하고 첫 회차보다 빠르게 항로를 건너는 장면에서 시작함,높음,,,현지 인물의 기억 부재가 공략 속도는 높여도 관계 권리를 복구하지 못했음을 드러냄
공략자만 과거 친밀감을 기억하고 현지 인물은 처음 보는 사람으로 남는 장면,REF-46,공략자는 익숙한 별명으로 반가움을 표현하지만 상대의 공포와 기억 부재 앞에서 과거 관계를 주장하지 못한다.,과거 도움 인물 재대면 → 이전 기록을 기억한 행동 → 현지 인물 확보 우선 → 익숙한 별명 호명 → 상대의 첫 만남 질문 → 설명 비용 계산 → 기절 이동 → 과거 관계와 현재 동의 분리,대표,2026년 8월 5일,준비,공략자에게는 재회 → 현지 인물에게는 낯선 침입 → 이전 친밀감이 현재 관계 권리로 승계되지 않음,"관계 갈등, 시간·기다림, 이별·재회, 정보·비밀",Yes,"공략자, 초기화된 현지 인물 A, 연구원들","907화 416,531~416,640행",공략자는 이전 관계를 기억하지만 현지 인물은 처음 보는 사람으로 대하는 장면 (%EA%B3%B5%EB%9E%B5%EC%9E%90%EB%8A%94%20%EC%9D%B4%EC%A0%84%20%EA%B4%80%EA%B3%84%EB%A5%BC%20%EA%B8%B0%EC%96%B5%ED%95%98%EC%A7%80%EB%A7%8C%20%ED%98%84%EC%A7%80%20%EC%9D%B8%EB%AC%BC%EC%9D%80%20%EC%B2%98%EC%9D%8C%20%EB%B3%B4%EB%8A%94%20%EC%82%AC%EB%9E%8C%EC%9C%BC%EB%A1%9C%20%EB%8C%80%ED%95%98%EB%8A%94%20%EC%9E%A5%EB%A9%B4%203b2baa79eaae81cc93f4d5df8d3d1a9e.csv),공략자만 이전 회차의 관계와 선택을 기억하며 상대는 초기화됨,과거 관계를 설명하거나 권리로 주장하지 않고 시간 압박 아래 강제로 이동시킴,Yes,공략자의 기억 → 상대의 기억 부재 → 설명 비용 → 강제 행동 → 관계 비대칭,이전 회차에 도움을 주고받았던 인물을 다시 찾아가 익숙한 별명으로 부름,높음,,,마지막 선택 지점에서 이전 소망을 승계하지 않고 현재 당사자에게 다시 질문해야 하는 이유가 됨
현재 당사자의 선택을 다수 집단의 새 공략 목표로 번역해 기존 탈출 계획을 바꾸는 장면,REF-46,"공략대는 과격한 새 목표에 충격받지만, 공략자는 이전 회차와 현재 소망이 달라졌다는 논리로 계획 변경을 밀어붙인다.",전투 정산 → 공략 조건 토론 → 공략자의 보고 → 탈출이 아닌 소망이라는 재정의 → 이전 회차 반론 → 소망 변화 설명 → 현재 목표 공개 → 집단 충격 → 새 계획 수립,대비,2026년 8월 5일,준비,탈출과 생존 중심 공략대 → 개인의 현재 욕망을 공유받은 집단 → 복수·파괴 중심 루트의 실행 조직,"권한·위계, 전투·대결, 정보·비밀, 조직·제도",Yes,"공략자, 현지 인물 A, 원정대 지휘부와 참가자들","913화 419,680~419,729행",개인의 현재 소망을 공략대의 새 목표로 번역해 탈출 중심 계획을 수정하는 장면 (%EA%B0%9C%EC%9D%B8%EC%9D%98%20%ED%98%84%EC%9E%AC%20%EC%86%8C%EB%A7%9D%EC%9D%84%20%EA%B3%B5%EB%9E%B5%EB%8C%80%EC%9D%98%20%EC%83%88%20%EB%AA%A9%ED%91%9C%EB%A1%9C%20%EB%B2%88%EC%97%AD%ED%95%B4%20%ED%83%88%EC%B6%9C%20%EC%A4%91%EC%8B%AC%20%EA%B3%84%ED%9A%8D%EC%9D%84%20%EC%88%98%EC%A0%95%ED%95%98%EB%8A%94%20%EC%9E%A5%EB%A9%B4%203b2baa79eaae81fda91bfba0a5853681.csv),현재 당사자의 선택이 기존 공략 목표와 충돌하며 다수 집단의 전략·위험 부담을 바꿔야 함,과격한 목표를 공론화하고 공략대가 새 루트의 계획 수립에 들어감,Yes,기존 조건 추론 → 핵심 조건 재정의 → 과거 반례 → 현재 소망 → 집단 반응 → 전략 수정,전투 보상 정산 뒤 공략 성공 조건을 논의하는 집단 회의에서 시작함,높음,,,914화 이후 새 루트 전투가 개인의 선택을 실제 집단 행동과 손실로 검증함
형식상 성공과 높은 보상을 당사자의 불만족 표정으로 거절하고 현재 욕망을 다시 묻는 장면,REF-46,"공략자는 쉬운 종료를 거부하고, 현지 인물은 체념과 두려움 속에서 긴 침묵 끝에 자기 욕망을 처음 드러낸다.",과거 기억 상영 → 성공·점수·보상 제안 → 종료 발화 차단 → 포탈 개방 저지 → 왜 불만족하냐는 질문 → 당사자의 표정 지적 → 이전 소망 복기 → 평화로운 탈출 답변 거절 → 힘 없음 고백 → 선택 책임 제시 → 복수 질문 → 긴 침묵 → 현재 의사 확인 → 새 루트 선언,대표,2026년 8월 5일,준비,형식상 성공한 공략 → 종료 거부 → 이전 회차 소망 무효화 → 현재 당사자의 새 선택으로 루트 재분기,"관계 갈등, 권한·위계, 정보·비밀, 평가·판정",Yes,"공략자, 현재 현지 인물 A, 원본 인물 A, 시스템","912~913화 419,221~419,498행","높은 점수와 종료 제안을 현재 당사자의 불만족 표정 때문에 거절하는 장면 (%EB%86%92%EC%9D%80%20%EC%A0%90%EC%88%98%EC%99%80%20%EC%A2%85%EB%A3%8C%20%EC%A0%9C%EC%95%88%EC%9D%84%20%ED%98%84%EC%9E%AC%20%EB%8B%B9%EC%82%AC%EC%9E%90%EC%9D%98%20%EB%B6%88%EB%A7%8C%EC%A1%B1%20%ED%91%9C%EC%A0%95%20%EB%95%8C%EB%AC%B8%EC%97%90%20%EA%B1%B0%EC%A0%88%ED%95%98%EB%8A%94%20%EC%9E%A5%EB%A9%B4%203b2baa79eaae81c2b8d4caf5ccc22e3e.csv), 이전 회차의 소망을 그대로 인정하지 않고 현재 당사자에게 다시 선택을 요구하는 장면 (%EC%9D%B4%EC%A0%84%20%ED%9A%8C%EC%B0%A8%EC%9D%98%20%EC%86%8C%EB%A7%9D%EC%9D%84%20%EA%B7%B8%EB%8C%80%EB%A1%9C%20%EC%9D%B8%EC%A0%95%ED%95%98%EC%A7%80%20%EC%95%8A%EA%B3%A0%20%ED%98%84%EC%9E%AC%20%EB%8B%B9%EC%82%AC%EC%9E%90%EC%97%90%EA%B2%8C%20%EB%8B%A4%EC%8B%9C%20%EC%84%A0%ED%83%9D%EC%9D%84%20%EC%9A%94%EA%B5%AC%ED%95%98%EB%8A%94%20%EC%9E%A5%EB%A9%B4%203b2baa79eaae810da06bd175991c80a7.csv)",시스템은 성공을 선언하지만 현재 당사자의 만족과 진짜 욕망은 확인되지 않음,보상 수령 대신 현재 당사자의 선택을 받아 다른 루트로 넘어감,Yes,형식상 성공 → 종료 거절 → 불만족 표정 → 이전 답변 → 체념 원인 → 선택 책임 → 현재 욕망,시스템이 성공 장면과 높은 점수를 제시하며 보상을 부여하려는 순간에 시작함,높음,,,개인의 현재 욕망이 공략대 전체의 목표로 번역되며 탈출 중심 계획이 파괴 중심 루트로 바뀜
동의 없는 희귀 보상을 슬롯 점유·삭제 비용·미래 조합 훼손으로 재분류하는 장면,REF-46,감사할 이유가 있어도 선택권 침해와 장기 손해를 별도 장부로 계산한다.,고마움 인정 → 별도 계산 선언 → 동의 없는 흡수 지적 → 삭제 비용 제시 → 희귀성 반박 → 외부 전문가 질문 → 계획 훼손 판정 → 배상 요구,대표,2026년 8월 5일,준비,생존 보상으로 여겨진 희귀 능력 → 한정 슬롯 침해 → 복구 비용과 배상 책임,"성장·실패, 평가·판정, 협상·거래",Yes,"주인공, 마법사 A, 외부 전문가 B","41~42화 19,665~19,775행",비동의 희귀 보상을 슬롯 훼손과 삭제 비용으로 다시 정산하는 장면 (%EB%B9%84%EB%8F%99%EC%9D%98%20%ED%9D%AC%EA%B7%80%20%EB%B3%B4%EC%83%81%EC%9D%84%20%EC%8A%AC%EB%A1%AF%20%ED%9B%BC%EC%86%90%EA%B3%BC%20%EC%82%AD%EC%A0%9C%20%EB%B9%84%EC%9A%A9%EC%9C%BC%EB%A1%9C%20%EB%8B%A4%EC%8B%9C%20%EC%A0%95%EC%82%B0%ED%95%98%EB%8A%94%20%EC%9E%A5%EB%A9%B4%203b3baa79eaae8143b9b8f909b9f07276.csv),타인이 당사자의 생존을 위해 예정에 없던 희귀 능력을 강제로 슬롯에 넣음,희귀성보다 계획 훼손이 우선이라는 외부 판정으로 책임이 확정됨,Yes,구조의 공로 → 동의 부재 → 삭제 비용 → 미래 조합 손실 → 외부 검증,상대에게 고마운 감정과 장기 관계의 경계 설정을 분리하며 시작함,높음,,,
유용한 코어를 희생한 직후 사라진 능력을 몸으로 검증하고 동료 지원 구조까지 다시 짜는 장면,REF-46,상위 능력 획득의 환호 뒤 곧바로 상실된 재생을 확인하며 기대와 불안을 동시에 계산한다.,낮은 생존율 → 유용한 코어 희생 → 상위 능력 획득 → 능력 목록 → 손등 자해 → 재생 상실 확인 → 후보 조합 재계산 → 전투 진형 재배치 → 포션·후열 지원 검증,대표,2026년 8월 5일,준비,기존 안정형 보호 역할 → 공격·내성 강화와 재생 상실 → 포션·후열 지원 의존형 보호 역할,"성장·실패, 전투·대결, 조직·제도",Yes,"주인공, 적대자 A, 지원자 B, 근접 동료 C, 방패 동료 D","138~140화 66,821~67,823행","생존 확률을 높이기 위해 현재도 유용한 코어를 희생하고 상위 선택지를 여는 장면 (%EC%83%9D%EC%A1%B4%20%ED%99%95%EB%A5%A0%EC%9D%84%20%EB%86%92%EC%9D%B4%EA%B8%B0%20%EC%9C%84%ED%95%B4%20%ED%98%84%EC%9E%AC%EB%8F%84%20%EC%9C%A0%EC%9A%A9%ED%95%9C%20%EC%BD%94%EC%96%B4%EB%A5%BC%20%ED%9D%AC%EC%83%9D%ED%95%98%EA%B3%A0%20%EC%83%81%EC%9C%84%20%EC%84%A0%ED%83%9D%EC%A7%80%EB%A5%BC%20%EC%97%AC%EB%8A%94%20%EC%9E%A5%EB%A9%B4%203b3baa79eaae8177a84de58f81e62206.csv), 능력 목록 직후 몸을 베어 사라진 재생을 확인하고 조합을 다시 계산하는 장면 (%EB%8A%A5%EB%A0%A5%20%EB%AA%A9%EB%A1%9D%20%EC%A7%81%ED%9B%84%20%EB%AA%B8%EC%9D%84%20%EB%B2%A0%EC%96%B4%20%EC%82%AC%EB%9D%BC%EC%A7%84%20%EC%9E%AC%EC%83%9D%EC%9D%84%20%ED%99%95%EC%9D%B8%ED%95%98%EA%B3%A0%20%EC%A1%B0%ED%95%A9%EC%9D%84%20%EB%8B%A4%EC%8B%9C%20%EA%B3%84%EC%82%B0%ED%95%98%EB%8A%94%20%EC%9E%A5%EB%A9%B4%203b3baa79eaae81ae98fafb14bb45223a.csv), 재생 상실 뒤 포션 담당과 후열 보호 위치를 다시 짜 새 역할을 검증하는 장면 (%EC%9E%AC%EC%83%9D%20%EC%83%81%EC%8B%A4%20%EB%92%A4%20%ED%8F%AC%EC%85%98%20%EB%8B%B4%EB%8B%B9%EA%B3%BC%20%ED%9B%84%EC%97%B4%20%EB%B3%B4%ED%98%B8%20%EC%9C%84%EC%B9%98%EB%A5%BC%20%EB%8B%A4%EC%8B%9C%20%EC%A7%9C%20%EC%83%88%20%EC%97%AD%ED%95%A0%EC%9D%84%20%EA%B2%80%EC%A6%9D%ED%95%98%EB%8A%94%20%EC%9E%A5%EB%A9%B4%203b3baa79eaae81e78822d7839358199d.csv)",생존을 위해 현재도 유용한 코어를 희생하고 새 능력을 얻었으나 기존 재생과 인지 기능을 잃음,새 능력의 설명이 아니라 실제 장기전에서 지원자와 진형이 바뀐 결과로 닫힘,Yes,생존 위기 → 희생 선택 → 새 장점 → 사라진 기능 → 조합 재계산 → 팀 의존 변화,현재 전략으로는 생존 가능성이 매우 낮다는 계산에서 시작함,높음,,,
한정 치유를 자신에게 요구하지 않고 낮은 생명력을 더 많은 사람의 생존 가능성으로 환산하는 장면,REF-46,자기 안전을 높일 방법을 알면서도 보호 역할의 기준 때문에 요청하지 않는다.,과거 효율주의 회상 → 우선 보호 대상 확인 → 낯선 전사까지 범위 확대 → 방패 역할 자기 규정 → 치유 요구 거부 → 낮은 생명력으로 방어 상승 → 더 많은 구조 가능성 계산 → 합리적 선택 판정,대표,2026년 8월 5일,준비,개인 생존 최적화 가능 → 한정 치유를 타인에게 남김 → 자기 피해가 집단 생존 자원으로 전환,"보호·희생, 위기·생존, 전투·대결",Yes,"주인공, 치유자 A, 원정대 전사들","222화 109,141~109,239행",자기 생존용 치유를 요구하지 않고 생명력을 방어 자원으로 태우는 장면 (%EC%9E%90%EA%B8%B0%20%EC%83%9D%EC%A1%B4%EC%9A%A9%20%EC%B9%98%EC%9C%A0%EB%A5%BC%20%EC%9A%94%EA%B5%AC%ED%95%98%EC%A7%80%20%EC%95%8A%EA%B3%A0%20%EC%83%9D%EB%AA%85%EB%A0%A5%EC%9D%84%20%EB%B0%A9%EC%96%B4%20%EC%9E%90%EC%9B%90%EC%9C%BC%EB%A1%9C%20%ED%83%9C%EC%9A%B0%EB%8A%94%20%EC%9E%A5%EB%A9%B4%203b3baa79eaae81db80bacc33d5901ba0.csv),치유를 자신에게 집중하면 안전하지만 다른 구성원이 죽을 가능성이 높아짐,희생 감정이 아니라 합리적 선택이라는 자기 판정으로 닫힘,Yes,자기 안전 가능성 → 역할 기준 → 타인 생존 가치 → 자원 배분 판단,과거 게임에서 효율만 중시했던 자신과 현재의 차이를 묻는 회상으로 시작함,높음,,,
새 빌드의 고점·명확한 카운터·다른 환경의 역전 해법을 연속 전투로 분리 검증하는 장면,REF-46,"주인공은 압도적으로 버티는 순간에도 본대를 믿고 역할을 나누며, 카운터 환경에서는 즉시 불가능을 인정한다.",보스 시선 점유 → 결손 재생 → 동료 공격권 확보 → 피해 누적 반격 → 다음 보스의 사용 효과 봉인 → 불가능 보고 → 퇴각 → 다른 생명력 소모 필드 → 적용 조건 연결 → 동료 투입 금지 → 단독 홀딩 → 종료,대표,2026년 8월 5일,준비,극재생의 압도적 유지력 → 사용 효과 봉인에서 역할 실패 → 다른 생명력 소모 환경에서 예상 밖 해법,"성장·실패, 위기·생존, 전투·대결",Yes,"주인공, 본대, 지휘부, 보스 A·B","909~917화 417,181~421,305행","보스 공격을 단독 감당하고 누적 피해를 동료 공격권과 반격 자원으로 바꾸는 장면 (%EB%B3%B4%EC%8A%A4%20%EA%B3%B5%EA%B2%A9%EC%9D%84%20%EB%8B%A8%EB%8F%85%20%EA%B0%90%EB%8B%B9%ED%95%98%EA%B3%A0%20%EB%88%84%EC%A0%81%20%ED%94%BC%ED%95%B4%EB%A5%BC%20%EB%8F%99%EB%A3%8C%20%EA%B3%B5%EA%B2%A9%EA%B6%8C%EA%B3%BC%20%EB%B0%98%EA%B2%A9%20%EC%9E%90%EC%9B%90%EC%9C%BC%EB%A1%9C%20%EB%B0%94%EA%BE%B8%EB%8A%94%20%EC%9E%A5%EB%A9%B4%203b3baa79eaae8137bb97eab5b97a031b.csv), 사용 효과 봉인 환경에서 새 빌드의 카운터를 인정하고 퇴각을 수용하는 장면 (%EC%82%AC%EC%9A%A9%20%ED%9A%A8%EA%B3%BC%20%EB%B4%89%EC%9D%B8%20%ED%99%98%EA%B2%BD%EC%97%90%EC%84%9C%20%EC%83%88%20%EB%B9%8C%EB%93%9C%EC%9D%98%20%EC%B9%B4%EC%9A%B4%ED%84%B0%EB%A5%BC%20%EC%9D%B8%EC%A0%95%ED%95%98%EA%B3%A0%20%ED%87%B4%EA%B0%81%EC%9D%84%20%EC%88%98%EC%9A%A9%ED%95%98%EB%8A%94%20%EC%9E%A5%EB%A9%B4%203b3baa79eaae812e9208c0f541507e2a.csv), 생명력 소모 필드와 극재생의 연쇄를 발견해 동료를 빼고 혼자 보스를 붙잡는 장면 (%EC%83%9D%EB%AA%85%EB%A0%A5%20%EC%86%8C%EB%AA%A8%20%ED%95%84%EB%93%9C%EC%99%80%20%EA%B7%B9%EC%9E%AC%EC%83%9D%EC%9D%98%20%EC%97%B0%EC%87%84%EB%A5%BC%20%EB%B0%9C%EA%B2%AC%ED%95%B4%20%EB%8F%99%EB%A3%8C%EB%A5%BC%20%EB%B9%BC%EA%B3%A0%20%ED%98%BC%EC%9E%90%20%EB%B3%B4%EC%8A%A4%EB%A5%BC%20%EB%B6%99%EC%9E%A1%EB%8A%94%20%EC%9E%A5%EB%A9%B4%203b3baa79eaae8119a769f9cdaf141a0b.csv)","극단 전문화의 실제 고점과 약점, 환경별 상호작용을 연속 보스전에서 검증해야 함",카운터를 삭제하지 않고 다른 필드에서 조건 연쇄가 맞을 때만 해법으로 뒤집음,Yes,고점 → 팀 보상 → 명확한 카운터 → 실패 인정 → 다른 환경 조건 → 제한적 재성공,본대가 각자 역할을 수행하는 가운데 주인공이 보스 공격을 전담하며 시작함,높음,,,
극단적 재생을 몸으로 검증한 뒤 포기한 슬롯·생명력 비용·즉사 예외를 함께 장부화하는 장면,REF-46,신체 결손의 즉시 회복에 흥분하지만 곧바로 생명력 비용과 포기한 능력을 다시 계산한다.,예상 밖 손실 → 신체 결손 → 즉시 재생 → 직전 평가 철회 → 몸의 일부 선언 → 재생 비용 확인 → 포기한 슬롯 열거 → 새 조합 질문 → 즉사 예외 → 다음 목표 유지,대표,2026년 8월 5일,준비,새 선택의 손해 의심 → 극재생 고점 확인 → 포기 비용과 카운터가 남은 새 보호 역할,"성장·실패, 위기·생존, 평가·판정",Yes,"주인공, 동료 A, 능력 원형 존재","859화 396,748~397,040행","새 능력의 결손 재생을 몸으로 확인한 뒤 직전 손해 판정을 뒤집는 장면 (%EC%83%88%20%EB%8A%A5%EB%A0%A5%EC%9D%98%20%EA%B2%B0%EC%86%90%20%EC%9E%AC%EC%83%9D%EC%9D%84%20%EB%AA%B8%EC%9C%BC%EB%A1%9C%20%ED%99%95%EC%9D%B8%ED%95%9C%20%EB%92%A4%20%EC%A7%81%EC%A0%84%20%EC%86%90%ED%95%B4%20%ED%8C%90%EC%A0%95%EC%9D%84%20%EB%92%A4%EC%A7%91%EB%8A%94%20%EC%9E%A5%EB%A9%B4%203b3baa79eaae813b82a7f282605f1aad.csv), 극단적 재생의 비용과 포기한 슬롯을 장부화하고 즉사 예외를 남기는 장면 (%EA%B7%B9%EB%8B%A8%EC%A0%81%20%EC%9E%AC%EC%83%9D%EC%9D%98%20%EB%B9%84%EC%9A%A9%EA%B3%BC%20%ED%8F%AC%EA%B8%B0%ED%95%9C%20%EC%8A%AC%EB%A1%AF%EC%9D%84%20%EC%9E%A5%EB%B6%80%ED%99%94%ED%95%98%EA%B3%A0%20%EC%A6%89%EC%82%AC%20%EC%98%88%EC%99%B8%EB%A5%BC%20%EB%82%A8%EA%B8%B0%EB%8A%94%20%EC%9E%A5%EB%A9%B4%203b3baa79eaae816e924dfc9f36b38a5b.csv)",새 능력의 고점과 예상 밖 손실이 동시에 드러나며 최종 조합을 다시 정해야 함,무적 선언이 아니라 즉사 예외와 다음 슬롯·사람 수색 목표를 남김,Yes,손실 → 핵심 효용 → 평가 수정 → 비용 → 포기 목록 → 한계와 다음 목표,새 정수의 원형 존재가 예상과 다른 방식으로 공격하는 시험에서 시작함,높음,,,
취향을 버리고 생존 역할을 먼저 정한 뒤 시작 장비와 이후 선택을 같은 방향으로 잠그는 장면,REF-46,주인공은 공격 역할에 대한 미련보다 반복 사망의 기억과 현실 생존을 우선한다.,공격 취향 회상 → 반복 실패 → 역할 질문 → 보호 역할 실험 성공 → 현실 방패 선택 → 가격·숙련·장기 역할 근거 → 후회 없음,대표,2026년 8월 5일,준비,공격 지향 후보 → 생존 우선 보호 역할 → 이후 장비·정수 선택의 기준 고정,"보호·희생, 성장·실패, 위기·생존",Yes,"주인공, 종족 공동체",3화 651~715행,공격 취향을 버리고 생존 효율과 최종 역할을 기준으로 시작 무기를 고르는 장면 (%EA%B3%B5%EA%B2%A9%20%EC%B7%A8%ED%96%A5%EC%9D%84%20%EB%B2%84%EB%A6%AC%EA%B3%A0%20%EC%83%9D%EC%A1%B4%20%ED%9A%A8%EC%9C%A8%EA%B3%BC%20%EC%B5%9C%EC%A2%85%20%EC%97%AD%ED%95%A0%EC%9D%84%20%EA%B8%B0%EC%A4%80%EC%9C%BC%EB%A1%9C%20%EC%8B%9C%EC%9E%91%20%EB%AC%B4%EA%B8%B0%EB%A5%BC%20%EA%B3%A0%EB%A5%B4%EB%8A%94%20%EC%9E%A5%EB%A9%B4%203b3baa79eaae81ec8999ef519fcd5422.csv),첫 선택이 장기 전투 역할을 고정하며 취향과 생존 효율이 충돌함,선택 근거를 세 가지로 닫고 즉시 다음 생존 문제로 넘어감,Yes,취향 → 실패 경험 → 역할 전환 가능성 → 현실 선택 근거,과거 플레이에서 같은 종족을 공격 역할로 운용했던 기억으로 시작함,중간,,,
보호받던 신입이 상실을 전쟁 권한으로 바꾸고 공유 행동으로 귀환자를 다시 판정하는 장면,REF-46,"옛 신입은 보호자를 잃은 복수와 재상실 공포로 압도적 힘을 쌓았고, 재회에서는 정체보다 함께한 행동을 기준으로 상대를 받아들인다.",압도적 원거리 공격 → 타인의 공포·이명 → 재회 정체 의심 → 공유 기억 대조 → 악령 여부 질문 → 현재 행동 기준 → 같은 사람 판정 → 다시 잃지 않겠다는 보호 약속,대표,2026년 8월 5일,준비,보호받던 신입 → 상실을 복수·전쟁 공적으로 바꾼 독립 전력 → 귀환자를 판정하고 보호를 약속하는 권한자,"보호·희생, 성장·실패, 이별·재회, 평가·판정",Yes,"귀환자 A, 옛 신입 B, 경쟁 동료 C","338~340화 166,900~167,600행","압도적 전투 권한을 보여 준 뒤 공유 기억과 행동으로 재회 상대를 판정하는 장면 (%EC%95%95%EB%8F%84%EC%A0%81%20%EC%A0%84%ED%88%AC%20%EA%B6%8C%ED%95%9C%EC%9D%84%20%EB%B3%B4%EC%97%AC%20%EC%A4%80%20%EB%92%A4%20%EA%B3%B5%EC%9C%A0%20%EA%B8%B0%EC%96%B5%EA%B3%BC%20%ED%96%89%EB%8F%99%EC%9C%BC%EB%A1%9C%20%EC%9E%AC%ED%9A%8C%20%EC%83%81%EB%8C%80%EB%A5%BC%20%ED%8C%90%EC%A0%95%ED%95%98%EB%8A%94%20%EC%9E%A5%EB%A9%B4%203b3baa79eaae81118dabd216dd4a3154.csv), 보호 약속 직후 경쟁 동료 살해 제안에 즉시 금지 경계를 세우는 장면 (%EB%B3%B4%ED%98%B8%20%EC%95%BD%EC%86%8D%20%EC%A7%81%ED%9B%84%20%EA%B2%BD%EC%9F%81%20%EB%8F%99%EB%A3%8C%20%EC%82%B4%ED%95%B4%20%EC%A0%9C%EC%95%88%EC%97%90%20%EC%A6%89%EC%8B%9C%20%EA%B8%88%EC%A7%80%20%EA%B2%BD%EA%B3%84%EB%A5%BC%20%EC%84%B8%EC%9A%B0%EB%8A%94%20%EC%9E%A5%EB%A9%B4%203b3baa79eaae81e980c4c71876a28321.csv)",보호자의 사망 소식을 믿고 복수와 전쟁으로 성장한 인물이 장기 부재 뒤 재회함,정체 판정과 보호 약속 직후 경쟁자 제거 제안이 붙어 힘의 목적이 여전히 재상실 방지에 고정됐음을 드러냄,Yes,전투 권한 → 과거 기억 → 정체 질문 → 행동 판정 → 보호 약속 → 경쟁자 위험화,재회 인물의 설명보다 압도적 공격과 타인의 공포로 새 권한을 먼저 체감시킴,높음,,,보호 약속은 편지·장비·외출 차단으로 구체화돼 관계 통제로 변질됨
살려 달라는 신입을 위로보다 역할 질문·첫 실행·배분으로 한 사람 몫의 동료로 바꾸는 장면,REF-46,신입은 생존 부탁에서 시작하지만 역할을 증명하고 가족에게 가져갈 몫을 확인하면서 보호 대상 이상의 위치를 얻는다.,무릎·생존 요청 → 치료 자원만 제공 → 추격 정보 질문 → 감지·사격 역할 확인 → 살해 경험 부재 → 임시 계약·배분 → 첫 살해 → 짧은 판단 인정 → 자원 제한 전투 자청 → 솜씨 인정 → 회수 자원·가족 목적 확인,대표,2026년 8월 5일,준비,구조를 구하는 부상자 → 임시 역할을 가진 신입 → 전투 판단을 인정받은 수익 참여자,"관계 형성, 위기·생존, 평가·판정, 협상·거래",Yes,"보호자 A, 신입 B, 추격자와 몬스터","8~11화 3,379~4,607행","부상한 신입이 부양할 가족을 이유로 생존을 요청하고 치료 자원만 먼저 받는 장면 (%EB%B6%80%EC%83%81%ED%95%9C%20%EC%8B%A0%EC%9E%85%EC%9D%B4%20%EB%B6%80%EC%96%91%ED%95%A0%20%EA%B0%80%EC%A1%B1%EC%9D%84%20%EC%9D%B4%EC%9C%A0%EB%A1%9C%20%EC%83%9D%EC%A1%B4%EC%9D%84%20%EC%9A%94%EC%B2%AD%ED%95%98%EA%B3%A0%20%EC%B9%98%EB%A3%8C%20%EC%9E%90%EC%9B%90%EB%A7%8C%20%EB%A8%BC%EC%A0%80%20%EB%B0%9B%EB%8A%94%20%EC%9E%A5%EB%A9%B4%203b3baa79eaae8188800fce4893df63c5.csv), 감지·사격 역할과 임시 배분 계약을 질문 순서로 정하는 장면 (%EA%B0%90%EC%A7%80%C2%B7%EC%82%AC%EA%B2%A9%20%EC%97%AD%ED%95%A0%EA%B3%BC%20%EC%9E%84%EC%8B%9C%20%EB%B0%B0%EB%B6%84%20%EA%B3%84%EC%95%BD%EC%9D%84%20%EC%A7%88%EB%AC%B8%20%EC%88%9C%EC%84%9C%EB%A1%9C%20%EC%A0%95%ED%95%98%EB%8A%94%20%EC%9E%A5%EB%A9%B4%203b3baa79eaae8187bd61fc891f141353.csv), 첫 살해 직후 망설이지 않은 판단을 짧게 인정하고 치료로 전환하는 장면 (%EC%B2%AB%20%EC%82%B4%ED%95%B4%20%EC%A7%81%ED%9B%84%20%EB%A7%9D%EC%84%A4%EC%9D%B4%EC%A7%80%20%EC%95%8A%EC%9D%80%20%ED%8C%90%EB%8B%A8%EC%9D%84%20%EC%A7%A7%EA%B2%8C%20%EC%9D%B8%EC%A0%95%ED%95%98%EA%B3%A0%20%EC%B9%98%EB%A3%8C%EB%A1%9C%20%EC%A0%84%ED%99%98%ED%95%98%EB%8A%94%20%EC%9E%A5%EB%A9%B4%203b3baa79eaae81c2befadc59f4e3d784.csv), 자원 제한 아래 자기 몫을 증명하고 가족을 위한 수익 가능성을 확인하는 장면 (%EC%9E%90%EC%9B%90%20%EC%A0%9C%ED%95%9C%20%EC%95%84%EB%9E%98%20%EC%9E%90%EA%B8%B0%20%EB%AA%AB%EC%9D%84%20%EC%A6%9D%EB%AA%85%ED%95%98%EA%B3%A0%20%EA%B0%80%EC%A1%B1%EC%9D%84%20%EC%9C%84%ED%95%9C%20%EC%88%98%EC%9D%B5%20%EA%B0%80%EB%8A%A5%EC%84%B1%EC%9D%84%20%ED%99%95%EC%9D%B8%ED%95%98%EB%8A%94%20%EC%9E%A5%EB%A9%B4%203b3baa79eaae81d7bca4cddceab963d1.csv)",부상한 초보가 가족 부양 욕망은 있지만 살해 경험과 독립 전투 경험이 없음,보호자의 감정적 수용이 아니라 전투 성과·자원 회수·배분 몫으로 역할을 확정함,Yes,부양 욕망 → 능력·경험 → 계약 → 첫 실행 → 성과 → 수익 목적,추격당한 신입이 무릎 꿇고 살려 달라고 요청하는 장면에서 시작함,중간,,,장기 부재 뒤 신입은 압도적 전투 권한을 얻지만 그 힘이 관계 성숙을 자동으로 보장하지 않음
상실 강박의 보호가 경쟁자 제거·편지 훼손·장비 은닉·외출 차단으로 바뀌는 장면,REF-46,"강한 보호자는 상대를 다시 잃을 공포를 줄이기 위해 상대의 선택지를 줄이며, 보호받는 사람은 안전과 감금의 경계를 체감한다.",다시는 잃지 않겠다는 약속 → 경쟁자 살해 제안 → 살해 금지 경계 → 편지 훼손 → 보관함 파괴 → 장비 은닉 → 창문 봉쇄 → 외출 불필요 선언 → 보호 대상의 관리 대상화,대표,2026년 8월 5일,준비,재회한 보호 관계 → 경쟁자 제거 욕망 → 연락권·장비권·외부 활동권을 박탈한 통제 관계,"관계 갈등, 권한·위계, 보호·희생, 정보·비밀",Yes,"귀환자 A, 강한 보호자 B, 경쟁 동료 C, 은거 공간","340~341화 167,560~168,140행","보호 약속 직후 경쟁 동료 살해 제안에 즉시 금지 경계를 세우는 장면 (%EB%B3%B4%ED%98%B8%20%EC%95%BD%EC%86%8D%20%EC%A7%81%ED%9B%84%20%EA%B2%BD%EC%9F%81%20%EB%8F%99%EB%A3%8C%20%EC%82%B4%ED%95%B4%20%EC%A0%9C%EC%95%88%EC%97%90%20%EC%A6%89%EC%8B%9C%20%EA%B8%88%EC%A7%80%20%EA%B2%BD%EA%B3%84%EB%A5%BC%20%EC%84%B8%EC%9A%B0%EB%8A%94%20%EC%9E%A5%EB%A9%B4%203b3baa79eaae81e980c4c71876a28321.csv), 편지·장비·창문을 차단해 보호를 외부 활동권 박탈로 바꾸는 장면 (%ED%8E%B8%EC%A7%80%C2%B7%EC%9E%A5%EB%B9%84%C2%B7%EC%B0%BD%EB%AC%B8%EC%9D%84%20%EC%B0%A8%EB%8B%A8%ED%95%B4%20%EB%B3%B4%ED%98%B8%EB%A5%BC%20%EC%99%B8%EB%B6%80%20%ED%99%9C%EB%8F%99%EA%B6%8C%20%EB%B0%95%ED%83%88%EB%A1%9C%20%EB%B0%94%EA%BE%B8%EB%8A%94%20%EC%9E%A5%EB%A9%B4%203b3baa79eaae813d99ced2e8b0d88d46.csv)",상실 공포를 실행할 충분한 전투·주거·정보 통제 권한이 보호자에게 있음,추상적 집착 설명 대신 훼손된 편지·사라진 장비·막힌 창문과 외출 금지로 권리 침해를 물질화함,Yes,보호 선언 → 경쟁자 위험화 → 금지 경계 → 통신 차단 → 장비 차단 → 공간 차단,재회 상대를 다시는 잃지 않겠다는 다정한 보호 약속에서 시작함,높음,,,"대면 뒤 힘을 버리겠다는 전면 순종도 거절되고, 일부 권리만 복구된 채 환경 통제는 잔여함"
통제 문제를 인정한 상대의 전면 순종을 이용하지 않고 힘과 선택권을 보존한 채 관계 경계를 설정하는 장면,REF-46,"강한 보호자는 미움받을까 두려워 힘을 모두 버리려 하지만, 상대는 복종을 보상으로 삼지 않고 스스로 경계를 지키게 한다.",공격 회피 거부 → 다칠까 두려움 → 통제 문제 인정 → 상실 뒤 복수·권한 이력 → 경쟁자 방해 중단 약속 → 모든 힘 삭제 제안 → 순종 이용 거부 → 힘 유지 요구 → 자신이 아니라 상대와 관계를 위한 경계 → 장비 반환 → 막힌 환경 잔여,대표,2026년 8월 5일,준비,통제하는 강자와 관리 대상 → 문제를 인정한 순종자와 명령 가능한 상대 → 힘과 선택권을 가진 관계 주체·미완 회복,"관계 회복, 권한·위계, 성장·실패, 평가·판정",Yes,"귀환자 A, 강한 보호자 B, 경쟁 동료 C","346~347화 170,120~170,379행","통제 문제를 인정하고 힘을 버리겠다는 순종을 거절해 선택권과 관계 경계를 남기는 장면 (%ED%86%B5%EC%A0%9C%20%EB%AC%B8%EC%A0%9C%EB%A5%BC%20%EC%9D%B8%EC%A0%95%ED%95%98%EA%B3%A0%20%ED%9E%98%EC%9D%84%20%EB%B2%84%EB%A6%AC%EA%B2%A0%EB%8B%A4%EB%8A%94%20%EC%88%9C%EC%A2%85%EC%9D%84%20%EA%B1%B0%EC%A0%88%ED%95%B4%20%EC%84%A0%ED%83%9D%EA%B6%8C%EA%B3%BC%20%EA%B4%80%EA%B3%84%20%EA%B2%BD%EA%B3%84%EB%A5%BC%20%EB%82%A8%EA%B8%B0%EB%8A%94%20%EC%9E%A5%EB%A9%B4%203b3baa79eaae8156a810eeea248334a5.csv), 관계 합의 뒤에도 막힌 창문이 남고 숨긴 장비만 반환되는 장면 (%EA%B4%80%EA%B3%84%20%ED%95%A9%EC%9D%98%20%EB%92%A4%EC%97%90%EB%8F%84%20%EB%A7%89%ED%9E%8C%20%EC%B0%BD%EB%AC%B8%EC%9D%B4%20%EB%82%A8%EA%B3%A0%20%EC%88%A8%EA%B8%B4%20%EC%9E%A5%EB%B9%84%EB%A7%8C%20%EB%B0%98%ED%99%98%EB%90%98%EB%8A%94%20%EC%9E%A5%EB%A9%B4%203b3baa79eaae813db1ddfca4441c0841.csv)",관계 문제를 인정한 강자가 상대 명령에 따라 자기 힘과 권한 전부를 버릴 의사가 있음,전면 희생을 받지 않고 힘은 유지시키되 장비만 반환하고 환경 통제는 남겨 회복을 미완으로 둠,Yes,통제 인정 → 힘의 기원 → 중단 약속 → 전면 포기 제안 → 거절 → 경계 이유 → 부분 권리 복구 → 잔여 통제,서로의 몸을 걸고 통제 문제를 직접 시험하는 대면에서 시작함,높음,,,후반에는 힘을 유지한 채 가족·종족 책임을 다시 선택하는지로 성장 판정이 이동함
최상위 전투 조합의 효율과 충동·불신·자제력 저하를 같은 성장 장부에 넣는 장면,REF-46,관찰자는 압도적 사격과 무한 자원에 감탄하면서도 그 힘이 관계 통제를 강화한 정신 비용을 별도 결함으로 남긴다.,희귀 혈통 능력 → 계층 성장 자원 → 상위 계약 → 전투 고점 계산 → 충동·불신·자제력 저하 열거 → 효율 인정 → 위험 판정 → 실제 사격 → 계약 존재의 자원 공급 → 집중 공격 시연,대표,2026년 8월 5일,준비,상실로 성장한 전쟁 영웅 → 최상위 원거리 전력 → 전투 효율과 정신·관계 비용이 함께 잠긴 전문화,"성장·실패, 전투·대결, 평가·판정",Yes,"관찰자 A, 최상위 전투자 B, 계약 존재 C","463화 228,540~228,750행",최상위 전투 권한의 효율과 충동·불신·자제력 저하 비용을 함께 계산하는 장면 (%EC%B5%9C%EC%83%81%EC%9C%84%20%EC%A0%84%ED%88%AC%20%EA%B6%8C%ED%95%9C%EC%9D%98%20%ED%9A%A8%EC%9C%A8%EA%B3%BC%20%EC%B6%A9%EB%8F%99%C2%B7%EB%B6%88%EC%8B%A0%C2%B7%EC%9E%90%EC%A0%9C%EB%A0%A5%20%EC%A0%80%ED%95%98%20%EB%B9%84%EC%9A%A9%EC%9D%84%20%ED%95%A8%EA%BB%98%20%EA%B3%84%EC%82%B0%ED%95%98%EB%8A%94%20%EC%9E%A5%EB%A9%B4%203b3baa79eaae812b9622ce590ed34f37.csv),여러 희귀 권한이 하나의 전투 역할을 극대화하지만 정신 스탯과 관계 행동에도 영향을 줌,수치 목록만 제시하지 않고 실제 사격 위력과 자원 구조를 보여 준 뒤 정신 비용을 삭제하지 않음,Yes,권한 구성 → 전투 장점 → 정신 손실 → 실제 효율 → 관계 위험,동료의 성장 자원을 분석하는 빌드 점검에서 시작함,높음,,,종족 공동체는 그 권한을 공공 자원으로 보고 회수 책임을 요구함
개인 자유를 먼저 보호한 뒤 공공 권한 손실·방치한 가족·나쁜 여론을 별도 부채로 다시 인수하는 장면,REF-46,"귀환한 인물은 고향의 비난과 가족의 거리 앞에서 압도적 전투자답지 않게 말을 고르고 눈치를 보며, 동료는 모욕을 막은 뒤 정산 방법을 찾는다.",배신자 호칭 → 공공 권한 의무 비난 → 살해·회수 주장 → 동료의 공개 경계 → 공동체 손실 설명 → 정산 의사 → 동생과 부분 재회 → 가족 상실 재서술 → 서로 작은 호의도 거절 → 보호자 방문 → 나쁜 여론 확인 → 감사 → 권력 구조 질문 → 입지 개선 계획,대표,2026년 8월 5일,준비,개인 자유를 택한 종족 배신자 → 공개 보호를 받은 귀환자 → 가족·공동체 부채를 다시 선택하는 관계 주체,"관계 회복, 권한·위계, 상실·애도, 조직·제도",Yes,"귀환한 인물 A, 동료 B, 동생 C, 가족 보호자 D, 종족 공동체","778~780화 363,287~364,050행","공공 권한을 버린 배신자 비난과 살해·회수 주장 앞에서 공개 경계를 긋는 장면 (%EA%B3%B5%EA%B3%B5%20%EA%B6%8C%ED%95%9C%EC%9D%84%20%EB%B2%84%EB%A6%B0%20%EB%B0%B0%EC%8B%A0%EC%9E%90%20%EB%B9%84%EB%82%9C%EA%B3%BC%20%EC%82%B4%ED%95%B4%C2%B7%ED%9A%8C%EC%88%98%20%EC%A3%BC%EC%9E%A5%20%EC%95%9E%EC%97%90%EC%84%9C%20%EA%B3%B5%EA%B0%9C%20%EA%B2%BD%EA%B3%84%EB%A5%BC%20%EA%B8%8B%EB%8A%94%20%EC%9E%A5%EB%A9%B4%203b3baa79eaae8147ba2beb8cda4c9d47.csv), 개인 자유의 공동체 비용을 인정하고 방치한 가족 관계의 부분 회복을 확인하는 장면 (%EA%B0%9C%EC%9D%B8%20%EC%9E%90%EC%9C%A0%EC%9D%98%20%EA%B3%B5%EB%8F%99%EC%B2%B4%20%EB%B9%84%EC%9A%A9%EC%9D%84%20%EC%9D%B8%EC%A0%95%ED%95%98%EA%B3%A0%20%EB%B0%A9%EC%B9%98%ED%95%9C%20%EA%B0%80%EC%A1%B1%20%EA%B4%80%EA%B3%84%EC%9D%98%20%EB%B6%80%EB%B6%84%20%ED%9A%8C%EB%B3%B5%EC%9D%84%20%ED%99%95%EC%9D%B8%ED%95%98%EB%8A%94%20%EC%9E%A5%EB%A9%B4%203b3baa79eaae81f79930c5727c6ce759.csv), 방치했던 동생과 상실 기억을 다시 말하고 서로 눈치를 보는 미완 가족 관계를 확인하는 장면 (%EB%B0%A9%EC%B9%98%ED%96%88%EB%8D%98%20%EB%8F%99%EC%83%9D%EA%B3%BC%20%EC%83%81%EC%8B%A4%20%EA%B8%B0%EC%96%B5%EC%9D%84%20%EB%8B%A4%EC%8B%9C%20%EB%A7%90%ED%95%98%EA%B3%A0%20%EC%84%9C%EB%A1%9C%20%EB%88%88%EC%B9%98%EB%A5%BC%20%EB%B3%B4%EB%8A%94%20%EB%AF%B8%EC%99%84%20%EA%B0%80%EC%A1%B1%20%EA%B4%80%EA%B3%84%EB%A5%BC%20%ED%99%95%EC%9D%B8%ED%95%98%EB%8A%94%20%EC%9E%A5%EB%A9%B4%203b3baa79eaae814392e4ed265dd6491b.csv), 보호자에게 공동체 여론과 권력 구조를 묻고 입지 회복을 제도 과제로 바꾸는 장면 (%EB%B3%B4%ED%98%B8%EC%9E%90%EC%97%90%EA%B2%8C%20%EA%B3%B5%EB%8F%99%EC%B2%B4%20%EC%97%AC%EB%A1%A0%EA%B3%BC%20%EA%B6%8C%EB%A0%A5%20%EA%B5%AC%EC%A1%B0%EB%A5%BC%20%EB%AC%BB%EA%B3%A0%20%EC%9E%85%EC%A7%80%20%ED%9A%8C%EB%B3%B5%EC%9D%84%20%EC%A0%9C%EB%8F%84%20%EA%B3%BC%EC%A0%9C%EB%A1%9C%20%EB%B0%94%EA%BE%B8%EB%8A%94%20%EC%9E%A5%EB%A9%B4%203b3baa79eaae81af8f76fc1df01a587d.csv)",공공 성격의 희귀 권한과 가족 책임을 떠나 개인 복수·선택을 수행한 뒤 고향에 돌아옴,비난을 무조건 무효화하지 않고 개인 안전선 확보 뒤 가족 대화·공동체 권력 구조·입지 개선 계획으로 부채를 분리함,Yes,모욕·위협 → 개인 보호 → 공공 손실 → 가족 거리 → 상실 기억 → 여론·권력 구조 → 정산 계획,고향 주민들이 귀환자를 배신자라 부르고 살해해 권한을 회수하자고 주장하는 장면에서 시작함,높음,,,최종 위기에서 한 사람 보호·가족·종족·자기 생존을 어떻게 배분하는지는 미확인으로 남음
공식 낙인 한 문장으로 영웅 기록을 제거 대상으로 뒤집고 승인 목적이 불명확해 공개 복귀를 늦추는 장면,REF-46,귀환자는 기록을 반박할 수 있다고 보면서도 누군가 자신이 돌아오지 않길 원할 수 있다는 불안을 우선해 작위·명성 회복을 미룬다.,동료의 장기 부재 설명 → 공권력 낙인 공표 → 충격 → 흩어진 관계와 명성 손실 확인 → 검증으로 복구 가능성 계산 → 죽은 사람 기록 승인 비정상성 → 배후 목적 추론 → 정보 부족 → 공식 검증대 복귀 보류,대표,2026년 8월 5일,준비,사망한 영웅·작위자 → 공식 낙인 대상 → 귀환 사실을 숨기며 기록 작성자의 목적부터 조사하는 잠복자,"정보·비밀, 정체·출신, 조직·제도, 평가·판정",Yes,"귀환자 A, 동료 B, 공권력 조직, 검증 수단","338~341화 166,323~167,817행","공식 낙인 한 문장이 사망한 영웅을 전 사회의 제거 대상으로 바꾸는 장면 (%EA%B3%B5%EC%8B%9D%20%EB%82%99%EC%9D%B8%20%ED%95%9C%20%EB%AC%B8%EC%9E%A5%EC%9D%B4%20%EC%82%AC%EB%A7%9D%ED%95%9C%20%EC%98%81%EC%9B%85%EC%9D%84%20%EC%A0%84%20%EC%82%AC%ED%9A%8C%EC%9D%98%20%EC%A0%9C%EA%B1%B0%20%EB%8C%80%EC%83%81%EC%9C%BC%EB%A1%9C%20%EB%B0%94%EA%BE%B8%EB%8A%94%20%EC%9E%A5%EB%A9%B4%203b3baa79eaae8159b72df0539b70ac10.csv), 사망자의 낙인을 공식 승인한 행위를 정치 신호로 읽고 즉시 복귀를 보류하는 장면 (%EC%82%AC%EB%A7%9D%EC%9E%90%EC%9D%98%20%EB%82%99%EC%9D%B8%EC%9D%84%20%EA%B3%B5%EC%8B%9D%20%EC%8A%B9%EC%9D%B8%ED%95%9C%20%ED%96%89%EC%9C%84%EB%A5%BC%20%EC%A0%95%EC%B9%98%20%EC%8B%A0%ED%98%B8%EB%A1%9C%20%EC%9D%BD%EA%B3%A0%20%EC%A6%89%EC%8B%9C%20%EB%B3%B5%EA%B7%80%EB%A5%BC%20%EB%B3%B4%EB%A5%98%ED%95%98%EB%8A%94%20%EC%9E%A5%EB%A9%B4%203b3baa79eaae81c5bce9c076253dc17c.csv)",사망한 것으로 알려진 영웅의 소문을 공권력이 굳이 공식 승인했으며 사실 검증은 가능해 보임,즉시 누명을 벗기보다 승인 목적과 배후를 모른다는 이유로 공식 복귀를 보류함,Yes,공식 문장 → 사회적 결과 → 반박 수단 → 승인 행위의 비정상성 → 배후 위험 → 잠복 결정,가까운 동료가 이름을 부른 뒤 과거 시점을 특정해 공식 공표 사실을 짧게 전달함,높음,,,공개 개선식에서 조직 위신과 낙인 기록을 충돌시켜 비밀 임무 서사로 강제 수정함
공개 행사에서 공식 호명과 본명을 충돌시켜 낙인 기록을 비밀 임무 서사로 강제 수정하되 유가족 상실은 남기는 장면,REF-46,"귀환자는 조직이 준비한 영웅 역할을 이용해 자기 기록을 되찾지만, 유가족에게 조직과 싸우라는 책임까지 떠넘기지는 못한다.",공식 작위 호명 → 군중 앞 본명 선언 → 귀족 충격 → 낙인 반론 → 조직 위신 위기 → 고위 귀족 즉시 수습 → 죽음 위장·비밀 임무·낙인 허위로 재작성 → 대중 확산 → 사망자·유가족 기억 → 복수 부담 부과 거부,대표,2026년 8월 5일,준비,공식 낙인과 죽음 기록의 대상 → 공개 행사에서 살아 있는 작위자 → 조직이 비밀 임무 수행자로 재분류한 귀환 영웅·상실 책임의 목격자,"권한·위계, 상실·애도, 정체·출신, 조직·제도",Yes,"귀환자 A, 고위 귀족 B, 공권력, 공개 군중, 사망자 유가족","432~433화 213,340~213,735행","공개 행사에서 본명과 작위를 선언해 낙인 기록과 조직 위신을 충돌시키는 장면 (%EA%B3%B5%EA%B0%9C%20%ED%96%89%EC%82%AC%EC%97%90%EC%84%9C%20%EB%B3%B8%EB%AA%85%EA%B3%BC%20%EC%9E%91%EC%9C%84%EB%A5%BC%20%EC%84%A0%EC%96%B8%ED%95%B4%20%EB%82%99%EC%9D%B8%20%EA%B8%B0%EB%A1%9D%EA%B3%BC%20%EC%A1%B0%EC%A7%81%20%EC%9C%84%EC%8B%A0%EC%9D%84%20%EC%B6%A9%EB%8F%8C%EC%8B%9C%ED%82%A4%EB%8A%94%20%EC%9E%A5%EB%A9%B4%203b3baa79eaae819b8795f8995cce7ccb.csv), 화려한 영웅 행사 뒤 유가족의 상실과 구조 실패 책임이 남는 장면 (%ED%99%94%EB%A0%A4%ED%95%9C%20%EC%98%81%EC%9B%85%20%ED%96%89%EC%82%AC%20%EB%92%A4%20%EC%9C%A0%EA%B0%80%EC%A1%B1%EC%9D%98%20%EC%83%81%EC%8B%A4%EA%B3%BC%20%EA%B5%AC%EC%A1%B0%20%EC%8B%A4%ED%8C%A8%20%EC%B1%85%EC%9E%84%EC%9D%B4%20%EB%82%A8%EB%8A%94%20%EC%9E%A5%EB%A9%B4%203b3baa79eaae81f7ad80fd956dc12a9a.csv)",영웅 개선식과 공식 낙인 기록이 수천 명이 보는 자리에서 동시에 성립할 수 없음,개인 기록은 공개성으로 수정하지만 공식 서사가 희생자의 상실과 구조 실패 책임까지 삭제하지는 못하게 함,Yes,공식 호명 → 정체 충돌 → 위신 위기 → 즉시 재작성 → 대중 수용 → 유가족 잔여,조직이 귀환자를 ‘자랑스러운 작위자’로 호명하는 행사의 마지막 절차에서 시작함,높음,,,복구된 작위는 전시 소집과 군사 의무로 돌아오면서 기록 수정의 실제 비용을 드러냄
귀환자를 격리한 뒤 빈 관·행렬·공적 호명·조직 찬사로 구조 실패를 영웅 임무로 편집하는 장면,REF-46,"귀환자들은 영웅 대접을 받지만 자기들이 보여 줄 증거와 숨길 물건을 나누고, 행사 속에서 왕가 실패가 삭제되는 과정을 경계한다.",귀환자 집단의 특수부대 주장 → 장비·진술 선별 → 감시·격리 → 개선식 예고 → 대중 관심을 이유로 은폐 → 영웅 행차 → 원래 빈 관 계획 암시 → 귀족·길드 관람 → 사망자 공적 호명 → 숭고한 비밀 임무 연설 → 조직 찬사 요구,대표,2026년 8월 5일,준비,위험한 증거를 가진 장기 실종자 → 감시·격리된 특수 부대 → 조직 실패를 덮는 공개 영웅 상징,"상실·애도, 정보·비밀, 조직·제도, 평가·판정",Yes,"귀환자 집단, 고위 귀족 A, 공권력 특수부대, 귀족·길드·군중","431~432화 212,247~213,077행","귀환 집단을 특수 부대로 분류해 감시·격리하고 공개 행사 전까지 은폐시키는 장면 (%EA%B7%80%ED%99%98%20%EC%A7%91%EB%8B%A8%EC%9D%84%20%ED%8A%B9%EC%88%98%20%EB%B6%80%EB%8C%80%EB%A1%9C%20%EB%B6%84%EB%A5%98%ED%95%B4%20%EA%B0%90%EC%8B%9C%C2%B7%EA%B2%A9%EB%A6%AC%ED%95%98%EA%B3%A0%20%EA%B3%B5%EA%B0%9C%20%ED%96%89%EC%82%AC%20%EC%A0%84%EA%B9%8C%EC%A7%80%20%EC%9D%80%ED%8F%90%EC%8B%9C%ED%82%A4%EB%8A%94%20%EC%9E%A5%EB%A9%B4%203b3baa79eaae81dfba38dfcda07ee3ce.csv), 빈 관·생존자 행렬·연설로 구조 실패를 비밀 임무 영웅 서사로 편집하는 장면 (%EB%B9%88%20%EA%B4%80%C2%B7%EC%83%9D%EC%A1%B4%EC%9E%90%20%ED%96%89%EB%A0%AC%C2%B7%EC%97%B0%EC%84%A4%EB%A1%9C%20%EA%B5%AC%EC%A1%B0%20%EC%8B%A4%ED%8C%A8%EB%A5%BC%20%EB%B9%84%EB%B0%80%20%EC%9E%84%EB%AC%B4%20%EC%98%81%EC%9B%85%20%EC%84%9C%EC%82%AC%EB%A1%9C%20%ED%8E%B8%EC%A7%91%ED%95%98%EB%8A%94%20%EC%9E%A5%EB%A9%B4%203b3baa79eaae81dd9787ea6937e23642.csv)",조직이 구조하지 못한 집단이 생환해 전공과 조직 약점이 될 증거를 동시에 보유함,사실 조사보다 공개 행사 절차를 앞세워 공적은 인정하되 조직 실패와 협상 내용은 제거함,Yes,귀환 사실 → 증거 통제 → 격리 → 공개 행사 → 영웅 임무 → 조직 찬사,귀환자가 왕가 특수부대라고 주장하며 보여 줄 물건과 숨길 물건을 구분하는 장면에서 시작함,높음,,,행사의 공개성 때문에 한 생존자의 본명 선언이 기존 낙인과 충돌해 조직이 즉시 서사를 다시 써야 함
조직 실패의 생존 증언으로 떠오른 상징을 작위·접근권·보상과 공식 우호 연출로 흡수하는 장면,REF-46,생존자는 큰 보상에 끌리면서도 함께 버려진 사람들을 배신하는 감각과 자기 공개 태도가 유가족 보상에 미칠 책임을 동시에 느낀다.,공권력 도주·대량 희생 → 생존자 영웅 증언 → 조직 불신 → 잠재적 구심점 판정 → 제거 공포 → 보상·회유 결정 → 작위·보물 접근·장비 제시 → 대가 질문 → 공식 우호 연출 요구 → 반조직 연대·보상 수용·유가족 이해 충돌,대표,2026년 8월 5일,준비,참사 생존자 → 조직 불신의 상징·잠재 구심점 → 제도적 보상과 공개 역할을 받은 회유 대상,"권한·위계, 조직·제도, 평가·판정, 협상·거래",Yes,"상징적 생존자 A, 공권력 관료 B, 실패한 기사단, 생존자·유가족","231~232화 115,251~115,815행","조직 실패 뒤 생존자 증언이 한 전투자를 제거보다 회유할 상징으로 만드는 장면 (%EC%A1%B0%EC%A7%81%20%EC%8B%A4%ED%8C%A8%20%EB%92%A4%20%EC%83%9D%EC%A1%B4%EC%9E%90%20%EC%A6%9D%EC%96%B8%EC%9D%B4%20%ED%95%9C%20%EC%A0%84%ED%88%AC%EC%9E%90%EB%A5%BC%20%EC%A0%9C%EA%B1%B0%EB%B3%B4%EB%8B%A4%20%ED%9A%8C%EC%9C%A0%ED%95%A0%20%EC%83%81%EC%A7%95%EC%9C%BC%EB%A1%9C%20%EB%A7%8C%EB%93%9C%EB%8A%94%20%EC%9E%A5%EB%A9%B4%203b3baa79eaae818baa09db3ce787ae9d.csv), 작위·보물 접근·장비 보상과 공식 우호 연출을 하나의 회유 조건으로 묶는 장면 (%EC%9E%91%EC%9C%84%C2%B7%EB%B3%B4%EB%AC%BC%20%EC%A0%91%EA%B7%BC%C2%B7%EC%9E%A5%EB%B9%84%20%EB%B3%B4%EC%83%81%EA%B3%BC%20%EA%B3%B5%EC%8B%9D%20%EC%9A%B0%ED%98%B8%20%EC%97%B0%EC%B6%9C%EC%9D%84%20%ED%95%98%EB%82%98%EC%9D%98%20%ED%9A%8C%EC%9C%A0%20%EC%A1%B0%EA%B1%B4%EC%9C%BC%EB%A1%9C%20%EB%AC%B6%EB%8A%94%20%EC%9E%A5%EB%A9%B4%203b3baa79eaae81c48161f003f40c5e74.csv), 공식 초대장이 반조직 연대·보상 수용·유가족 이해를 동시에 호출하는 장면 (%EA%B3%B5%EC%8B%9D%20%EC%B4%88%EB%8C%80%EC%9E%A5%EC%9D%B4%20%EB%B0%98%EC%A1%B0%EC%A7%81%20%EC%97%B0%EB%8C%80%C2%B7%EB%B3%B4%EC%83%81%20%EC%88%98%EC%9A%A9%C2%B7%EC%9C%A0%EA%B0%80%EC%A1%B1%20%EC%9D%B4%ED%95%B4%EB%A5%BC%20%EB%8F%99%EC%8B%9C%EC%97%90%20%ED%98%B8%EC%B6%9C%ED%95%98%EB%8A%94%20%EC%9E%A5%EB%A9%B4%203b3baa79eaae8130afa3e46978981720.csv)",공권력의 실패가 공개되고 특정 생존자의 공적과 증언이 불신 집단의 상징으로 확산됨,보상 수령을 개인 이득으로 끝내지 않고 생존자·유가족·반조직 세력의 상반된 기대를 함께 남김,Yes,조직 실패 → 상징 위험 → 회유 결정 → 보상 권리 → 공개 연출 의무 → 집단 이해 충돌,보호를 약속한 공권력 조직이 대규모 탐험가를 버리고 도주했다는 사실에서 시작함,높음,,,같은 작위는 후반 전시에 소집·군사 편입 의무와 조직원 보호 권한으로 현실화됨
외부 복무 의무가 단장을 조직에서 떼어 가기 전에 투표로 대리 권한과 결과 책임을 만드는 장면,REF-46,"단장은 동료들과 떨어지는 일을 두려워하지만, 조직원은 보호받는 아이가 아니라 같은 길을 가는 사람이라고 말해 분리를 받아들이게 한다.",군사 편입으로 단장 분리 예상 → 동료 상실 기록 때문에 은신 고민 → 미응소 처벌 설명 → 조직원의 독립 선택 선언 → 참전 수용 → 부단장 필요 → 비밀 투표 → 예상 밖 결과 → 직위 확정 → 최종 판단·결과 책임 명시 → 조언 대신 믿음,대비,2026년 8월 5일,준비,단장에게 보호받는 조직 → 외부 제도가 단장을 분리할 위기 → 투표로 대리 지휘권과 책임을 가진 조직,"관계 형성, 권한·위계, 위기·생존, 조직·제도",Yes,"작위 단장 A, 선출된 부단장 B, 군 경험자 C, 조직원들","706~708화 334,405~334,883행","과거 작위가 전시 소집·군사 편입·탈영 처벌·조직원 보호 가능성으로 동시에 현실화되는 장면 (%EA%B3%BC%EA%B1%B0%20%EC%9E%91%EC%9C%84%EA%B0%80%20%EC%A0%84%EC%8B%9C%20%EC%86%8C%EC%A7%91%C2%B7%EA%B5%B0%EC%82%AC%20%ED%8E%B8%EC%9E%85%C2%B7%ED%83%88%EC%98%81%20%EC%B2%98%EB%B2%8C%C2%B7%EC%A1%B0%EC%A7%81%EC%9B%90%20%EB%B3%B4%ED%98%B8%20%EA%B0%80%EB%8A%A5%EC%84%B1%EC%9C%BC%EB%A1%9C%20%EB%8F%99%EC%8B%9C%EC%97%90%20%ED%98%84%EC%8B%A4%ED%99%94%EB%90%98%EB%8A%94%20%EC%9E%A5%EB%A9%B4%203b3baa79eaae81348a3de422896d0504.csv), 작위 단장의 강제 분리 전에 투표로 부단장을 세우고 최종 판단 책임을 넘기는 장면 (%EC%9E%91%EC%9C%84%20%EB%8B%A8%EC%9E%A5%EC%9D%98%20%EA%B0%95%EC%A0%9C%20%EB%B6%84%EB%A6%AC%20%EC%A0%84%EC%97%90%20%ED%88%AC%ED%91%9C%EB%A1%9C%20%EB%B6%80%EB%8B%A8%EC%9E%A5%EC%9D%84%20%EC%84%B8%EC%9A%B0%EA%B3%A0%20%EC%B5%9C%EC%A2%85%20%ED%8C%90%EB%8B%A8%20%EC%B1%85%EC%9E%84%EC%9D%84%20%EB%84%98%EA%B8%B0%EB%8A%94%20%EC%9E%A5%EB%A9%B4%203b3baa79eaae81c0b313cfd9a2d0d1dc.csv)",국가 복무 의무 때문에 단장이 조직과 떨어질 가능성이 높고 조직이 독자 행동해야 함,단장의 개인 지명보다 구성원 투표로 대리자를 세우고 최종 판단과 결과 책임을 명시함,Yes,강제 분리 → 처벌 위험 → 조직원 선택 → 부단장 공석 → 투표 → 책임 이관,단장이 동료 상실 미래를 두려워해 소집을 피해 숨어 있을지 고민하는 장면에서 시작함,중간,,,전시 배치에서 부단장이 실제로 조직을 지키고 작위자가 외부 권한으로 지원하는지 확인 대상이 됨
명예 작위가 전시 소집·탈영 처벌의 족쇄이자 조직원을 살릴 보호 권한과 하급 전투원의 후견 기대가 되는 장면,REF-46,"작위자는 자기 명성이나 작위 회수에는 무심하지만, 같은 기록이 조직원 사형을 막을 유일한 수단이 될 수 있다는 점에서 소집에 응한다.",공식 소집 공문 → 전 클랜 의무 → 작위 귀족 군사령부 편입 → 단장·조직 분리 위험 → 불응 시 명성 손실 → 조직원 탈영·사형 → 작위 회수 → 작위로 처벌 완화 가능 → 참전 결정 → 도시 등장 → 하급 전투원의 후견 기대 → 기사 경례·회의 접근 → 클랜 군단 편입·개인 배치 협상,대표,2026년 8월 5일,준비,명예와 보상을 받은 작위자 → 전시 복무를 강제당하는 군사 자원 → 조직원 처벌을 완화하고 하급 전투원에게 후견 기대를 주는 보호 인터페이스,"권한·위계, 보호·희생, 전투·대결, 조직·제도",Yes,"작위 단장 A, 조직원들, 군 경험자 B, 하급 전투원들, 기사단·군단·군사령부","706~708화 334,341~335,150행","과거 작위가 전시 소집·군사 편입·탈영 처벌·조직원 보호 가능성으로 동시에 현실화되는 장면 (%EA%B3%BC%EA%B1%B0%20%EC%9E%91%EC%9C%84%EA%B0%80%20%EC%A0%84%EC%8B%9C%20%EC%86%8C%EC%A7%91%C2%B7%EA%B5%B0%EC%82%AC%20%ED%8E%B8%EC%9E%85%C2%B7%ED%83%88%EC%98%81%20%EC%B2%98%EB%B2%8C%C2%B7%EC%A1%B0%EC%A7%81%EC%9B%90%20%EB%B3%B4%ED%98%B8%20%EA%B0%80%EB%8A%A5%EC%84%B1%EC%9C%BC%EB%A1%9C%20%EB%8F%99%EC%8B%9C%EC%97%90%20%ED%98%84%EC%8B%A4%ED%99%94%EB%90%98%EB%8A%94%20%EC%9E%A5%EB%A9%B4%203b3baa79eaae81348a3de422896d0504.csv), 영웅 작위가 하급 전투원의 보호 기대와 지휘부 접근·복무 의무를 동시에 만드는 장면 (%EC%98%81%EC%9B%85%20%EC%9E%91%EC%9C%84%EA%B0%80%20%ED%95%98%EA%B8%89%20%EC%A0%84%ED%88%AC%EC%9B%90%EC%9D%98%20%EB%B3%B4%ED%98%B8%20%EA%B8%B0%EB%8C%80%EC%99%80%20%EC%A7%80%ED%9C%98%EB%B6%80%20%EC%A0%91%EA%B7%BC%C2%B7%EB%B3%B5%EB%AC%B4%20%EC%9D%98%EB%AC%B4%EB%A5%BC%20%EB%8F%99%EC%8B%9C%EC%97%90%20%EB%A7%8C%EB%93%9C%EB%8A%94%20%EC%9E%A5%EB%A9%B4%203b3baa79eaae8197a62ddf5367b7f3be.csv)",과거 공적으로 작위를 받은 현역 전투자와 조직이 국가 전시 소집 대상이 됨,작위를 개인 명예가 아니라 복무 의무·처벌 위험·회의 접근·보호 기대가 묶인 실제 법적 지위로 사용함,Yes,소집 의무 → 불응 처벌 → 작위 보호 가능성 → 참전 → 대중 기대 → 지휘부 접근 → 군사 배치,클랜 하우스에 도착한 왕가 공문에서 전시 소집령을 확인하는 장면으로 시작함,높음,,,최종 전쟁 뒤 작위·악령·군사 기록이 어떤 상태로 남는지는 미확인임
구조·해독·전투 공적을 반복해도 과거 범죄 때문에 감시와 무기 대치가 남는 장면,REF-46,"협력자 B는 인질을 살리고 전투를 수행하지만 사과나 용서를 구하지 않으며, 일행도 생존 공적과 과거 약탈 책임을 분리한다.",협박자의 정보 독점 → 대체 경로 계산 → 협박자 제거 → 구조자 자기 부상 처리 → 해독제 제공 → 치료 성공 → 과거 범죄 상기 → 무기 대치 → 감시 선언 → 메인 공격 역할 수행,대표,2026년 8월 5일,준비,인질을 위협할 수 있는 적대자 → 생존을 돕는 협력자 → 공적은 인정되지만 감시받는 조건부 전투원,"관계 갈등, 위기·생존, 전투·대결, 평가·판정",Yes,"인질 A, 적대적 협력자 B, 경계자 C, 일행","276~277화 136,863~137,317행","협박자의 정보 독점을 대체 심문 경로로 깨고 인질 편을 택하는 장면 (%ED%98%91%EB%B0%95%EC%9E%90%EC%9D%98%20%EC%A0%95%EB%B3%B4%20%EB%8F%85%EC%A0%90%EC%9D%84%20%EB%8C%80%EC%B2%B4%20%EC%8B%AC%EB%AC%B8%20%EA%B2%BD%EB%A1%9C%EB%A1%9C%20%EA%B9%A8%EA%B3%A0%20%EC%9D%B8%EC%A7%88%20%ED%8E%B8%EC%9D%84%20%ED%83%9D%ED%95%98%EB%8A%94%20%EC%9E%A5%EB%A9%B4%203b3baa79eaae8148bef5d8eaadc0d9f5.csv), 자기 중상을 처리한 뒤 구조한 상대의 생존 상태를 확인하는 장면 (%EC%9E%90%EA%B8%B0%20%EC%A4%91%EC%83%81%EC%9D%84%20%EC%B2%98%EB%A6%AC%ED%95%9C%20%EB%92%A4%20%EA%B5%AC%EC%A1%B0%ED%95%9C%20%EC%83%81%EB%8C%80%EC%9D%98%20%EC%83%9D%EC%A1%B4%20%EC%83%81%ED%83%9C%EB%A5%BC%20%ED%99%95%EC%9D%B8%ED%95%98%EB%8A%94%20%EC%9E%A5%EB%A9%B4%203b3baa79eaae8141b295c650fb17f99d.csv), 해독제와 전투력을 제공해도 과거 범죄 때문에 집단 감시가 남는 장면 (%ED%95%B4%EB%8F%85%EC%A0%9C%EC%99%80%20%EC%A0%84%ED%88%AC%EB%A0%A5%EC%9D%84%20%EC%A0%9C%EA%B3%B5%ED%95%B4%EB%8F%84%20%EA%B3%BC%EA%B1%B0%20%EB%B2%94%EC%A3%84%20%EB%95%8C%EB%AC%B8%EC%97%90%20%EC%A7%91%EB%8B%A8%20%EA%B0%90%EC%8B%9C%EA%B0%80%20%EB%82%A8%EB%8A%94%20%EC%9E%A5%EB%A9%B4%203b3baa79eaae817b8e67eef4578db2c6.csv)",과거 범죄자가 현재 생존에 필요한 구조·해독·전투를 제공함,감시와 불편한 휴식을 유지한 채 다음 전투 역할을 맡김,Yes,협박 제거 → 구조 행동 → 치료 공적 → 과거 범죄 → 감시 → 전투 이행,협박자가 숙원 정보를 독점해 적대자에게 선택을 강요하는 장면에서 시작함,높음,,,반복 전투와 귀환 약속 이행이 도덕적 용서가 아니라 예측 가능성을 축적함
귀환 방법을 조건부 공동 과제로 만든 뒤 기한·자원·조사 결과로 약속을 증명하는 장면,REF-46,협력자 B는 감정적 신뢰를 말하지 않고 정해진 시점에 필요한 준비를 가져오는 것으로 관계의 신뢰 범위를 넓힌다.,귀환 희망 확인 → 방법·위험 분리 → 각자 보유 정보·자원 확인 → 상호 의존 인정 → 역할·기한 협상 → 시간 경과 → 약속 장소 재회 → 자원·조사 결과 제시 → 실행 가능 판정,대표,2026년 8월 5일,준비,표류를 함께 버틴 임시 전우 → 공동 귀환 계획의 계약자 → 약속 이행이 확인된 예측 가능한 협력자,"관계 형성, 시간·기다림, 정보·비밀, 협상·거래",Yes,"귀환 희망자 A, 협력자 B","285~287화 141,713~142,579행","원래 시간대로 돌아갈 방법·위험·자원을 나눠 상호 의존을 협상하는 장면 (%EC%9B%90%EB%9E%98%20%EC%8B%9C%EA%B0%84%EB%8C%80%EB%A1%9C%20%EB%8F%8C%EC%95%84%EA%B0%88%20%EB%B0%A9%EB%B2%95%C2%B7%EC%9C%84%ED%97%98%C2%B7%EC%9E%90%EC%9B%90%EC%9D%84%20%EB%82%98%EB%88%A0%20%EC%83%81%ED%98%B8%20%EC%9D%98%EC%A1%B4%EC%9D%84%20%ED%98%91%EC%83%81%ED%95%98%EB%8A%94%20%EC%9E%A5%EB%A9%B4%203b3baa79eaae8156b6dfcef39a4cb178.csv), 정한 시점에 자원과 조사 결과를 가져와 약속 이행을 증명하는 장면 (%EC%A0%95%ED%95%9C%20%EC%8B%9C%EC%A0%90%EC%97%90%20%EC%9E%90%EC%9B%90%EA%B3%BC%20%EC%A1%B0%EC%82%AC%20%EA%B2%B0%EA%B3%BC%EB%A5%BC%20%EA%B0%80%EC%A0%B8%EC%99%80%20%EC%95%BD%EC%86%8D%20%EC%9D%B4%ED%96%89%EC%9D%84%20%EC%A6%9D%EB%AA%85%ED%95%98%EB%8A%94%20%EC%9E%A5%EB%A9%B4%203b3baa79eaae816eab17e1fc53c5abf6.csv)",두 사람이 귀환을 원하지만 방법과 자원을 나눠 가져 혼자 해결할 수 없음,호칭 변화 없이 약속한 준비물이 도착해 다음 실행 단계가 열림,Yes,공동 목표 → 조건·위험 → 자원 분담 → 기한 → 실제 이행 → 실행 가능성,표류 생존 뒤 원래 시간대로 돌아갈 방법을 논의하는 장면에서 시작함,높음,,,정체 검증에서도 믿음은 무방비가 아니라 약점을 가진 상태에서 조건을 지키는지로 재검증됨
직접 금지된 살해를 우회하고 기억 삭제로 개입 흔적까지 지우는 적대 장면,REF-46,"적대자 A는 복수 대상을 발견한 행운과 계약 위반 위험을 동시에 계산하며, 직접 죽이지 않고도 결과를 얻는 편을 택한다.",복수 대상 발견 → 생존 확인 → 계약 문구 검토 → 직접 살해 회피 → 죽을 상황 조성 → 전리품 회수 → 고급 기억 삭제 → 순찰 전 이탈,대표,2026년 8월 5일,준비,계약에 묶인 복수자 → 계약 문구를 우회한 실행자 → 개입 흔적까지 제거한 실용적 적대자,"보상·처벌, 정보·비밀, 협상·거래",Yes,"적대자 A, 복수 대상 B, 순찰 조직","148화 71,555~71,729행",살해 금지 계약을 우회해 복수 대상을 죽게 만들고 기억을 지우는 장면 (%EC%82%B4%ED%95%B4%20%EA%B8%88%EC%A7%80%20%EA%B3%84%EC%95%BD%EC%9D%84%20%EC%9A%B0%ED%9A%8C%ED%95%B4%20%EB%B3%B5%EC%88%98%20%EB%8C%80%EC%83%81%EC%9D%84%20%EC%A3%BD%EA%B2%8C%20%EB%A7%8C%EB%93%A4%EA%B3%A0%20%EA%B8%B0%EC%96%B5%EC%9D%84%20%EC%A7%80%EC%9A%B0%EB%8A%94%20%EC%9E%A5%EB%A9%B4%203b3baa79eaae814dbfe0e86c05483262.csv),계약이 직접 살해만 금지하고 기억 삭제 수단이 있음,대상이 개입을 기억하지 못하게 만든 뒤 현장을 떠남,Yes,복수 기회 → 계약 제한 → 우회 행동 → 전리품 → 흔적 삭제,우연히 무방비한 복수 대상을 발견하는 장면에서 시작함,높음,,,후반에는 미래 적대자의 어린 육체를 즉시 죽이지 않고 기억 삭제부터 시도하는 대비로 변형됨
불확실한 탈출에서 전위·극딜·미끼·표류 역할을 반복 이행하며 정보 경계를 남기는 장면,REF-46,두 사람은 서로를 완전히 믿지 않지만 계획 실패 대비와 역할 수행 능력을 믿고 마지막 위험을 함께 맡는다.,고위험 계획 설명 → 우려·지지 → 실패 대비 확인 → 적대적 협력자 동의 → 전위·극딜 반복 → 동료 선탈출 → 둘만 미끼 잔류 → 방어·공격·밧줄·귀환 자원 분담 → 표류 생존 → 숙원 정보 비공개,대표,2026년 8월 5일,준비,공동 위협 앞의 임시 협력 → 반복 역할 이행이 가능한 전우 → 생존 자원은 공유하지만 최종 비밀은 남긴 조건부 동행,"관계 형성, 위기·생존, 전투·대결, 정보·비밀",Yes,"전위 A, 적대적 협력자 B, 탈출 일행, 보스","278~282화 138,393~140,179행","불확실한 탈출 계획에 합의하고 전위·극딜 역할을 반복 이행하는 장면 (%EB%B6%88%ED%99%95%EC%8B%A4%ED%95%9C%20%ED%83%88%EC%B6%9C%20%EA%B3%84%ED%9A%8D%EC%97%90%20%ED%95%A9%EC%9D%98%ED%95%98%EA%B3%A0%20%EC%A0%84%EC%9C%84%C2%B7%EA%B7%B9%EB%94%9C%20%EC%97%AD%ED%95%A0%EC%9D%84%20%EB%B0%98%EB%B3%B5%20%EC%9D%B4%ED%96%89%ED%95%98%EB%8A%94%20%EC%9E%A5%EB%A9%B4%203b3baa79eaae81a7ab16ea2939334b59.csv), 동료를 먼저 탈출시키고 빚과 성공 계산 때문에 둘만 미끼로 남는 장면 (%EB%8F%99%EB%A3%8C%EB%A5%BC%20%EB%A8%BC%EC%A0%80%20%ED%83%88%EC%B6%9C%EC%8B%9C%ED%82%A4%EA%B3%A0%20%EB%B9%9A%EA%B3%BC%20%EC%84%B1%EA%B3%B5%20%EA%B3%84%EC%82%B0%20%EB%95%8C%EB%AC%B8%EC%97%90%20%EB%91%98%EB%A7%8C%20%EB%AF%B8%EB%81%BC%EB%A1%9C%20%EB%82%A8%EB%8A%94%20%EC%9E%A5%EB%A9%B4%203b3baa79eaae81e9a1ceee661a1b059e.csv), 표류 전투에서 방어·공격·고정·귀환 자원을 나누면서도 정보 경계를 남기는 장면 (%ED%91%9C%EB%A5%98%20%EC%A0%84%ED%88%AC%EC%97%90%EC%84%9C%20%EB%B0%A9%EC%96%B4%C2%B7%EA%B3%B5%EA%B2%A9%C2%B7%EA%B3%A0%EC%A0%95%C2%B7%EA%B7%80%ED%99%98%20%EC%9E%90%EC%9B%90%EC%9D%84%20%EB%82%98%EB%88%84%EB%A9%B4%EC%84%9C%EB%8F%84%20%EC%A0%95%EB%B3%B4%20%EA%B2%BD%EA%B3%84%EB%A5%BC%20%EB%82%A8%EA%B8%B0%EB%8A%94%20%EC%9E%A5%EB%A9%B4%203b3baa79eaae81f8a587d4fb09f549a9.csv)",상호 불신이 남은 두 사람이 다른 동료를 살리기 위해 마지막 위험을 분담해야 함,공동 생존 뒤에도 숙원 물건의 이유를 공개하지 않아 정보 경계를 보존함,Yes,계획 위험 → 역할 합의 → 반복 이행 → 잔류 선택 → 공동 생존 → 비밀 유지,계획자가 실패 대비까지 포함한 탈출안을 집단에 설명하는 장면에서 시작함,높음,,,전투 밖에서는 기한·자원·조사 결과를 실제로 이행하는 귀환 계획으로 예측 가능성이 확장됨
가족 상실과 범죄 이력을 지우지 않은 채 구출·신분·안전 조건으로 미래 동료권을 약속하는 장면,REF-46,"복수자 B는 과거를 설명하면서 용서를 요구하지 않고, 제안자 A도 호감이 아니라 해결 가능한 조건을 제시한다.",가족 상실 공개 → 언니 생존 문제 → 범죄 이력 → 복수 목표 기원 → 책임 잔여 → 가족 구출 제안 → 신분 제약 해결 제안 → 현재 동료 안전 조건 → 함께 있어도 문제없는 상태 → 미래 동료 약속 → 제한적 정보 공개 확대,대표,2026년 8월 5일,준비,복수와 귀환을 공유하는 위험한 협력자 → 과거 책임과 가족 숙원을 공개한 상대 → 세 조건 충족 시 동료권이 발동하는 예측 가능한 관계,"관계 형성, 보호·희생, 정보·비밀, 협상·거래",Yes,"제안자 A, 복수자 B, 가족 C, 현재 동료들","305~306화 150,947~151,409행","가족 상실과 범죄 이력을 공개해 복수 목표의 기원을 설명하는 장면 (%EA%B0%80%EC%A1%B1%20%EC%83%81%EC%8B%A4%EA%B3%BC%20%EB%B2%94%EC%A3%84%20%EC%9D%B4%EB%A0%A5%EC%9D%84%20%EA%B3%B5%EA%B0%9C%ED%95%B4%20%EB%B3%B5%EC%88%98%20%EB%AA%A9%ED%91%9C%EC%9D%98%20%EA%B8%B0%EC%9B%90%EC%9D%84%20%EC%84%A4%EB%AA%85%ED%95%98%EB%8A%94%20%EC%9E%A5%EB%A9%B4%203b3baa79eaae81929e36fa91776c5dc0.csv), 가족 구출과 신분 해결을 조건으로 미래 동료 약속을 체결하는 장면 (%EA%B0%80%EC%A1%B1%20%EA%B5%AC%EC%B6%9C%EA%B3%BC%20%EC%8B%A0%EB%B6%84%20%ED%95%B4%EA%B2%B0%EC%9D%84%20%EC%A1%B0%EA%B1%B4%EC%9C%BC%EB%A1%9C%20%EB%AF%B8%EB%9E%98%20%EB%8F%99%EB%A3%8C%20%EC%95%BD%EC%86%8D%EC%9D%84%20%EC%B2%B4%EA%B2%B0%ED%95%98%EB%8A%94%20%EC%9E%A5%EB%A9%B4%203b3baa79eaae811c902debf859602178.csv)",반복 협력은 성립했지만 가족 생존·신분 제약·현재 동료 안전 문제가 남음,친구나 화해 호칭 대신 발동 조건이 명시된 미래 동료 약속으로 닫음,Yes,상실·범죄 → 복수 기원 → 해결 가능한 조건 → 안전 경계 → 동료권 약속,복수자가 가족 상실과 약탈자 시절의 선택을 순서대로 공개하는 장면에서 시작함,높음,,,원래 시간대로 돌아간 뒤 약속이 실제 소속·지휘권·정보 권리로 구현되는지는 미확인임
정체를 직접 검증해 신뢰와 배신 방지용 약점을 동시에 확보하고 복수·귀환 목표를 분리하는 장면,REF-46,검증자 A는 상대를 믿고 싶은 욕망을 인정하면서도 배신 방지 수단을 포기하지 않는다. 피검증자 B도 복수와 귀환을 별도 목표로 남긴다.,기억 삭제 실패 단서 → 동일 인물 가설 → 검증 장치 준비 → 질문 순서 통제 → 정체 확인 → 검증 이유 질문 → 믿고 싶은 욕망 인정 → 약점 확보 계산 인정 → 복수 목표 확인 → 귀환 목표와 분리,대표,2026년 8월 5일,준비,정체를 의심하는 협력자 → 상대 정체와 약점을 가진 검증자 → 신뢰와 경계를 동시에 유지하는 조건부 동료 후보,"관계 갈등, 정보·비밀, 정체·출신, 평가·판정",Yes,"검증자 A, 피검증자 B, 미래 적대자 C","300~302화 149,705~150,503행","미래 적대자의 어린 육체를 죽이지 않고 기억 삭제로 위험을 우회하는 장면 (%EB%AF%B8%EB%9E%98%20%EC%A0%81%EB%8C%80%EC%9E%90%EC%9D%98%20%EC%96%B4%EB%A6%B0%20%EC%9C%A1%EC%B2%B4%EB%A5%BC%20%EC%A3%BD%EC%9D%B4%EC%A7%80%20%EC%95%8A%EA%B3%A0%20%EA%B8%B0%EC%96%B5%20%EC%82%AD%EC%A0%9C%EB%A1%9C%20%EC%9C%84%ED%97%98%EC%9D%84%20%EC%9A%B0%ED%9A%8C%ED%95%98%EB%8A%94%20%EC%9E%A5%EB%A9%B4%203b3baa79eaae81a5b8d4dbb80c6fee5d.csv), 기억 삭제 실패를 단서로 정체를 추론하고 직접 검증하는 장면 (%EA%B8%B0%EC%96%B5%20%EC%82%AD%EC%A0%9C%20%EC%8B%A4%ED%8C%A8%EB%A5%BC%20%EB%8B%A8%EC%84%9C%EB%A1%9C%20%EC%A0%95%EC%B2%B4%EB%A5%BC%20%EC%B6%94%EB%A1%A0%ED%95%98%EA%B3%A0%20%EC%A7%81%EC%A0%91%20%EA%B2%80%EC%A6%9D%ED%95%98%EB%8A%94%20%EC%9E%A5%EB%A9%B4%203b3baa79eaae8191abb2e903841f4827.csv), 신뢰 확인과 배신 방지용 약점 확보를 함께 인정하고 목표를 분리하는 장면 (%EC%8B%A0%EB%A2%B0%20%ED%99%95%EC%9D%B8%EA%B3%BC%20%EB%B0%B0%EC%8B%A0%20%EB%B0%A9%EC%A7%80%EC%9A%A9%20%EC%95%BD%EC%A0%90%20%ED%99%95%EB%B3%B4%EB%A5%BC%20%ED%95%A8%EA%BB%98%20%EC%9D%B8%EC%A0%95%ED%95%98%EA%B3%A0%20%EB%AA%A9%ED%91%9C%EB%A5%BC%20%EB%B6%84%EB%A6%AC%ED%95%98%EB%8A%94%20%EC%9E%A5%EB%A9%B4%203b3baa79eaae81c4ae5dfe763a087e78.csv)",동일 인물 가설과 신뢰 욕망이 있지만 과거 적대·미래 배신 위험도 남음,정체 확인을 화해로 닫지 않고 복수·귀환 목표와 약점 보유를 각각 남김,Yes,기억 예외 → 정체 가설 → 직접 검증 → 신뢰 욕망 → 약점 계산 → 목표 분리,미래 적대자의 어린 육체에 기억 삭제가 통하지 않는 예외에서 시작함,높음,,,가족 구출·신분 해결 조건이 붙은 미래 동료 약속으로 관계가 한 단계 확장됨
공통 출신을 인증해 정보·접근권은 열지만 현재 신분과 장기 목적은 분리하는 장면,REF-46,"두 사람은 동향인을 만난 안도와 반가움을 보이지만, 생존에 필요한 호의와 자기 장기 계획의 공개를 분리한다.",출신 단서 확인 → 인증 질문 → 친근한 호칭 → 생존 정보 제공 → 현실 이름과 현지 신분 분리 → 익명 정보망 접근권 제공 → 세력·귀환 계획 은폐,대표,2026년 8월 5일,준비,낯선 정보 교환자 → 공통 출신으로 인증된 동향인 → 정보 접근권은 있지만 정체·목표 권리는 제한된 관계,"관계 형성, 정보·비밀, 정체·출신",Yes,"동향인 A, 정보 제공자 B, 익명 정보망","124화 59,669~59,989행","공통 출신을 인증한 뒤 현실 정체와 현지 신분을 분리하는 장면 (%EA%B3%B5%ED%86%B5%20%EC%B6%9C%EC%8B%A0%EC%9D%84%20%EC%9D%B8%EC%A6%9D%ED%95%9C%20%EB%92%A4%20%ED%98%84%EC%8B%A4%20%EC%A0%95%EC%B2%B4%EC%99%80%20%ED%98%84%EC%A7%80%20%EC%8B%A0%EB%B6%84%EC%9D%84%20%EB%B6%84%EB%A6%AC%ED%95%98%EB%8A%94%20%EC%9E%A5%EB%A9%B4%203b3baa79eaae816aaf4cc8e1e5efdc47.csv), 고급 정보와 익명 정보망 접근권을 주면서 장기 목적은 숨기는 장면 (%EA%B3%A0%EA%B8%89%20%EC%A0%95%EB%B3%B4%EC%99%80%20%EC%9D%B5%EB%AA%85%20%EC%A0%95%EB%B3%B4%EB%A7%9D%20%EC%A0%91%EA%B7%BC%EA%B6%8C%EC%9D%84%20%EC%A3%BC%EB%A9%B4%EC%84%9C%20%EC%9E%A5%EA%B8%B0%20%EB%AA%A9%EC%A0%81%EC%9D%80%20%EC%88%A8%EA%B8%B0%EB%8A%94%20%EC%9E%A5%EB%A9%B4%203b3baa79eaae81b29705f1950adf6037.csv)",공통 출신은 확인됐지만 현재 신분·세력·장기 목적은 모름,유용한 정보와 접근권을 주되 자기 계획은 숨긴 채 다음 접촉 가능성만 남김,Yes,출신 인증 → 생존 정보 → 신분 경계 → 정보망 접근 → 장기 목적 은폐,낯선 상대가 같은 출신만 알 수 있는 단서를 제시하는 장면에서 시작함,높음,,,현실 조우에서는 공통 출신만으로 믿지 않고 공격과 반응 검증을 거쳐 관계권을 다시 제한함
현실 조우에서 공격·질문으로 정체를 검증한 뒤 출신이 같아도 남으로 지내는 경계를 세우는 장면,REF-46,공통 출신의 안도보다 상대가 현재 무엇을 원하는지 모른다는 경계가 앞선다.,현실 조우 → 공격·떠보기 → 반응 확인 → 정체 일부 공개 → 공통 출신 확인 → 귀환 목표 질문 → 우선순위 차이 확인 → 현실 관계권 제한,대표,2026년 8월 5일,준비,정체 불명의 현실 적대자 → 같은 출신으로 확인된 인물 → 현실에서는 서로 모르는 사람으로 남는 제한적 동향인,"관계 갈등, 정보·비밀, 정체·출신, 평가·판정",Yes,"검증자 A, 피검증자 B","250~251화 124,851~125,303행","현실 조우에서 공격과 떠보기를 병행해 정체를 강제 확인하는 장면 (%ED%98%84%EC%8B%A4%20%EC%A1%B0%EC%9A%B0%EC%97%90%EC%84%9C%20%EA%B3%B5%EA%B2%A9%EA%B3%BC%20%EB%96%A0%EB%B3%B4%EA%B8%B0%EB%A5%BC%20%EB%B3%91%ED%96%89%ED%95%B4%20%EC%A0%95%EC%B2%B4%EB%A5%BC%20%EA%B0%95%EC%A0%9C%20%ED%99%95%EC%9D%B8%ED%95%98%EB%8A%94%20%EC%9E%A5%EB%A9%B4%203b3baa79eaae8122a5a2ed137322ae7d.csv), 공통 출신 뒤에도 현실에서는 남으로 지내자고 경계를 세우는 장면 (%EA%B3%B5%ED%86%B5%20%EC%B6%9C%EC%8B%A0%20%EB%92%A4%EC%97%90%EB%8F%84%20%ED%98%84%EC%8B%A4%EC%97%90%EC%84%9C%EB%8A%94%20%EB%82%A8%EC%9C%BC%EB%A1%9C%20%EC%A7%80%EB%82%B4%EC%9E%90%EA%B3%A0%20%EA%B2%BD%EA%B3%84%EB%A5%BC%20%EC%84%B8%EC%9A%B0%EB%8A%94%20%EC%9E%A5%EB%A9%B4%203b3baa79eaae81e5b295c7d756e4f02f.csv)",같은 출신일 가능성은 있지만 현재 정체와 귀환 우선순위는 불명확함,정체 확인을 동맹 선언으로 닫지 않고 현실에서는 남으로 지내는 선을 합의함,Yes,공격 → 반응 → 정체 → 출신 → 목표 차이 → 관계 제한,현실 공간에서 상대가 공격과 질문으로 정체를 떠보는 장면에서 시작함,높음,,,상호 정체를 완전히 확인한 뒤에도 귀환 버튼 질문과 동료 위해 가정으로 결별선을 다시 시험함
상호 정체 확인 뒤 귀환 선택과 동료 위해 가정으로 목표 차이와 즉시 결별선을 시험하는 장면,REF-46,두 사람은 같은 출신을 확인해도 귀환과 현재 관계 중 무엇을 우선하는지 서로 의심한다.,질문 교환 → 상호 정체 확인 → 상징 이용 책임 추궁 → 제한적 정보 교환 → 즉시 귀환 버튼 질문 → 반응·거짓말 판정 → 소중한 동료 위해 가정 → 즉시 결별·적대 선언,대표,2026년 8월 5일,준비,정체를 숨긴 정보 협력자 → 상호 정체를 아는 동향인 → 목표 충돌 시 적대 전환선이 명확한 불안정 협력자,"관계 갈등, 정보·비밀, 정체·출신, 평가·판정",Yes,"귀환 우선자 A, 관계 우선자 B, 동료 C","435~437화 214,817~215,807행","상호 정체 확인 직후 상징 이용 책임과 은폐를 묻는 장면 (%EC%83%81%ED%98%B8%20%EC%A0%95%EC%B2%B4%20%ED%99%95%EC%9D%B8%20%EC%A7%81%ED%9B%84%20%EC%83%81%EC%A7%95%20%EC%9D%B4%EC%9A%A9%20%EC%B1%85%EC%9E%84%EA%B3%BC%20%EC%9D%80%ED%8F%90%EB%A5%BC%20%EB%AC%BB%EB%8A%94%20%EC%9E%A5%EB%A9%B4%203b3baa79eaae81379d24e11df2e78472.csv), 제삼자 편입 이유와 과거 정보를 교환하되 공개 범위를 제한하는 장면 (%EC%A0%9C%EC%82%BC%EC%9E%90%20%ED%8E%B8%EC%9E%85%20%EC%9D%B4%EC%9C%A0%EC%99%80%20%EA%B3%BC%EA%B1%B0%20%EC%A0%95%EB%B3%B4%EB%A5%BC%20%EA%B5%90%ED%99%98%ED%95%98%EB%90%98%20%EA%B3%B5%EA%B0%9C%20%EB%B2%94%EC%9C%84%EB%A5%BC%20%EC%A0%9C%ED%95%9C%ED%95%98%EB%8A%94%20%EC%9E%A5%EB%A9%B4%203b3baa79eaae8134bdbac66c2e5c790b.csv), 즉시 귀환 선택 질문으로 가치 우선순위와 거짓말을 판정하는 장면 (%EC%A6%89%EC%8B%9C%20%EA%B7%80%ED%99%98%20%EC%84%A0%ED%83%9D%20%EC%A7%88%EB%AC%B8%EC%9C%BC%EB%A1%9C%20%EA%B0%80%EC%B9%98%20%EC%9A%B0%EC%84%A0%EC%88%9C%EC%9C%84%EC%99%80%20%EA%B1%B0%EC%A7%93%EB%A7%90%EC%9D%84%20%ED%8C%90%EC%A0%95%ED%95%98%EB%8A%94%20%EC%9E%A5%EB%A9%B4%203b3baa79eaae81129555eacd7109644d.csv), 소중한 동료를 제거하겠다는 가정으로 즉시 결별선을 확인하는 장면 (%EC%86%8C%EC%A4%91%ED%95%9C%20%EB%8F%99%EB%A3%8C%EB%A5%BC%20%EC%A0%9C%EA%B1%B0%ED%95%98%EA%B2%A0%EB%8B%A4%EB%8A%94%20%EA%B0%80%EC%A0%95%EC%9C%BC%EB%A1%9C%20%EC%A6%89%EC%8B%9C%20%EA%B2%B0%EB%B3%84%EC%84%A0%EC%9D%84%20%ED%99%95%EC%9D%B8%ED%95%98%EB%8A%94%20%EC%9E%A5%EB%A9%B4%203b3baa79eaae810c8463ca6470ca19a6.csv)",정체는 확인됐지만 귀환과 현재 관계의 우선순위가 다르고 미래 충돌이 가능함,공통 출신이나 정보 교환을 동맹으로 확정하지 않고 동료 위해 시 즉시 적대한다는 선을 남김,Yes,정체 → 이용 책임 → 제한 정보 → 가치 질문 → 거짓말 판정 → 위해 가정 → 결별선,서로 질문권을 번갈아 사용하며 현실 정체를 확인하는 장면에서 시작함,높음,,,예정된 미래와 플랜 B를 공개한 뒤 이 결별선을 계약 문장으로 다시 고정함
구원 희망을 제시해 증언·훈련·전투 역할을 묶고 실행 지연으로 제삼자를 종속시키는 장면,REF-46,"계약 대상은 상실한 사람을 되살릴 희망 때문에 떠나지 못하지만, 약속 지연과 실적 요구가 쌓이면서 신뢰를 잃고 업무적으로만 남는다.",상실 상태 심문 → 소생 가능성 제시 → 방법·시점 독점 → 증언·훈련·전투 역할 부여 → 배신 불가 조건 → 시간 경과 → 소생 지연 → 실적 요구 → 불신 → 업무적 잔류,실패,2026년 8월 5일,준비,상실로 무너진 인물 → 구원 약속을 받은 장기 협력자 → 희망 때문에 이탈하지 못하는 업무적 종속자,"권한·위계, 보호·희생, 성장·실패, 협상·거래",Yes,"계약 제공자 A, 계약 대상 B, 부재한 인물 C","312~313화·340화·477화 154,743~154,903행 / 167,359~167,479행 / 234,789~234,913행","상실한 사람의 소생 가능성을 제안해 장기 협력의 문을 여는 장면 (%EC%83%81%EC%8B%A4%ED%95%9C%20%EC%82%AC%EB%9E%8C%EC%9D%98%20%EC%86%8C%EC%83%9D%20%EA%B0%80%EB%8A%A5%EC%84%B1%EC%9D%84%20%EC%A0%9C%EC%95%88%ED%95%B4%20%EC%9E%A5%EA%B8%B0%20%ED%98%91%EB%A0%A5%EC%9D%98%20%EB%AC%B8%EC%9D%84%20%EC%97%AC%EB%8A%94%20%EC%9E%A5%EB%A9%B4%203b3baa79eaae81d7ac93ee38f06a9e0b.csv), 구원 약속과 증언·전투 역할을 묶어 배신하기 어려운 계약을 만드는 장면 (%EA%B5%AC%EC%9B%90%20%EC%95%BD%EC%86%8D%EA%B3%BC%20%EC%A6%9D%EC%96%B8%C2%B7%EC%A0%84%ED%88%AC%20%EC%97%AD%ED%95%A0%EC%9D%84%20%EB%AC%B6%EC%96%B4%20%EB%B0%B0%EC%8B%A0%ED%95%98%EA%B8%B0%20%EC%96%B4%EB%A0%A4%EC%9A%B4%20%EA%B3%84%EC%95%BD%EC%9D%84%20%EB%A7%8C%EB%93%9C%EB%8A%94%20%EC%9E%A5%EB%A9%B4%203b3baa79eaae8116bd61f9b8abbda84c.csv), 구원 약속이 지연·실적 요구·업무적 종속으로 바뀐 제삼자 장면 (%EA%B5%AC%EC%9B%90%20%EC%95%BD%EC%86%8D%EC%9D%B4%20%EC%A7%80%EC%97%B0%C2%B7%EC%8B%A4%EC%A0%81%20%EC%9A%94%EA%B5%AC%C2%B7%EC%97%85%EB%AC%B4%EC%A0%81%20%EC%A2%85%EC%86%8D%EC%9C%BC%EB%A1%9C%20%EB%B0%94%EB%80%90%20%EC%A0%9C%EC%82%BC%EC%9E%90%20%EC%9E%A5%EB%A9%B4%203b3baa79eaae81f883c4fb8719d29b0e.csv)",계약 제공자가 구원 수단·실행 시점·평가권을 독점하고 대상은 희망 때문에 거절하기 어려움,성장과 전공이 쌓여도 구원 실행이 미뤄져 관계가 신뢰가 아닌 실적과 잔류 의무로 굳어짐,Yes,구원 가능성 → 역할 조건 → 평가권 → 시간 경과 → 지연 → 종속 비용,절망한 인물에게 상실한 사람을 되살릴 수 있다고 제안하는 장면에서 시작함,높음,,,당사자 간 협력자 계약에서는 지원 범위와 결별 조건을 명시해 이 종속 구조와 대비됨
예정된 미래와 플랜 B를 공개한 뒤 지원 범위·결별 조건·비상 계획 보유를 명시하는 협력자 계약 장면,REF-46,"두 사람은 서로의 최종 소망이 다름을 인정하면서도 필요한 때 돕고, 충돌하면 갈라질 수 있다는 불안정한 안도를 선택한다.",예정된 미래 기록 공개 → 장기 은폐 동기 → 귀환 플랜 → 세계 위험 확인 → 각자 플랜 B 유지 → 적·아군 이분법 거부 → 귀환 지원 약속 → 필요시 지원 → 목표 충돌 시 결별 → 협력자 호칭 확정,대표,2026년 8월 5일,준비,비밀과 비상 계획을 숨긴 잠재 적대자들 → 위험을 서로 아는 동향인 → 지원 범위와 결별 절차를 가진 협력자,"관계 형성, 권한·위계, 정보·비밀, 협상·거래",Yes,"협력자 A, 협력자 B, 예정된 미래 기록","500~501화 246,081~246,533행","예정된 미래와 장기 은폐 동기를 공개하는 장면 (%EC%98%88%EC%A0%95%EB%90%9C%20%EB%AF%B8%EB%9E%98%EC%99%80%20%EC%9E%A5%EA%B8%B0%20%EC%9D%80%ED%8F%90%20%EB%8F%99%EA%B8%B0%EB%A5%BC%20%EA%B3%B5%EA%B0%9C%ED%95%98%EB%8A%94%20%EC%9E%A5%EB%A9%B4%203b3baa79eaae81fe82e9fa08fa7903e8.csv), 비상 계획을 유지한 채 지원 범위와 결별 조건을 명시하는 협력자 계약 장면 (%EB%B9%84%EC%83%81%20%EA%B3%84%ED%9A%8D%EC%9D%84%20%EC%9C%A0%EC%A7%80%ED%95%9C%20%EC%B1%84%20%EC%A7%80%EC%9B%90%20%EB%B2%94%EC%9C%84%EC%99%80%20%EA%B2%B0%EB%B3%84%20%EC%A1%B0%EA%B1%B4%EC%9D%84%20%EB%AA%85%EC%8B%9C%ED%95%98%EB%8A%94%20%ED%98%91%EB%A0%A5%EC%9E%90%20%EA%B3%84%EC%95%BD%20%EC%9E%A5%EB%A9%B4%203b3baa79eaae8103910dd03abf55e093.csv)",핵심 목표와 비상 계획은 다르지만 공동 이익과 지원 가능성이 남아 있음,전면 신뢰나 플랜 폐기 없이 지원 범위와 결별 조건을 말로 고정하고 협력자라는 범주를 선택함,Yes,미래 기록 → 은폐 이유 → 위험 → 플랜 B → 지원 → 결별 → 관계 명명,한쪽이 예정된 미래를 담은 기록과 귀환 가능성을 공개하는 장면에서 시작함,높음,,,귀환과 세계 보존이 실제 충돌할 때 합의한 결별 절차를 지키는지는 미확인임
제삼자의 보호권을 돌려준 뒤 상징 이용·폭력 계획을 공개하고 현재 동료의 보호선을 협상하는 장면,REF-46,상징으로 이용된 사람은 과거 계획에 분노하지만 제삼자의 귀환과 현재 동료의 안전을 우선해 협상을 이어 간다.,제삼자 인도 → 다음 협력 조건 요구 → 상징 이용 인정 → 세력 유인 목적 → 전복·암살 계획 공개 → 과거 책임 추궁 → 현재 동료 위해 금지 → 정보·지원 협상 유지,대표,2026년 8월 5일,준비,제삼자를 통제한 계획자와 피해 당사자 → 과거 이용 책임을 공개한 협상자들 → 현재 보호선 아래 제한적으로 거래하는 관계,"관계 갈등, 보호·희생, 정보·비밀, 협상·거래",Yes,"상징으로 이용된 A, 계획자 B, 제삼자 C, 현재 동료들","469~470화 231,219~231,527행","제삼자의 보호권을 돌려주는 행위로 다음 협력 조건을 여는 장면 (%EC%A0%9C%EC%82%BC%EC%9E%90%EC%9D%98%20%EB%B3%B4%ED%98%B8%EA%B6%8C%EC%9D%84%20%EB%8F%8C%EB%A0%A4%EC%A3%BC%EB%8A%94%20%ED%96%89%EC%9C%84%EB%A1%9C%20%EB%8B%A4%EC%9D%8C%20%ED%98%91%EB%A0%A5%20%EC%A1%B0%EA%B1%B4%EC%9D%84%20%EC%97%AC%EB%8A%94%20%EC%9E%A5%EB%A9%B4%203b3baa79eaae81ccb548fe18e66d9aca.csv), 상징 이용과 폭력 계획을 공개하고 현재 보호선을 만드는 장면 (%EC%83%81%EC%A7%95%20%EC%9D%B4%EC%9A%A9%EA%B3%BC%20%ED%8F%AD%EB%A0%A5%20%EA%B3%84%ED%9A%8D%EC%9D%84%20%EA%B3%B5%EA%B0%9C%ED%95%98%EA%B3%A0%20%ED%98%84%EC%9E%AC%20%EB%B3%B4%ED%98%B8%EC%84%A0%EC%9D%84%20%EB%A7%8C%EB%93%9C%EB%8A%94%20%EC%9E%A5%EB%A9%B4%203b3baa79eaae81b395d0cb08ede5a246.csv)",과거 상징 이용과 폭력 계획이 드러났지만 제삼자 보호와 현재 협력 필요가 남음,과거를 용서하지 않으면서 현재 동료에 대한 위해 금지와 다음 정보 교환 범위를 정함,Yes,제삼자 보호권 → 협상 입구 → 이용 책임 → 폭력 계획 → 현재 보호선,제삼자를 원래 동료에게 돌려주는 협상 장면에서 시작함,높음,,,기록석과 예정된 미래 공개 뒤 현재 보호선이 지원 범위·결별 조건 계약으로 확장됨
검증 기술이 있어도 신분·비용으로 접근이 막히자 공개 비용을 높여 요청권을 강제로 확보하는 장면,REF-46,피조사자 A는 내부 절차를 믿고 비용까지 제안하지만 거절당한다. 기관이 정확한 검증보다 사건 종결을 택하자 공개 위험을 감수해 검증 무대를 바깥으로 옮긴다.,검증 요청 → 신분 규칙 거부 → 자비 부담 제안 → 약한 검증 실패 → 고급 검증 비용 회피 → 자백·형 집행 → 공개 상황 조성 → 당사자·전문가·기록 소집 → 공개 교차 검증 → 기관 판정 역전,대표,2026년 8월 5일,준비,검증 기술을 믿는 피조사자 → 접근권에서 배제된 약자 → 공개 비용을 지렛대로 검증권을 확보한 당사자,"권한·위계, 정보·비밀, 조직·제도, 평가·판정",Yes,"피조사자 A, 조사 기관 B, 전문가·증인·군중","37~40화 17,521~19,115행","검증 비용을 내겠다는 피조사자도 신분 규칙 때문에 요청권을 거부당하는 장면 (%EA%B2%80%EC%A6%9D%20%EB%B9%84%EC%9A%A9%EC%9D%84%20%EB%82%B4%EA%B2%A0%EB%8B%A4%EB%8A%94%20%ED%94%BC%EC%A1%B0%EC%82%AC%EC%9E%90%EB%8F%84%20%EC%8B%A0%EB%B6%84%20%EA%B7%9C%EC%B9%99%20%EB%95%8C%EB%AC%B8%EC%97%90%20%EC%9A%94%EC%B2%AD%EA%B6%8C%EC%9D%84%20%EA%B1%B0%EB%B6%80%EB%8B%B9%ED%95%98%EB%8A%94%20%EC%9E%A5%EB%A9%B4%203b3baa79eaae8148bf7ad8b8d5ada6e1.csv), 약한 검증이 실패하자 더 강한 검증 대신 자백 압박과 형 집행으로 전환하는 장면 (%EC%95%BD%ED%95%9C%20%EA%B2%80%EC%A6%9D%EC%9D%B4%20%EC%8B%A4%ED%8C%A8%ED%95%98%EC%9E%90%20%EB%8D%94%20%EA%B0%95%ED%95%9C%20%EA%B2%80%EC%A6%9D%20%EB%8C%80%EC%8B%A0%20%EC%9E%90%EB%B0%B1%20%EC%95%95%EB%B0%95%EA%B3%BC%20%ED%98%95%20%EC%A7%91%ED%96%89%EC%9C%BC%EB%A1%9C%20%EC%A0%84%ED%99%98%ED%95%98%EB%8A%94%20%EC%9E%A5%EB%A9%B4%203b3baa79eaae8182a9d5cea43a173c2b.csv), 기관이 입막음할 수 없는 공개 상황을 만들고 당사자·전문가를 한자리에 요구하는 장면 (%EA%B8%B0%EA%B4%80%EC%9D%B4%20%EC%9E%85%EB%A7%89%EC%9D%8C%ED%95%A0%20%EC%88%98%20%EC%97%86%EB%8A%94%20%EA%B3%B5%EA%B0%9C%20%EC%83%81%ED%99%A9%EC%9D%84%20%EB%A7%8C%EB%93%A4%EA%B3%A0%20%EB%8B%B9%EC%82%AC%EC%9E%90%C2%B7%EC%A0%84%EB%AC%B8%EA%B0%80%EB%A5%BC%20%ED%95%9C%EC%9E%90%EB%A6%AC%EC%97%90%20%EC%9A%94%EA%B5%AC%ED%95%98%EB%8A%94%20%EC%9E%A5%EB%A9%B4%203b3baa79eaae81a6b784f4da4d2c08ac.csv), 군중·전문가·기록·당사자 검증을 겹쳐 거짓 증언과 회유를 뒤집는 장면 (%EA%B5%B0%EC%A4%91%C2%B7%EC%A0%84%EB%AC%B8%EA%B0%80%C2%B7%EA%B8%B0%EB%A1%9D%C2%B7%EB%8B%B9%EC%82%AC%EC%9E%90%20%EA%B2%80%EC%A6%9D%EC%9D%84%20%EA%B2%B9%EC%B3%90%20%EA%B1%B0%EC%A7%93%20%EC%A6%9D%EC%96%B8%EA%B3%BC%20%ED%9A%8C%EC%9C%A0%EB%A5%BC%20%EB%92%A4%EC%A7%91%EB%8A%94%20%EC%9E%A5%EB%A9%B4%203b3baa79eaae8133aaa6c104aeca929a.csv)",정확한 검증 기술은 존재하지만 요청권과 고급 검증 비용이 기관에 독점됨,공개된 자리에서 서로 다른 증거원이 충돌하며 내부 판정이 뒤집힘,Yes,기술 존재 → 접근권 거부 → 비용 회피 → 절차 폐쇄 → 공개 압력 → 다자 검증 → 판정 역전,피조사자가 검증 비용을 내겠다고 제안하지만 신분 규칙으로 거절당하는 장면에서 시작함,높음,,,후반 법정에서는 검증 장치가 있어도 묵비권과 부분 진실이 가능하므로 복수 증인과 법률 조력자를 추가함
참 판정과 정보량을 분리하고 잘못된 확신·상반된 주장까지 통과시키는 장치의 한계를 드러내는 장면,REF-46,"참가자들은 처음에는 장치 색에 안도하지만, 최소 문장·현실과 충돌하는 정보·상반된 확신이 모두 통과하자 출처와 누적 행동 기록을 더 중시한다.",사적 질문 거절 → 공식 정보 발화 → 참 판정 → 정보량 부족 이의 → 추가 발화 협상 → 현실과 충돌하는 참 판정 → 잘못된 확신 가능성 → 후반 상반된 주장 모두 통과 가능성 → 집단 평판으로 수용 결정 → 최소 발화 뒤 턴 종료,대표,2026년 8월 5일,준비,장치 판정을 사실 전체로 믿는 집단 → 문장 진위와 정보량을 분리하는 거래자들 → 출처·행동 기록·평판까지 보는 검증 공동체,"관계 형성, 정보·비밀, 평가·판정, 협상·거래",Yes,"발화자 A, 이의 제기자 B, 익명 집회 참가자들","125~126화·471~472화 60,383~60,799행 / 232,103~232,491행","공식 거래 전 사적 질문을 거절하고도 추가 압박 없이 순서를 시작하는 장면 (%EA%B3%B5%EC%8B%9D%20%EA%B1%B0%EB%9E%98%20%EC%A0%84%20%EC%82%AC%EC%A0%81%20%EC%A7%88%EB%AC%B8%EC%9D%84%20%EA%B1%B0%EC%A0%88%ED%95%98%EA%B3%A0%EB%8F%84%20%EC%B6%94%EA%B0%80%20%EC%95%95%EB%B0%95%20%EC%97%86%EC%9D%B4%20%EC%88%9C%EC%84%9C%EB%A5%BC%20%EC%8B%9C%EC%9E%91%ED%95%98%EB%8A%94%20%EC%9E%A5%EB%A9%B4%203b3baa79eaae8133a298fd9027748de4.csv), 참 판정을 받은 최소 문장이 정보량 부족 이의를 받고 추가 발화가 협상되는 장면 (%EC%B0%B8%20%ED%8C%90%EC%A0%95%EC%9D%84%20%EB%B0%9B%EC%9D%80%20%EC%B5%9C%EC%86%8C%20%EB%AC%B8%EC%9E%A5%EC%9D%B4%20%EC%A0%95%EB%B3%B4%EB%9F%89%20%EB%B6%80%EC%A1%B1%20%EC%9D%B4%EC%9D%98%EB%A5%BC%20%EB%B0%9B%EA%B3%A0%20%EC%B6%94%EA%B0%80%20%EB%B0%9C%ED%99%94%EA%B0%80%20%ED%98%91%EC%83%81%EB%90%98%EB%8A%94%20%EC%9E%A5%EB%A9%B4%203b3baa79eaae81fa9645fa29aa867d80.csv), 참 판정을 받은 정보가 발화자의 잘못된 확신일 수 있음을 공개하는 장면 (%EC%B0%B8%20%ED%8C%90%EC%A0%95%EC%9D%84%20%EB%B0%9B%EC%9D%80%20%EC%A0%95%EB%B3%B4%EA%B0%80%20%EB%B0%9C%ED%99%94%EC%9E%90%EC%9D%98%20%EC%9E%98%EB%AA%BB%EB%90%9C%20%ED%99%95%EC%8B%A0%EC%9D%BC%20%EC%88%98%20%EC%9E%88%EC%9D%8C%EC%9D%84%20%EA%B3%B5%EA%B0%9C%ED%95%98%EB%8A%94%20%EC%9E%A5%EB%A9%B4%203b3baa79eaae8117a246e03fd248bd73.csv), 잘못된 정보를 진실이라 믿는 발화가 참 판정을 받아 출처와 의도를 다시 추적하는 장면 (%EC%9E%98%EB%AA%BB%EB%90%9C%20%EC%A0%95%EB%B3%B4%EB%A5%BC%20%EC%A7%84%EC%8B%A4%EC%9D%B4%EB%9D%BC%20%EB%AF%BF%EB%8A%94%20%EB%B0%9C%ED%99%94%EA%B0%80%20%EC%B0%B8%20%ED%8C%90%EC%A0%95%EC%9D%84%20%EB%B0%9B%EC%95%84%20%EC%B6%9C%EC%B2%98%EC%99%80%20%EC%9D%98%EB%8F%84%EB%A5%BC%20%EB%8B%A4%EC%8B%9C%20%EC%B6%94%EC%A0%81%ED%95%98%EB%8A%94%20%EC%9E%A5%EB%A9%B4%203b3baa79eaae8134b27bcb7c083110ed.csv), 상반된 확신이 모두 참 판정을 받을 수 있고 최소 발화 뒤 턴을 끝내는 장면 (%EC%83%81%EB%B0%98%EB%90%9C%20%ED%99%95%EC%8B%A0%EC%9D%B4%20%EB%AA%A8%EB%91%90%20%EC%B0%B8%20%ED%8C%90%EC%A0%95%EC%9D%84%20%EB%B0%9B%EC%9D%84%20%EC%88%98%20%EC%9E%88%EA%B3%A0%20%EC%B5%9C%EC%86%8C%20%EB%B0%9C%ED%99%94%20%EB%92%A4%20%ED%84%B4%EC%9D%84%20%EB%81%9D%EB%82%B4%EB%8A%94%20%EC%9E%A5%EB%A9%B4%203b3baa79eaae81d69473e6fe39655510.csv)",장치는 의도적 거짓보다 발화자의 확신을 판정하며 문장 정보량과 출처는 평가하지 않음,장치 색만으로 결론내리지 않고 출처·평판·행동 기록을 추가로 요구함,Yes,거절권 → 참 판정 → 정보량 이의 → 잘못된 확신 → 상반된 참 가능성 → 평판 기반 선택,공식 거래 전 사적 질문을 거절하고 규칙 안의 발화만 시작하는 장면에서 출발함,높음,,,답변 거부 사유만 검증하고 답변자가 질문을 선택하는 후반 규칙으로 권리 배분이 확장됨
검증 장치가 있어도 묵비권·부분 진실을 예상해 증인과 법률 조력자를 늘리는 장면,REF-46,"분쟁 당사자 A는 장치가 거짓말을 막는다는 말에 안도하지만, 조사자 B는 불리한 질문을 피하고 유리한 진실만 말하는 전략을 먼저 예상한다.",상대의 증인 회유 징후 → 검증 장치 낙관 → 묵비권 규칙 공개 → 유리한 부분 진실 전략 → 증언 비중 하락 판례 → 복수 증인 확보 → 법률 조력자 요청,대표,2026년 8월 5일,준비,검증 장치 하나면 충분하다고 믿는 당사자 → 묵비권과 부분 진실을 인식한 준비자 → 독립 증거원과 절차를 늘린 소송 당사자,"정보·비밀, 조직·제도, 평가·판정, 협상·거래",Yes,"분쟁 당사자 A, 조사자 B, 증인·법률 조력자","467화 230,255~230,293행",묵비권과 부분 진실을 예상해 증인·법률 조력자를 추가하는 장면 (%EB%AC%B5%EB%B9%84%EA%B6%8C%EA%B3%BC%20%EB%B6%80%EB%B6%84%20%EC%A7%84%EC%8B%A4%EC%9D%84%20%EC%98%88%EC%83%81%ED%95%B4%20%EC%A6%9D%EC%9D%B8%C2%B7%EB%B2%95%EB%A5%A0%20%EC%A1%B0%EB%A0%A5%EC%9E%90%EB%A5%BC%20%EC%B6%94%EA%B0%80%ED%95%98%EB%8A%94%20%EC%9E%A5%EB%A9%B4%203b3baa79eaae81639b6bc118bfa6d3e1.csv),장치가 의도적 거짓을 막더라도 증언자는 불리한 질문에 침묵할 수 있음,장치 의존을 줄이고 증인 수·독립성·법률 절차를 강화하는 준비로 전환함,Yes,회유 징후 → 장치 신뢰 → 묵비권 → 부분 진실 → 판례 → 증거원 확대,상대가 증인을 회유하는 장면을 목격했다는 보고에서 시작함,중간,,,후반 집회에서는 무조건 답변이 아니라 거절 사유만 검증하고 답변자가 질문을 선택하는 규칙으로 발전함
답변 강제 대신 거절 사유를 검증하고 답변자가 질문을 선택하도록 권리를 재배분하는 장면,REF-46,참가자들은 솔직한 답변의 재미와 정체 노출 위험을 동시에 느낀다. 반대 의견과 투표를 거쳐 질문권과 답변권을 나눈다.,무조건 솔직 답변 제안 → 정체 노출 예외 → 예외의 주관성 지적 → 거절 사유 검증 제안 → 전체 동의 요구 → 찬반 투표 → 규칙 문장화 → 모두 질문 제출 → 답변자가 하나 선택,대표,2026년 8월 5일,준비,질문자가 답변을 강제하는 게임 → 거절 사유를 검증하는 협상 → 답변자가 질문 선택권을 가진 다자 규칙,"권한·위계, 정보·비밀, 조직·제도, 협상·거래",Yes,"제안자 A, 반대자 B, 답변자·질문자 집단","572화 278,379~278,517행",답변 거부 사유를 검증하고 답변자가 질문을 선택하는 규칙을 투표로 만드는 장면 (%EB%8B%B5%EB%B3%80%20%EA%B1%B0%EB%B6%80%20%EC%82%AC%EC%9C%A0%EB%A5%BC%20%EA%B2%80%EC%A6%9D%ED%95%98%EA%B3%A0%20%EB%8B%B5%EB%B3%80%EC%9E%90%EA%B0%80%20%EC%A7%88%EB%AC%B8%EC%9D%84%20%EC%84%A0%ED%83%9D%ED%95%98%EB%8A%94%20%EA%B7%9C%EC%B9%99%EC%9D%84%20%ED%88%AC%ED%91%9C%EB%A1%9C%20%EB%A7%8C%EB%93%9C%EB%8A%94%20%EC%9E%A5%EB%A9%B4%203b3baa79eaae812fac92cc3b75feb474.csv),질문 게임에 정체 노출 위험과 무제한 답변 강제 문제가 존재함,모든 질문을 받은 뒤 답변자가 하나를 선택하는 절차로 게임을 시작함,Yes,답변 의무 제안 → 예외 → 예외 검증 → 투표 → 질문 선택권,한 참가자가 모두 솔직히 답하는 질문 게임을 제안하는 장면에서 시작함,높음,,,장치가 사라진 최종 협상에서도 거절권과 질문 선택권이 유지되는지는 미확인임
직접 소문을 묻지 않고 알려진 인물을 닻으로 삼아 자발적 연결과 출처·진위를 분리하는 장면,REF-46,정보 구매자 A는 소문을 믿고 싶은 조급함을 억누르고 자신이 이미 확인한 인물부터 묻는다. 판매자가 예상 질문 없이 소문과 연결하자 신뢰도를 한 단계 올리되 진위는 다시 분리한다.,정보 채널 사용 원칙 설정 → 판매자 접촉 → 알려진 인물 질문 → 최근 행동으로 범위 축소 → 판매자의 자발적 소문 연결 → 출처 발언과 객관적 진위 분리 → 추가 근거 가격 협상,대표,2026년 8월 5일,준비,검증 불가능한 소문의 구매자 → 닻 질문으로 판매자 지식을 시험하는 구매자 → 출처와 진위를 분리해 근거를 사는 정보 협상자,"정보·비밀, 평가·판정, 협상·거래",Yes,"정보 구매자 A, 판매자 B, 알려진 인물 C","92화 44,921~45,013행","정보 판매를 수익원이 아니라 검증 가능한 정보 획득 채널로 제한하는 장면 (%EC%A0%95%EB%B3%B4%20%ED%8C%90%EB%A7%A4%EB%A5%BC%20%EC%88%98%EC%9D%B5%EC%9B%90%EC%9D%B4%20%EC%95%84%EB%8B%88%EB%9D%BC%20%EA%B2%80%EC%A6%9D%20%EA%B0%80%EB%8A%A5%ED%95%9C%20%EC%A0%95%EB%B3%B4%20%ED%9A%8D%EB%93%9D%20%EC%B1%84%EB%84%90%EB%A1%9C%20%EC%A0%9C%ED%95%9C%ED%95%98%EB%8A%94%20%EC%9E%A5%EB%A9%B4%203b3baa79eaae81f7abdac712811daeb8.csv), 직접 소문 대신 이미 아는 인물을 닻으로 묻고 판매자의 자발적 연결을 확인하는 장면 (%EC%A7%81%EC%A0%91%20%EC%86%8C%EB%AC%B8%20%EB%8C%80%EC%8B%A0%20%EC%9D%B4%EB%AF%B8%20%EC%95%84%EB%8A%94%20%EC%9D%B8%EB%AC%BC%EC%9D%84%20%EB%8B%BB%EC%9C%BC%EB%A1%9C%20%EB%AC%BB%EA%B3%A0%20%ED%8C%90%EB%A7%A4%EC%9E%90%EC%9D%98%20%EC%9E%90%EB%B0%9C%EC%A0%81%20%EC%97%B0%EA%B2%B0%EC%9D%84%20%ED%99%95%EC%9D%B8%ED%95%98%EB%8A%94%20%EC%9E%A5%EB%A9%B4%203b3baa79eaae81cfa4cbf29f682fce04.csv), 발언 출처와 소문 진위를 분리하고 추가 근거의 가격을 협상하는 장면 (%EB%B0%9C%EC%96%B8%20%EC%B6%9C%EC%B2%98%EC%99%80%20%EC%86%8C%EB%AC%B8%20%EC%A7%84%EC%9C%84%EB%A5%BC%20%EB%B6%84%EB%A6%AC%ED%95%98%EA%B3%A0%20%EC%B6%94%EA%B0%80%20%EA%B7%BC%EA%B1%B0%EC%9D%98%20%EA%B0%80%EA%B2%A9%EC%9D%84%20%ED%98%91%EC%83%81%ED%95%98%EB%8A%94%20%EC%9E%A5%EB%A9%B4%203b3baa79eaae8160a8f5f6b58e3423b7.csv)",직접 주장 진위는 검증하기 어렵지만 관련 인물의 실재와 행동은 이미 알고 있음,소문 판정이 아니라 근거 구조를 구매하는 두 번째 거래로 넘어감,Yes,채널 제한 → 닻 인물 → 자발적 연결 → 출처 발언 → 객관적 진위 → 근거 가격,정보 판매 수익을 포기하고 구매 채널로만 쓰겠다는 원칙을 세우는 장면에서 시작함,높음,,,후반에는 장치의 참 판정도 출처와 행동 기록 없이 수용하지 않는 검증 규칙으로 확장됨
소문을 조직 목적·실행 조건·유포 방식·다른 기관의 예상 대응으로 연결해 행동 가능한 정보로 바꾸는 장면,REF-46,구매자 A는 한 문장짜리 부정만으로 안심하지 않고 왜 그런 소문이 생겼는지와 누가 어떤 행동을 할지를 요구한다.,소문 부정 → 근거 요구 → 조직 연구 목적 → 실험 조건 → 사람 수 감소 필요 → 소문 유포 → 판매자의 이해관계 거리 → 대응 기관의 자원 동기 → 예상 공문 → 설명 일관성 판정,대표,2026년 8월 5일,준비,재난 소문에 흔들리는 구매자 → 소문 생성 동기를 이해한 조사자 → 후속 기관 행동으로 검증 가능한 임시 판단 보유자,"정보·비밀, 조직·제도, 평가·판정",Yes,"정보 구매자 A, 판매자 B, 조직 C, 대응 기관 D","92~93화 45,013~45,043행",조직 목적·실행 조건·소문 유포·다른 기관의 대응을 연결해 행동 가능한 설명을 만드는 장면 (%EC%A1%B0%EC%A7%81%20%EB%AA%A9%EC%A0%81%C2%B7%EC%8B%A4%ED%96%89%20%EC%A1%B0%EA%B1%B4%C2%B7%EC%86%8C%EB%AC%B8%20%EC%9C%A0%ED%8F%AC%C2%B7%EB%8B%A4%EB%A5%B8%20%EA%B8%B0%EA%B4%80%EC%9D%98%20%EB%8C%80%EC%9D%91%EC%9D%84%20%EC%97%B0%EA%B2%B0%ED%95%B4%20%ED%96%89%EB%8F%99%20%EA%B0%80%EB%8A%A5%ED%95%9C%20%EC%84%A4%EB%AA%85%EC%9D%84%20%EB%A7%8C%EB%93%9C%EB%8A%94%20%EC%9E%A5%EB%A9%B4%203b3baa79eaae81c6a1d6e9514a2e24ce.csv),소문 내용 하나만으로는 진위를 확인할 수 없지만 관련 조직들의 목적과 예상 행동은 비교 가능함,후속 공개 행동으로 확인 가능한 인과 설명을 확보하고 거래를 끝냄,Yes,주장 → 목적 → 조건 → 유포 행동 → 이해관계 → 제삼 기관 대응,판매자가 소문은 사실이 아니라고 말한 뒤 근거를 별도 가격으로 제시하는 장면에서 시작함,높음,,,공개 기록·전문가 판정·제삼자 증언을 겹치는 장면에서는 서로 다른 실패 방식의 증거로 같은 원리가 확대됨
질문 없는 압박으로 반응 차이를 본 뒤 사소한 질문부터 핵심 정체까지 올리되 강압과 신뢰를 분리하는 장면,REF-46,심문자 A는 조급하게 핵심을 묻지 않고 포로의 침묵·고통 반응과 대답 습관을 만든다. 그러나 포로가 고통을 멈추기 위해 답한다는 사실이 정보의 객관성을 보장하지는 않는다.,언어 이해 은폐 → 소지품 점검 → 질문 없는 압박 → 두 포로 반응 비교 → 한계 신호 → 결혼·자식·식사 질문 → 답변 중 고통 중단 → 대답 습관 형성 → 이름 질문 → 예상 밖 정체 정보,실패,2026년 8월 5일,준비,반응 기준 없는 포로 심문 → 침묵·고통 기준을 가진 심문 → 핵심 답변은 얻었지만 강압 오염 가능성이 남은 정보 획득,"위기·생존, 정보·비밀, 평가·판정",Yes,"심문자 A, 포로 B와 C","481~482화 237,033~237,121행","심문자가 언어 이해를 숨기고 질문 없이 압박해 침묵·고통 반응의 기준을 만드는 장면 (%EC%8B%AC%EB%AC%B8%EC%9E%90%EA%B0%80%20%EC%96%B8%EC%96%B4%20%EC%9D%B4%ED%95%B4%EB%A5%BC%20%EC%88%A8%EA%B8%B0%EA%B3%A0%20%EC%A7%88%EB%AC%B8%20%EC%97%86%EC%9D%B4%20%EC%95%95%EB%B0%95%ED%95%B4%20%EC%B9%A8%EB%AC%B5%C2%B7%EA%B3%A0%ED%86%B5%20%EB%B0%98%EC%9D%91%EC%9D%98%20%EA%B8%B0%EC%A4%80%EC%9D%84%20%EB%A7%8C%EB%93%9C%EB%8A%94%20%EC%9E%A5%EB%A9%B4%203b3baa79eaae81c29babc45fbbf7869e.csv), 사소한 개인 질문으로 대답 행동을 만든 뒤 핵심 정체 질문까지 수위를 올리는 장면 (%EC%82%AC%EC%86%8C%ED%95%9C%20%EA%B0%9C%EC%9D%B8%20%EC%A7%88%EB%AC%B8%EC%9C%BC%EB%A1%9C%20%EB%8C%80%EB%8B%B5%20%ED%96%89%EB%8F%99%EC%9D%84%20%EB%A7%8C%EB%93%A0%20%EB%92%A4%20%ED%95%B5%EC%8B%AC%20%EC%A0%95%EC%B2%B4%20%EC%A7%88%EB%AC%B8%EA%B9%8C%EC%A7%80%20%EC%88%98%EC%9C%84%EB%A5%BC%20%EC%98%AC%EB%A6%AC%EB%8A%94%20%EC%9E%A5%EB%A9%B4%203b3baa79eaae81c994e3d2cb67b25f53.csv)",포로의 거짓말·침묵 기준을 모르며 강압이 사용되고 있음,사소한 질문으로 만든 반응 기준 위에서 핵심 정체 정보가 나오지만 신뢰도는 별도 검증 대상으로 남음,Yes,능력 은폐 → 무질문 반응 관찰 → 한계 → 사소한 사실 → 대답 습관 → 핵심 질문,심문자가 언어를 알아듣는 사실을 숨기고 도구와 포로 반응을 점검하는 장면에서 시작함,높음,,,강압 없이 적대자 정보를 검증하는 제도적 절차가 확립되는지는 미확인임
비어 버린 핵심 역할 후보에게 희귀 자원을 집중하되 소속 편입 조건은 다수 생존 때문에 철회하는 장면,REF-46,"자원 보유자 B는 조직 자산과 귀족 의뢰를 지키려 하지만, 생존자 23명의 목숨을 책임져야 해 외부 후보 A의 독립성을 받아들인다.",전문 방어자 부재 → 외부 후보의 역할 제안 → 지식·능력 검증 → 후보 비교 → 희귀 자원 투자 결정 → 조직 편입 조건 → 후보 거절 → 다수 생존 계산 → 조건 철회 → 자원 지급,대표,2026년 8월 5일,준비,핵심 역할이 비어 탈출 불가능한 조직 → 자원 집중으로 임시 역할을 복구한 집단 → 소속권 없이 외부 전위와 협력하는 생존 연합,"권한·위계, 보상·처벌, 위기·생존, 협상·거래",Yes,"외부 후보 A, 자원 보유자 B, 생존자 집단 C","68~69화 32,755~32,967행","역할 공백을 채울 후보의 능력을 검증하고 희귀 자원을 한 명에게 집중하는 장면 (%EC%97%AD%ED%95%A0%20%EA%B3%B5%EB%B0%B1%EC%9D%84%20%EC%B1%84%EC%9A%B8%20%ED%9B%84%EB%B3%B4%EC%9D%98%20%EB%8A%A5%EB%A0%A5%EC%9D%84%20%EA%B2%80%EC%A6%9D%ED%95%98%EA%B3%A0%20%ED%9D%AC%EA%B7%80%20%EC%9E%90%EC%9B%90%EC%9D%84%20%ED%95%9C%20%EB%AA%85%EC%97%90%EA%B2%8C%20%EC%A7%91%EC%A4%91%ED%95%98%EB%8A%94%20%EC%9E%A5%EB%A9%B4%203b3baa79eaae81e0bcebd694ccb0198d.csv), 희귀 자원 투자에 소속 편입 조건을 붙였다가 생존 책임 때문에 철회하는 장면 (%ED%9D%AC%EA%B7%80%20%EC%9E%90%EC%9B%90%20%ED%88%AC%EC%9E%90%EC%97%90%20%EC%86%8C%EC%86%8D%20%ED%8E%B8%EC%9E%85%20%EC%A1%B0%EA%B1%B4%EC%9D%84%20%EB%B6%99%EC%98%80%EB%8B%A4%EA%B0%80%20%EC%83%9D%EC%A1%B4%20%EC%B1%85%EC%9E%84%20%EB%95%8C%EB%AC%B8%EC%97%90%20%EC%B2%A0%ED%9A%8C%ED%95%98%EB%8A%94%20%EC%9E%A5%EB%A9%B4%203b3baa79eaae818493ccc3e8f63a9bef.csv)",핵심 역할이 비었고 외부 후보에게 투자해야 하지만 조직 편입은 거절됨,소속권을 얻지 못해도 생존 역할을 복구하기 위해 자원을 지급함,Yes,공백 → 후보 → 능력 → 투자 → 소속 조건 → 거절 → 생존 책임 → 조건 철회,외부 후보가 비어 버린 전위 역할을 수행하겠다고 희귀 자원을 요구하는 장면에서 시작함,높음,,,손실 후 자원 재배치는 보상을 주는 장면이 아니라 사라진 기능을 복구하는 편제 결정으로 읽힘
전사 이름을 실시간 기록하고 중심 방어자 부재 전후 손실을 비교해 다음 인원 재편으로 넘기는 장면,REF-46,전투 집단은 이름이 불릴 때마다 죽음을 체감하지만 전투를 멈출 수 없다. 종료 뒤에는 감정과 별개로 부재 시간·부상 정도·조별 손실을 계산한다.,이름·조 전사 보고 → 전사 누적 → 중심 방어자 기절 → 3분간 전열 붕괴 → 전투 종료 → 경상·중상·전사 분리 → 총 28명 → 3분간 21명 → 조별 손실 비교 → 돌봄 명령 → 재편 예고 → 조별 인원 재배치,대표,2026년 8월 5일,준비,전투 중 실시간 손실을 견디는 집단 → 중심 방어 기능 이탈로 대량 사망한 조직 → 손실 원인을 반영해 다음 편제를 다시 짠 탐사대,"상실·애도, 전투·대결, 조직·제도, 평가·판정",Yes,"중심 방어자 A, 지휘관 B, 전투 집단 C, 조장들","558~560화 272,540~273,425행","전투 중 이름·조·소속을 붙여 실시간 전사 보고를 이어가는 장면 (%EC%A0%84%ED%88%AC%20%EC%A4%91%20%EC%9D%B4%EB%A6%84%C2%B7%EC%A1%B0%C2%B7%EC%86%8C%EC%86%8D%EC%9D%84%20%EB%B6%99%EC%97%AC%20%EC%8B%A4%EC%8B%9C%EA%B0%84%20%EC%A0%84%EC%82%AC%20%EB%B3%B4%EA%B3%A0%EB%A5%BC%20%EC%9D%B4%EC%96%B4%EA%B0%80%EB%8A%94%20%EC%9E%A5%EB%A9%B4%203b3baa79eaae8106b9a7c9ebde15f73b.csv), 전사 보고가 누적되는 가운데 중심 방어자가 기절해 전열 공백이 발생하는 장면 (%EC%A0%84%EC%82%AC%20%EB%B3%B4%EA%B3%A0%EA%B0%80%20%EB%88%84%EC%A0%81%EB%90%98%EB%8A%94%20%EA%B0%80%EC%9A%B4%EB%8D%B0%20%EC%A4%91%EC%8B%AC%20%EB%B0%A9%EC%96%B4%EC%9E%90%EA%B0%80%20%EA%B8%B0%EC%A0%88%ED%95%B4%20%EC%A0%84%EC%97%B4%20%EA%B3%B5%EB%B0%B1%EC%9D%B4%20%EB%B0%9C%EC%83%9D%ED%95%98%EB%8A%94%20%EC%9E%A5%EB%A9%B4%203b3baa79eaae81748b94cf5f84b7e4f4.csv), 중심 방어자 부재 3분과 대량 사망을 연결하고 부상·전사 총계를 분리 보고하는 장면 (%EC%A4%91%EC%8B%AC%20%EB%B0%A9%EC%96%B4%EC%9E%90%20%EB%B6%80%EC%9E%AC%203%EB%B6%84%EA%B3%BC%20%EB%8C%80%EB%9F%89%20%EC%82%AC%EB%A7%9D%EC%9D%84%20%EC%97%B0%EA%B2%B0%ED%95%98%EA%B3%A0%20%EB%B6%80%EC%83%81%C2%B7%EC%A0%84%EC%82%AC%20%EC%B4%9D%EA%B3%84%EB%A5%BC%20%EB%B6%84%EB%A6%AC%20%EB%B3%B4%EA%B3%A0%ED%95%98%EB%8A%94%20%EC%9E%A5%EB%A9%B4%203b3baa79eaae81b1a658d2d7ecccc262.csv), 대규모 손실 뒤 조장에게 생존자 돌봄을 맡기고 인원 재편을 예고하는 장면 (%EB%8C%80%EA%B7%9C%EB%AA%A8%20%EC%86%90%EC%8B%A4%20%EB%92%A4%20%EC%A1%B0%EC%9E%A5%EC%97%90%EA%B2%8C%20%EC%83%9D%EC%A1%B4%EC%9E%90%20%EB%8F%8C%EB%B4%84%EC%9D%84%20%EB%A7%A1%EA%B8%B0%EA%B3%A0%20%EC%9D%B8%EC%9B%90%20%EC%9E%AC%ED%8E%B8%EC%9D%84%20%EC%98%88%EA%B3%A0%ED%95%98%EB%8A%94%20%EC%9E%A5%EB%A9%B4%203b3baa79eaae8163a06bf7907f145b8c.csv), 누적 전사자 수를 반영해 각 조의 생존 인원을 다시 균형 배치하는 장면 (%EB%88%84%EC%A0%81%20%EC%A0%84%EC%82%AC%EC%9E%90%20%EC%88%98%EB%A5%BC%20%EB%B0%98%EC%98%81%ED%95%B4%20%EA%B0%81%20%EC%A1%B0%EC%9D%98%20%EC%83%9D%EC%A1%B4%20%EC%9D%B8%EC%9B%90%EC%9D%84%20%EB%8B%A4%EC%8B%9C%20%EA%B7%A0%ED%98%95%20%EB%B0%B0%EC%B9%98%ED%95%98%EB%8A%94%20%EC%9E%A5%EB%A9%B4%203b3baa79eaae81068e2dd9d2fdbe9e5c.csv)",전투 중 손실 보고와 특정 역할의 이탈 시간을 기록할 수 있음,전사 총계가 조장 돌봄·휴식·조별 생존 인원 재배치로 이어짐,Yes,개별 전사 → 역할 이탈 → 시간 → 총계 → 원인 비교 → 돌봄 → 재편,광역 공격 속 전사자의 이름과 소속을 실시간 호명하는 장면에서 시작함,높음,,,수치가 죽은 사람을 대체하지 않도록 시신·동료 반응을 남기면서도 다음 작전 입력값으로 사용함
최고 지휘자 사망 뒤 기능별 임시 권한을 먼저 복구하고 법적 승계와 행동 신뢰의 충돌을 투표로 푸는 장면,REF-46,대원들은 지휘 공백과 탈출 불안 속에서 법적 차순위보다 실제로 위험을 돌파한 후보에게 신뢰를 건다. 법적 승계자는 공개 결과를 받아들이고 보좌권을 유지한다.,지휘관 사망 확인 → 조사 전문가에게 임시 권한 → 수뇌부 회의 소집 → 군법상 차순위 주장 → 실제 명령 가능성 질문 → 행동 기록 제시 → 전군 투표 → 과반 당선 → 지휘권 인수 → 기존 부지휘자 재임명,대표,2026년 8월 5일,준비,최고 지휘자를 잃은 탐사대 → 법적·실질 지휘 후보가 충돌하는 조직 → 공개 선택으로 지휘권과 보좌권을 재구성한 군대,"관계 형성, 권한·위계, 조직·제도, 평가·판정",Yes,"현장 후보 A, 법적 승계자 B, 조사 전문가 C, 전 대원 집단","604~605화 292,535~293,015행","최고 지휘자 사망 직후 조사 권한을 위임하고 수뇌부 회의를 소집하는 장면 (%EC%B5%9C%EA%B3%A0%20%EC%A7%80%ED%9C%98%EC%9E%90%20%EC%82%AC%EB%A7%9D%20%EC%A7%81%ED%9B%84%20%EC%A1%B0%EC%82%AC%20%EA%B6%8C%ED%95%9C%EC%9D%84%20%EC%9C%84%EC%9E%84%ED%95%98%EA%B3%A0%20%EC%88%98%EB%87%8C%EB%B6%80%20%ED%9A%8C%EC%9D%98%EB%A5%BC%20%EC%86%8C%EC%A7%91%ED%95%98%EB%8A%94%20%EC%9E%A5%EB%A9%B4%203b3baa79eaae817fb8abd7680a55e611.csv), 법적 승계와 실제 지휘 가능성의 충돌을 공개 투표로 풀고 보좌권을 재임명하는 장면 (%EB%B2%95%EC%A0%81%20%EC%8A%B9%EA%B3%84%EC%99%80%20%EC%8B%A4%EC%A0%9C%20%EC%A7%80%ED%9C%98%20%EA%B0%80%EB%8A%A5%EC%84%B1%EC%9D%98%20%EC%B6%A9%EB%8F%8C%EC%9D%84%20%EA%B3%B5%EA%B0%9C%20%ED%88%AC%ED%91%9C%EB%A1%9C%20%ED%92%80%EA%B3%A0%20%EB%B3%B4%EC%A2%8C%EA%B6%8C%EC%9D%84%20%EC%9E%AC%EC%9E%84%EB%AA%85%ED%95%98%EB%8A%94%20%EC%9E%A5%EB%A9%B4%203b3baa79eaae81298ff8e2264133cefe.csv)",최고 지휘자가 사망했고 법적 승계권과 실제 명령 신뢰가 서로 다른 인물에게 있음,공개 투표 결과와 첫 재임명 명령으로 지휘·보좌 구조를 동시에 고정함,Yes,사망 → 임시 기능 → 승계 규칙 → 명령 가능성 → 행동 기록 → 투표 → 권한 확정,최고 지휘자의 사망과 출구 미개방을 확인하는 장면에서 시작함,높음,,,새 지휘자는 최종 책임을 인수한 뒤 기능별 책임자를 세워 명령 귀속점을 더 세분화함
이미 발생한 사망에도 임무를 속행하며 지휘관이 결정과 모든 희생 책임을 인수하는 장면,REF-46,수뇌부는 추가 희생을 두려워하지만 지휘관 A는 임무를 중단하지 않는다. 투표로 책임을 분산하지 않고 단독 결정과 결과 책임을 선언한다.,고위험 적 경고 → 기존 전사 7명 보고 → 손실 우려 → 임무 우선 선언 → 대상 선택 논쟁 → 투표 제안 → 책임 전가 비판 → 지휘관 정의 → 단독 결정 → 모든 책임 인수,실패,2026년 8월 5일,준비,손실 뒤 중단을 논의하는 수뇌부 → 단독 결정으로 임무를 지속하는 군대 → 책임 선언 아래 더 큰 손실 위험을 감수하는 편제,"권한·위계, 보호·희생, 전투·대결, 평가·판정",Yes,"지휘관 A, 수뇌부 B, 현장 전문가 C","556~557화 271,700~272,025행",기존 사망에도 임무를 속행하고 지휘관이 모든 결과 책임을 인수하는 장면 (%EA%B8%B0%EC%A1%B4%20%EC%82%AC%EB%A7%9D%EC%97%90%EB%8F%84%20%EC%9E%84%EB%AC%B4%EB%A5%BC%20%EC%86%8D%ED%96%89%ED%95%98%EA%B3%A0%20%EC%A7%80%ED%9C%98%EA%B4%80%EC%9D%B4%20%EB%AA%A8%EB%93%A0%20%EA%B2%B0%EA%B3%BC%20%EC%B1%85%EC%9E%84%EC%9D%84%20%EC%9D%B8%EC%88%98%ED%95%98%EB%8A%94%20%EC%9E%A5%EB%A9%B4%203b3baa79eaae81a49618e3add52d2fc0.csv),이미 사망자가 있고 다음 전투 위험도 높지만 임무 지속 여부를 지휘관이 결정함,의견 수렴과 책임 분산을 거부하고 결과 책임을 지휘관 한 명에게 고정함,Yes,기존 손실 → 추가 위험 → 임무 우선 → 결정권 논쟁 → 책임 인수,다음 적이 최상위 위험일 수 있다는 경고와 전사 7명 보고에서 시작함,높음,,,실제 전투 뒤 대량 사망이 발생해 책임 선언이 보호 윤리가 아니라 손실 감수 권한이기도 했음을 드러냄
총 생존 수를 직군 분포와 손실 시점으로 다시 나눠 지원 붕괴가 전위 기능을 없앴다고 판정하는 장면,REF-46,"부지휘자 A는 절반 가까이 생존했다는 숫자에 안도하지 않고, 짧은 폭동 시간에 손실이 급증했고 근접 전사가 둘만 남았다는 보고에서 조직 붕괴를 본다.",장기 전투 손실 11명 → 지원 붕괴 뒤 5분 손실 비교 → 총 사망 27명 → 생존 23명 → 직군별 보고 → 근접 전사 둘 → 지원 단절 원인 → 전문 방어자 없음,대표,2026년 8월 5일,준비,대규모 피해를 입은 조직 → 절반 생존 집단 → 전위·방어 기능이 사라진 탈출 불능 조직,"위기·생존, 전투·대결, 조직·제도, 평가·판정",Yes,"부지휘자 A, 생존자 집단 B, 보호 대상 집단 C","67~68화 32,370~32,735행","장기 전투보다 지원 붕괴 뒤 짧은 시간 손실이 더 컸다고 비교하는 장면 (%EC%9E%A5%EA%B8%B0%20%EC%A0%84%ED%88%AC%EB%B3%B4%EB%8B%A4%20%EC%A7%80%EC%9B%90%20%EB%B6%95%EA%B4%B4%20%EB%92%A4%20%EC%A7%A7%EC%9D%80%20%EC%8B%9C%EA%B0%84%20%EC%86%90%EC%8B%A4%EC%9D%B4%20%EB%8D%94%20%EC%BB%B8%EB%8B%A4%EA%B3%A0%20%EB%B9%84%EA%B5%90%ED%95%98%EB%8A%94%20%EC%9E%A5%EB%A9%B4%203b3baa79eaae81c69d5fd42b1c3ef0ec.csv), 총 사망과 생존 수 뒤에 직군 분포를 보고해 근접 전사 둘만 남았음을 확인하는 장면 (%EC%B4%9D%20%EC%82%AC%EB%A7%9D%EA%B3%BC%20%EC%83%9D%EC%A1%B4%20%EC%88%98%20%EB%92%A4%EC%97%90%20%EC%A7%81%EA%B5%B0%20%EB%B6%84%ED%8F%AC%EB%A5%BC%20%EB%B3%B4%EA%B3%A0%ED%95%B4%20%EA%B7%BC%EC%A0%91%20%EC%A0%84%EC%82%AC%20%EB%91%98%EB%A7%8C%20%EB%82%A8%EC%95%98%EC%9D%8C%EC%9D%84%20%ED%99%95%EC%9D%B8%ED%95%98%EB%8A%94%20%EC%9E%A5%EB%A9%B4%203b3baa79eaae811ebf3ad021967b3906.csv), 생존자 총수보다 전문 방어 역할의 부재를 핵심 공백으로 판정하는 장면 (%EC%83%9D%EC%A1%B4%EC%9E%90%20%EC%B4%9D%EC%88%98%EB%B3%B4%EB%8B%A4%20%EC%A0%84%EB%AC%B8%20%EB%B0%A9%EC%96%B4%20%EC%97%AD%ED%95%A0%EC%9D%98%20%EB%B6%80%EC%9E%AC%EB%A5%BC%20%ED%95%B5%EC%8B%AC%20%EA%B3%B5%EB%B0%B1%EC%9C%BC%EB%A1%9C%20%ED%8C%90%EC%A0%95%ED%95%98%EB%8A%94%20%EC%9E%A5%EB%A9%B4%203b3baa79eaae8149ab7dfe9f52dd21c8.csv)",생존 인원은 남았지만 폭동으로 특정 직군이 집중 손실됨,총수보다 비어 버린 전문 방어 역할을 다음 결정의 기준으로 확정함,Yes,손실 속도 → 총계 → 생존 수 → 직군 분포 → 원인 → 역할 공백,장기 전투보다 짧은 지원 붕괴 뒤 손실이 더 컸다는 비교에서 시작함,높음,,,후반 대규모 전투에서는 중심 방어자 부재 3분과 전사 21명을 직접 비교해 같은 역할 공백을 수치로 재검증함
모든 실패의 최종 책임을 지휘관에게 두고 직업별 총책임자·하위 파트장으로 명령 귀속점을 나누는 장면,REF-46,새 지휘관 A는 권한을 얻은 기쁨보다 사망과 계획 실패를 변명할 수 없다는 부담을 먼저 인식한다. 모든 세부를 직접 통제할 수 없기에 기능별 책임자를 세운다.,최종 책임 인식 → 기존 네 개 혼합 조 검토 → 균등 배치 장점 → 기능별 책임 불명확 → 전면 재배치 비용 판단 → 직업군 분류 → 총책임자 임명 → 연구·조사·전투 하위 파트 → 재량권 부여,대표,2026년 8월 5일,준비,투표로 선출된 새 지휘관 → 모든 실패의 최종 책임자 → 기능별 책임과 재량권을 분산한 명령 체계의 설계자,"권한·위계, 조직·제도, 평가·판정",Yes,"새 지휘관 A, 직업별 총책임자 B, 하위 파트장 C","606화 293,230~293,330행",모든 실패 책임을 지휘관에게 귀속한 뒤 혼합 조를 직업별 책임 구조로 재편하는 장면 (%EB%AA%A8%EB%93%A0%20%EC%8B%A4%ED%8C%A8%20%EC%B1%85%EC%9E%84%EC%9D%84%20%EC%A7%80%ED%9C%98%EA%B4%80%EC%97%90%EA%B2%8C%20%EA%B7%80%EC%86%8D%ED%95%9C%20%EB%92%A4%20%ED%98%BC%ED%95%A9%20%EC%A1%B0%EB%A5%BC%20%EC%A7%81%EC%97%85%EB%B3%84%20%EC%B1%85%EC%9E%84%20%EA%B5%AC%EC%A1%B0%EB%A1%9C%20%EC%9E%AC%ED%8E%B8%ED%95%98%EB%8A%94%20%EC%9E%A5%EB%A9%B4%203b3baa79eaae815a9b49eccb8a543cd4.csv),기존 혼합 조는 전력 균형은 있으나 기능별 책임과 명령 귀속이 불명확함,최종 책임은 지휘관에게 남기고 실행 책임은 직업별·하위 파트별로 분산함,Yes,최종 책임 → 기존 구조 → 한계 → 재편 비용 → 직업 분류 → 총책임자 → 하위 파트 → 재량권,사람이 죽거나 계획이 실패하면 모두 지휘관 책임이라는 자기 판정에서 시작함,높음,,,새 책임 체계가 하급자의 실패를 위로 전가하거나 책임자에게 과도하게 집중시키는지는 미확인임
파손된 관측 장비의 실패를 충격·수압·내구도 요구 사양으로 바꾸는 장면,REF-46,조사대는 영상이 사라진 허탈함을 겪지만 실패 원인을 장비의 환경 한계로 분리해 귀환 후 제작 과제로 남긴다.,사람 대신 장비 실험 → 상공 발사 → 낙하 충격 파손 → 심해 투하 → 수압·내구도 파손 → 기록 소실 → 원인 분리 → 차세대 장비 요구 → 귀환 후 제작 과제,대표,2026년 8월 5일,준비,접근 불가능한 목표를 가진 조사대 → 관측 장비까지 잃은 실패한 실험자들 → 환경 요구 사양을 가진 개발 의뢰자,"교육·전승, 성장·실패, 정보·비밀",Yes,"조사 책임자 A, 실험자 집단 B, 제작 조직 C","609~610화 294,703~294,765행",상공·심해 기록 장치가 충격과 수압으로 파손돼 차세대 장비 요구 사양으로 바뀌는 장면 (%EC%83%81%EA%B3%B5%C2%B7%EC%8B%AC%ED%95%B4%20%EA%B8%B0%EB%A1%9D%20%EC%9E%A5%EC%B9%98%EA%B0%80%20%EC%B6%A9%EA%B2%A9%EA%B3%BC%20%EC%88%98%EC%95%95%EC%9C%BC%EB%A1%9C%20%ED%8C%8C%EC%86%90%EB%8F%BC%20%EC%B0%A8%EC%84%B8%EB%8C%80%20%EC%9E%A5%EB%B9%84%20%EC%9A%94%EA%B5%AC%20%EC%82%AC%EC%96%91%EC%9C%BC%EB%A1%9C%20%EB%B0%94%EB%80%8C%EB%8A%94%20%EC%9E%A5%EB%A9%B4%203b3baa79eaae81f8be5fd7b621748b8b.csv),사람이 접근할 수 없는 환경을 기록 장치로 관측하지만 장치가 환경을 견디지 못함,영상 획득 실패를 다음 도구의 환경 내구 요구로 남김,Yes,대체 장비 → 파손 환경 → 기록 소실 → 원인 분리 → 요구 사양,자율 실험 권한을 얻은 조사대가 상공과 심해에 기록 장치를 보내는 장면에서 시작함,높음,,,새 장치가 실제 제작되는지와 실패 실험의 장비 한도를 정하는 공식 규칙은 미확인임
최초 생존자 한 명부터 구조해 각성 조건을 얻고 최소 병력·분업 능력을 단계적으로 늘리는 장면,REF-46,구조자 A는 전원을 당장 찾을 수 없는 불안을 견디고 눈앞의 한 명을 살린다. 구조 인원이 늘 때마다 현장 대기·정보 수집·수색 역할을 새로 연다.,자동 이송 관찰 → 첫 동료 회수 → 각성 방법 시험 → 사고 정보 확보 → 한 명씩 이송 확인 → 현장 대기 → 반복 구조 → 기억 편차 기록 → 열 명 이상 확보 → 현장 책임 인계 → 조사·수색 분업,대표,2026년 8월 5일,준비,혼자 남은 구조자 → 최초 생존자와 사고 구조를 아는 두 명 → 최소 병력과 분업 능력을 가진 구조대,"보호·희생, 위기·생존, 정보·비밀, 조직·제도",Yes,"구조자 A, 첫 생존자 B, 구조된 동료들 C","616~617화 297,400~297,931행","정신 지배 상태의 동료 한 명을 구출해 사고 구조와 각성 조건을 처음 확인하는 장면 (%EC%A0%95%EC%8B%A0%20%EC%A7%80%EB%B0%B0%20%EC%83%81%ED%83%9C%EC%9D%98%20%EB%8F%99%EB%A3%8C%20%ED%95%9C%20%EB%AA%85%EC%9D%84%20%EA%B5%AC%EC%B6%9C%ED%95%B4%20%EC%82%AC%EA%B3%A0%20%EA%B5%AC%EC%A1%B0%EC%99%80%20%EA%B0%81%EC%84%B1%20%EC%A1%B0%EA%B1%B4%EC%9D%84%20%EC%B2%98%EC%9D%8C%20%ED%99%95%EC%9D%B8%ED%95%98%EB%8A%94%20%EC%9E%A5%EB%A9%B4%203b3baa79eaae8168aee6d9373e73615a.csv), 운반 장치 파괴가 자동 수리로 무력화되자 수리 시간 관측과 현장 대기 구조로 바꾸는 장면 (%EC%9A%B4%EB%B0%98%20%EC%9E%A5%EC%B9%98%20%ED%8C%8C%EA%B4%B4%EA%B0%80%20%EC%9E%90%EB%8F%99%20%EC%88%98%EB%A6%AC%EB%A1%9C%20%EB%AC%B4%EB%A0%A5%ED%99%94%EB%90%98%EC%9E%90%20%EC%88%98%EB%A6%AC%20%EC%8B%9C%EA%B0%84%20%EA%B4%80%EC%B8%A1%EA%B3%BC%20%ED%98%84%EC%9E%A5%20%EB%8C%80%EA%B8%B0%20%EA%B5%AC%EC%A1%B0%EB%A1%9C%20%EB%B0%94%EA%BE%B8%EB%8A%94%20%EC%9E%A5%EB%A9%B4%203b3baa79eaae81c7be0bdd6983c0e4f7.csv), 한 명씩 구조해 최소 병력을 확보한 뒤 현장 대기·주변 조사·본격 수색을 분업하는 장면 (%ED%95%9C%20%EB%AA%85%EC%94%A9%20%EA%B5%AC%EC%A1%B0%ED%95%B4%20%EC%B5%9C%EC%86%8C%20%EB%B3%91%EB%A0%A5%EC%9D%84%20%ED%99%95%EB%B3%B4%ED%95%9C%20%EB%92%A4%20%ED%98%84%EC%9E%A5%20%EB%8C%80%EA%B8%B0%C2%B7%EC%A3%BC%EB%B3%80%20%EC%A1%B0%EC%82%AC%C2%B7%EB%B3%B8%EA%B2%A9%20%EC%88%98%EC%83%89%EC%9D%84%20%EB%B6%84%EC%97%85%ED%95%98%EB%8A%94%20%EC%9E%A5%EB%A9%B4%203b3baa79eaae8144ae25ce01e854ce4c.csv)",남은 인원 위치를 모르며 위험 시스템이 한 명씩 동료를 이송함,구조 인원 증가에 따라 대기·조사·수색을 동시에 수행할 수 있게 됨,Yes,최초 구조 → 각성 조건 → 이송 규칙 → 반복 구조 → 표본 → 최소 병력 → 분업,정신 지배된 첫 동료가 위험 장치로 이동하는 장면에서 시작함,높음,,,경로 역추적 실패 뒤 전체 지도를 만드는 단계로 구조 능력이 다시 확장됨
안전 약속을 어긴 추가 탐사가 지휘·구조 능력을 상실시키는 과잉 탐사 반례 장면,REF-46,탐사자 A는 새 공간과 장치를 확인하고 싶은 욕망 때문에 대기 약속을 미룬다. 짧은 확인이라 합리화한 선택이 장기간 의식 상실로 돌아온다.,대기 약속 → 숨은 공간 발견 → 더 살펴볼 유혹 → 약속 연기 → 미확인 장치 접촉 → 의식 상실 → 장기간 경과 → 홀로 각성 → 동료·지휘 상태 불명,실패,2026년 8월 5일,준비,지휘와 구조를 맡은 탐사자 → 추가 발견에 집착한 개인 탐사자 → 조직 기능을 잃게 만든 구조 대상,"권한·위계, 성장·실패, 위기·생존",Yes,"탐사자 A, 대기 동료 B, 미확인 장치","614화 296,555~296,880행",대기 약속을 무시한 탐사자가 위험 장치를 건드려 장기간 의식을 잃는 과잉 탐사 반례 (%EB%8C%80%EA%B8%B0%20%EC%95%BD%EC%86%8D%EC%9D%84%20%EB%AC%B4%EC%8B%9C%ED%95%9C%20%ED%83%90%EC%82%AC%EC%9E%90%EA%B0%80%20%EC%9C%84%ED%97%98%20%EC%9E%A5%EC%B9%98%EB%A5%BC%20%EA%B1%B4%EB%93%9C%EB%A0%A4%20%EC%9E%A5%EA%B8%B0%EA%B0%84%20%EC%9D%98%EC%8B%9D%EC%9D%84%20%EC%9E%83%EB%8A%94%20%EA%B3%BC%EC%9E%89%20%ED%83%90%EC%82%AC%20%EB%B0%98%EB%A1%80%203b3baa79eaae81e4987ce85350f84fe5.csv),새 공간은 발견했지만 위험 평가와 동료 대기 약속을 지키지 않음,탐사 진척처럼 보인 선택이 장기간의 지휘·구조 공백으로 바뀜,Yes,약속 → 발견 → 합리화 → 접촉 → 사고 → 시간 손실 → 기능 상실,동료에게 잠깐 확인하고 돌아오겠다고 약속한 장면에서 시작함,높음,,,이후 구조는 전원 직행이 아니라 최초 생존자·최소 병력·공용 지도 순으로 안전 능력을 복구함
분기 폭증 때문에 직접 경로 추적을 폐기하고 전체 지도를 만든 뒤 목표 부재로 지도 전제를 수정하는 장면,REF-46,탐사자 A는 목표를 빨리 찾고 싶지만 수백 갈래 경로를 좇는 비효율을 인정한다. 지도 완성 후에도 목표가 없자 실패를 절망이 아니라 기존 모델의 전제 오류로 읽는다.,경로 역추적 → 분기 폭증 → 방법 폐기 → 층별 전체 지도 → 완성도 100% → 목표 부재 → 지도 모델 검토 → 숨은 공간 가설 → 이음새·홈·독립 관찰 수색,대표,2026년 8월 5일,준비,목표 경로를 직접 쫓는 탐사자 → 전체 공간 모델을 가진 조사자 → 지도 밖 공간을 탐색하는 가설 수정자,"성장·실패, 정보·비밀, 평가·판정",Yes,"탐사자 A, 기억 보조자 B, 독립 관찰자 C","617화 297,940~298,221행","경로 역추적이 분기 폭증으로 비효율적임을 확인하고 전체 지도 제작으로 전환하는 장면 (%EA%B2%BD%EB%A1%9C%20%EC%97%AD%EC%B6%94%EC%A0%81%EC%9D%B4%20%EB%B6%84%EA%B8%B0%20%ED%8F%AD%EC%A6%9D%EC%9C%BC%EB%A1%9C%20%EB%B9%84%ED%9A%A8%EC%9C%A8%EC%A0%81%EC%9E%84%EC%9D%84%20%ED%99%95%EC%9D%B8%ED%95%98%EA%B3%A0%20%EC%A0%84%EC%B2%B4%20%EC%A7%80%EB%8F%84%20%EC%A0%9C%EC%9E%91%EC%9C%BC%EB%A1%9C%20%EC%A0%84%ED%99%98%ED%95%98%EB%8A%94%20%EC%9E%A5%EB%A9%B4%203b3baa79eaae810c922cf03368e9c279.csv), 지도 100% 완성에도 목표가 없자 지도 전제를 폐기하고 숨은 공간 가설로 전환하는 장면 (%EC%A7%80%EB%8F%84%20100%25%20%EC%99%84%EC%84%B1%EC%97%90%EB%8F%84%20%EB%AA%A9%ED%91%9C%EA%B0%80%20%EC%97%86%EC%9E%90%20%EC%A7%80%EB%8F%84%20%EC%A0%84%EC%A0%9C%EB%A5%BC%20%ED%8F%90%EA%B8%B0%ED%95%98%EA%B3%A0%20%EC%88%A8%EC%9D%80%20%EA%B3%B5%EA%B0%84%20%EA%B0%80%EC%84%A4%EB%A1%9C%20%EC%A0%84%ED%99%98%ED%95%98%EB%8A%94%20%EC%9E%A5%EB%A9%B4%203b3baa79eaae81eeab08e848d416fcd0.csv), 별도 관찰자의 출구·벽 홈·열리지 않는 문과 과거 카드를 결합하는 장면 (%EB%B3%84%EB%8F%84%20%EA%B4%80%EC%B0%B0%EC%9E%90%EC%9D%98%20%EC%B6%9C%EA%B5%AC%C2%B7%EB%B2%BD%20%ED%99%88%C2%B7%EC%97%B4%EB%A6%AC%EC%A7%80%20%EC%95%8A%EB%8A%94%20%EB%AC%B8%EA%B3%BC%20%EA%B3%BC%EA%B1%B0%20%EC%B9%B4%EB%93%9C%EB%A5%BC%20%EA%B2%B0%ED%95%A9%ED%95%98%EB%8A%94%20%EC%9E%A5%EB%A9%B4%203b3baa79eaae815796f3f3653570b312.csv)",직접 경로가 폭발적으로 분기하고 가시 공간을 모두 지도화해도 목표가 없음,목표 부재를 숨은 공간 전제와 독립 단서 결합으로 전환함,Yes,분기 → 폐기 → 전체 모델 → 100% 실패 → 전제 수정 → 별도 단서,수백 경로를 역주행하다 하나가 수십 갈래로 갈라지는 장면에서 시작함,중간,,,벽 이음새·홈·카드가 결합되며 시험 가능한 비밀 통로 가설로 이어짐
독립 단서를 결합해 관제권을 얻고 위험 제한 실험·전 경로 정지·직접 수색으로 구조 규모를 확장하는 장면,REF-46,두 탐사자는 숨은 관제실을 찾았어도 무작위 조작을 피한다. 동료와 먼 화면부터 시험하고 희생자를 미끼로 쓰는 빠른 해법을 거부한다.,이음새·홈·카드 결합 → 비밀 통로 → 관제실 → 화면으로 목표 구조 확인 → 먼 화면부터 시험 → 버튼 기능 매핑 → 미확인 기능 보류 → 희생 미끼안 거절 → 전 경로 정지 → 전원 직접 수색 → 숨은 대기실 구조 → 후유증 확인,대표,2026년 8월 5일,준비,지도 밖 목표를 추정하는 탐사자들 → 운영 구조를 보는 관제자들 → 전체 구조 작전을 통제하는 지휘자들,"권한·위계, 보호·희생, 위기·생존, 정보·비밀",Yes,"탐사자 A, 관찰자 B, 구조 집단 C","617~620화 298,225~299,145행","이음새·홈·카드를 결합해 관제실을 발견하고 문 없는 목표 공간 구조를 확인하는 장면 (%EC%9D%B4%EC%9D%8C%EC%83%88%C2%B7%ED%99%88%C2%B7%EC%B9%B4%EB%93%9C%EB%A5%BC%20%EA%B2%B0%ED%95%A9%ED%95%B4%20%EA%B4%80%EC%A0%9C%EC%8B%A4%EC%9D%84%20%EB%B0%9C%EA%B2%AC%ED%95%98%EA%B3%A0%20%EB%AC%B8%20%EC%97%86%EB%8A%94%20%EB%AA%A9%ED%91%9C%20%EA%B3%B5%EA%B0%84%20%EA%B5%AC%EC%A1%B0%EB%A5%BC%20%ED%99%95%EC%9D%B8%ED%95%98%EB%8A%94%20%EC%9E%A5%EB%A9%B4%203b3baa79eaae81f1bb65e10e04b36389.csv), 관제 장치를 먼 화면부터 시험해 기능을 매핑하고 전 경로 정지·직접 수색을 선택하는 장면 (%EA%B4%80%EC%A0%9C%20%EC%9E%A5%EC%B9%98%EB%A5%BC%20%EB%A8%BC%20%ED%99%94%EB%A9%B4%EB%B6%80%ED%84%B0%20%EC%8B%9C%ED%97%98%ED%95%B4%20%EA%B8%B0%EB%8A%A5%EC%9D%84%20%EB%A7%A4%ED%95%91%ED%95%98%EA%B3%A0%20%EC%A0%84%20%EA%B2%BD%EB%A1%9C%20%EC%A0%95%EC%A7%80%C2%B7%EC%A7%81%EC%A0%91%20%EC%88%98%EC%83%89%EC%9D%84%20%EC%84%A0%ED%83%9D%ED%95%98%EB%8A%94%20%EC%9E%A5%EB%A9%B4%203b3baa79eaae81a298d3e31bad68802b.csv), 공용 지도와 정지된 경로로 숨은 대기실을 찾아 구조하고 변환 후유증을 확인하는 장면 (%EA%B3%B5%EC%9A%A9%20%EC%A7%80%EB%8F%84%EC%99%80%20%EC%A0%95%EC%A7%80%EB%90%9C%20%EA%B2%BD%EB%A1%9C%EB%A1%9C%20%EC%88%A8%EC%9D%80%20%EB%8C%80%EA%B8%B0%EC%8B%A4%EC%9D%84%20%EC%B0%BE%EC%95%84%20%EA%B5%AC%EC%A1%B0%ED%95%98%EA%B3%A0%20%EB%B3%80%ED%99%98%20%ED%9B%84%EC%9C%A0%EC%A6%9D%EC%9D%84%20%ED%99%95%EC%9D%B8%ED%95%98%EB%8A%94%20%EC%9E%A5%EB%A9%B4%203b3baa79eaae8147bec4e8679fef6278.csv)",숨은 운영 공간과 미확인 제어 장치를 찾았지만 오조작 위험이 큼,관제권·공용 지도·직접 수색으로 동료를 구출하고 후유증을 새 조사 과제로 남김,Yes,단서 결합 → 운영 구조 → 안전 실험 → 기능 지도 → 윤리 선택 → 통제권 → 구조 → 후유증,완성 지도에 없던 벽 이음새와 카드 홈을 시험하는 장면에서 시작함,높음,,,기존 공용 지도 Macro와 결합해 개인 발견이 매일 갱신되는 조직 자산으로 확장됨
도달 한계를 확인한 탐사를 같은 방식으로 반복하지 않고 새 환경과 관측 항목으로 전환하는 장면,REF-46,지휘자 A는 실패를 만회하려는 조급함보다 현재 수단의 한계를 인정한다. 다른 환경을 시험하고 첫 목격에는 재시험·복수 관찰·영상 기록을 덧붙인다.,직접 도달 실패 → 산소 한계 기록 → 동일 잠수 중단 → 상공 탐사 전환 → 높이·돌풍 기록 → 첫 목격 → 착각 가능성 → 휴식 뒤 재시험 → 두 번째 목격 → 흐릿한 기록 → 자율 조사권,대표,2026년 8월 5일,준비,목표 위치를 모르는 탐사대 → 두 환경의 도달 한계를 아는 조사대 → 새 관측과 실험 권한을 가진 탐사 조직,"권한·위계, 성장·실패, 시간·기다림, 정보·비밀",Yes,"지휘자 A, 조사 책임자 B, 조사대 C","608~609화 294,430~294,619행","심해 탐사에서 도달 한계만 확인하고 같은 방식의 재시도를 중단하는 장면 (%EC%8B%AC%ED%95%B4%20%ED%83%90%EC%82%AC%EC%97%90%EC%84%9C%20%EB%8F%84%EB%8B%AC%20%ED%95%9C%EA%B3%84%EB%A7%8C%20%ED%99%95%EC%9D%B8%ED%95%98%EA%B3%A0%20%EA%B0%99%EC%9D%80%20%EB%B0%A9%EC%8B%9D%EC%9D%98%20%EC%9E%AC%EC%8B%9C%EB%8F%84%EB%A5%BC%20%EC%A4%91%EB%8B%A8%ED%95%98%EB%8A%94%20%EC%9E%A5%EB%A9%B4%203b3baa79eaae81e0b645cb6d000c5644.csv), 상공 실패 뒤 높이·환경·복수 목격·흐릿한 기록을 추가하고 자율 조사권을 주는 장면 (%EC%83%81%EA%B3%B5%20%EC%8B%A4%ED%8C%A8%20%EB%92%A4%20%EB%86%92%EC%9D%B4%C2%B7%ED%99%98%EA%B2%BD%C2%B7%EB%B3%B5%EC%88%98%20%EB%AA%A9%EA%B2%A9%C2%B7%ED%9D%90%EB%A6%BF%ED%95%9C%20%EA%B8%B0%EB%A1%9D%EC%9D%84%20%EC%B6%94%EA%B0%80%ED%95%98%EA%B3%A0%20%EC%9E%90%EC%9C%A8%20%EC%A1%B0%EC%82%AC%EA%B6%8C%EC%9D%84%20%EC%A3%BC%EB%8A%94%20%EC%9E%A5%EB%A9%B4%203b3baa79eaae81c8b35ff8a4214277e0.csv)",현재 수단으로 심해·상공 목표에 직접 도달하지 못하지만 도달 한계와 목격은 기록 가능함,같은 실패 반복을 멈추고 복수 관측·기록·현장 자율 실험으로 탐색 방식을 바꿈,Yes,한계 → 방법 중단 → 새 환경 → 관측 항목 → 복수 증거 → 권한 확대,닻과 특수 잠수대가 모두 바닥에 닿지 못하는 장면에서 시작함,높음,,,관측 장비 파손은 다음 세대 장치가 견뎌야 할 환경 조건으로 전환됨
부분 보상을 성공으로 포장하지 않고 실패를 선언해 놓친 징후와 자원 배분을 다음 조건으로 남기는 장면,REF-46,공략자 A는 보상을 얻었다는 안도보다 동료 역할 붕괴와 정석 공략 실패를 먼저 인정한다. 자기 판단에서 놓친 징후와 자원 배분을 구체적으로 복기한다.,부분 보상 확인 → 성공 여부 자문 → 동료 이상 반응 회수 → 정신 오염 징후 복기 → 회복 자원 배분 가설 → 남은 전력 확인 → 철수 선택 → 공략 실패 선언,대표,2026년 8월 5일,준비,애매한 보상을 얻은 공략자 → 실패 원인을 자기 판단에서 찾는 복기자 → 다음 진입의 확인 조건을 가진 재도전자,"성장·실패, 위기·생존, 정보·비밀, 평가·판정",Yes,"공략자 A, 오염된 동료 B, 지원자들","604화 292,327~292,505행",보상 획득과 별개로 공략 실패를 선언하고 놓친 징후·자원 배분을 복기하는 장면 (%EB%B3%B4%EC%83%81%20%ED%9A%8D%EB%93%9D%EA%B3%BC%20%EB%B3%84%EA%B0%9C%EB%A1%9C%20%EA%B3%B5%EB%9E%B5%20%EC%8B%A4%ED%8C%A8%EB%A5%BC%20%EC%84%A0%EC%96%B8%ED%95%98%EA%B3%A0%20%EB%86%93%EC%B9%9C%20%EC%A7%95%ED%9B%84%C2%B7%EC%9E%90%EC%9B%90%20%EB%B0%B0%EB%B6%84%EC%9D%84%20%EB%B3%B5%EA%B8%B0%ED%95%98%EB%8A%94%20%EC%9E%A5%EB%A9%B4%203b3baa79eaae81ac9a81f5c287c334f6.csv),부분 보상은 얻었지만 정석 목표와 동료 보존에 실패함,부분 성공과 별개로 공략 실패를 명시하고 다음 진입의 관찰 조건을 남김,Yes,보상 → 이상 징후 → 놓친 판단 → 자원 가설 → 실패 선언,특수 보상을 얻은 결과를 성공이라 불러도 되는지 자문하는 장면에서 시작함,높음,,,다음 탐사들에서도 실패를 같은 행동 반복이 아니라 도달 한계·환경·도구 요구로 기록함
생존 위기의 불균등 임시 계약을 종료 뒤 실제 정산하고 장기 동행에는 별도 균등 계약을 제안하는 장면,REF-46,보호자 A는 위험과 정보 우위를 이용해 높은 몫을 요구하지만 계약 종료 뒤에는 약속된 비율을 정확히 집행한다. 장기 동행 의사가 생겼을 때는 같은 비율을 연장하지 않는다.,추격 위험 → 능력·위험 평가 → 종료 시점이 있는 불균등 비율 → 즉시 수락·맹세 → 생존 → 공동 자산 절반값 제안 → 기존 비율 근거 부족분 요구 → 실제 지급 → 후속 도움 약속 → 장기 동행은 별도 균등 제안 → 당사자 선제 정산,대표,2026년 8월 5일,준비,보호가 필요한 신입과 계산적 보호자 → 약속 비율을 집행한 임시 동료 → 장기 동행 여부와 새 비율을 다시 선택하는 독립 당사자,"관계 형성, 위기·생존, 평가·판정, 협상·거래",Yes,"보호자 A, 추격당한 신입 B, 가족 C","10화·17화 4,143~4,197행 / 7,661~7,845행","생존 위기와 정보 격차 속에서 종료 시점이 있는 9:1 임시 동료 계약을 맺는 장면 (%EC%83%9D%EC%A1%B4%20%EC%9C%84%EA%B8%B0%EC%99%80%20%EC%A0%95%EB%B3%B4%20%EA%B2%A9%EC%B0%A8%20%EC%86%8D%EC%97%90%EC%84%9C%20%EC%A2%85%EB%A3%8C%20%EC%8B%9C%EC%A0%90%EC%9D%B4%20%EC%9E%88%EB%8A%94%209%201%20%EC%9E%84%EC%8B%9C%20%EB%8F%99%EB%A3%8C%20%EA%B3%84%EC%95%BD%EC%9D%84%20%EB%A7%BA%EB%8A%94%20%EC%9E%A5%EB%A9%B4%203b3baa79eaae815f92fce73c5294ed62.csv), 임시 계약 종료 뒤 후속 도움 약속과 장기 균등 계약을 분리해 제안하는 장면 (%EC%9E%84%EC%8B%9C%20%EA%B3%84%EC%95%BD%20%EC%A2%85%EB%A3%8C%20%EB%92%A4%20%ED%9B%84%EC%86%8D%20%EB%8F%84%EC%9B%80%20%EC%95%BD%EC%86%8D%EA%B3%BC%20%EC%9E%A5%EA%B8%B0%20%EA%B7%A0%EB%93%B1%20%EA%B3%84%EC%95%BD%EC%9D%84%20%EB%B6%84%EB%A6%AC%ED%95%B4%20%EC%A0%9C%EC%95%88%ED%95%98%EB%8A%94%20%EC%9E%A5%EB%A9%B4%203b3baa79eaae81eb9174f6a2c4490dd7.csv), 공동 자산의 절반값 제안을 거부하고 약속된 불균등 비율로 부족분을 실제 정산하는 장면 (%EA%B3%B5%EB%8F%99%20%EC%9E%90%EC%82%B0%EC%9D%98%20%EC%A0%88%EB%B0%98%EA%B0%92%20%EC%A0%9C%EC%95%88%EC%9D%84%20%EA%B1%B0%EB%B6%80%ED%95%98%EA%B3%A0%20%EC%95%BD%EC%86%8D%EB%90%9C%20%EB%B6%88%EA%B7%A0%EB%93%B1%20%EB%B9%84%EC%9C%A8%EB%A1%9C%20%EB%B6%80%EC%A1%B1%EB%B6%84%EC%9D%84%20%EC%8B%A4%EC%A0%9C%20%EC%A0%95%EC%82%B0%ED%95%98%EB%8A%94%20%EC%9E%A5%EB%A9%B4%203b3baa79eaae8144b3acd88c1e5b9286.csv), 당사자가 남은 자산까지 약속 비율로 선제 정산하고 구조 은혜를 별도 안건으로 남기는 장면 (%EB%8B%B9%EC%82%AC%EC%9E%90%EA%B0%80%20%EB%82%A8%EC%9D%80%20%EC%9E%90%EC%82%B0%EA%B9%8C%EC%A7%80%20%EC%95%BD%EC%86%8D%20%EB%B9%84%EC%9C%A8%EB%A1%9C%20%EC%84%A0%EC%A0%9C%20%EC%A0%95%EC%82%B0%ED%95%98%EA%B3%A0%20%EA%B5%AC%EC%A1%B0%20%EC%9D%80%ED%98%9C%EB%A5%BC%20%EB%B3%84%EB%8F%84%20%EC%95%88%EA%B1%B4%EC%9C%BC%EB%A1%9C%20%EB%82%A8%EA%B8%B0%EB%8A%94%20%EC%9E%A5%EB%A9%B4%203b3baa79eaae81638ed0d64442991763.csv)",한쪽이 생존·정보·전투 우위를 가지고 다른 쪽은 추격과 부상으로 선택지가 좁음,임시 계약의 경제 정산을 끝낸 뒤 장기 관계와 도덕적 보답을 별도 선택으로 남김,Yes,위험 → 능력 → 기간·비율 → 맹세 → 실제 정산 → 후속 도움 → 장기 새 계약,도움 리스크와 신입의 전투 능력을 계산하는 장면에서 시작함,높음,,,정식 공동체에서는 최초 비율에 성장 후 재협상 조건을 넣어 위기 계약과 다른 관계 구조를 만든다.
현재 전력·생활 책임·특수 노동을 가격화하고 성장 뒤 재협상 조건과 자산 유형별 가산을 함께 두는 장면,REF-46,구성원들은 친한 사이여도 돈 문제가 나오자 자기 권리를 직접 말한다. 리더 A는 전문직의 희소 노동을 인정하면서도 현재 팀 수준과 미래 성장 가능성을 함께 계산한다.,분배 본론 → 현재 전력 비교 → 생활 책임 발화 → 전문직 특수 노동 제시 → 높은 비율 요구 → 팀 수준 반박 → 성장 시점 확인 → 성장 뒤 재협상 합의 → 일반 몫 확정 → 특수 획득 가산 → 다른 자산 유형 별도 균등 → 팀 창설,대표,2026년 8월 5일,준비,친분만 있는 예비 팀 → 자기 노동과 책임을 가격화하는 협상자들 → 역할 변화 때 비율을 다시 여는 정식 공동체,"관계 형성, 성장·실패, 평가·판정, 협상·거래",Yes,"리더 A, 전문직 B, 길잡이 C, 성장 중 구성원 D와 E","159화 76,675~76,805행","정식 공동체 분배 협상에서 생활 책임·현재 전력·특수 노동을 직접 가격화하는 장면 (%EC%A0%95%EC%8B%9D%20%EA%B3%B5%EB%8F%99%EC%B2%B4%20%EB%B6%84%EB%B0%B0%20%ED%98%91%EC%83%81%EC%97%90%EC%84%9C%20%EC%83%9D%ED%99%9C%20%EC%B1%85%EC%9E%84%C2%B7%ED%98%84%EC%9E%AC%20%EC%A0%84%EB%A0%A5%C2%B7%ED%8A%B9%EC%88%98%20%EB%85%B8%EB%8F%99%EC%9D%84%20%EC%A7%81%EC%A0%91%20%EA%B0%80%EA%B2%A9%ED%99%94%ED%95%98%EB%8A%94%20%EC%9E%A5%EB%A9%B4%203b3baa79eaae81248410dd2dad24ed71.csv), 높은 몫 요구를 현재 팀 수준과 비교하고 성장 뒤 재협상 조건으로 바꾸는 장면 (%EB%86%92%EC%9D%80%20%EB%AA%AB%20%EC%9A%94%EA%B5%AC%EB%A5%BC%20%ED%98%84%EC%9E%AC%20%ED%8C%80%20%EC%88%98%EC%A4%80%EA%B3%BC%20%EB%B9%84%EA%B5%90%ED%95%98%EA%B3%A0%20%EC%84%B1%EC%9E%A5%20%EB%92%A4%20%EC%9E%AC%ED%98%91%EC%83%81%20%EC%A1%B0%EA%B1%B4%EC%9C%BC%EB%A1%9C%20%EB%B0%94%EA%BE%B8%EB%8A%94%20%EC%9E%A5%EB%A9%B4%203b3baa79eaae8192bf90d241a526a364.csv), 일반 자산 비율과 특정 직업의 특수 획득 가산을 분리해 공동체 계약을 확정하는 장면 (%EC%9D%BC%EB%B0%98%20%EC%9E%90%EC%82%B0%20%EB%B9%84%EC%9C%A8%EA%B3%BC%20%ED%8A%B9%EC%A0%95%20%EC%A7%81%EC%97%85%EC%9D%98%20%ED%8A%B9%EC%88%98%20%ED%9A%8D%EB%93%9D%20%EA%B0%80%EC%82%B0%EC%9D%84%20%EB%B6%84%EB%A6%AC%ED%95%B4%20%EA%B3%B5%EB%8F%99%EC%B2%B4%20%EA%B3%84%EC%95%BD%EC%9D%84%20%ED%99%95%EC%A0%95%ED%95%98%EB%8A%94%20%EC%9E%A5%EB%A9%B4%203b3baa79eaae8172bff3ceb2dfb4a08f.csv)",구성원의 현재 기여·생활 책임·희소 노동이 다르고 성장 가능성도 불균등함,일반 자산·특수 노동 자산·다른 획득 자산의 비율과 재협상 조건을 구분해 공동체를 출범시킴,Yes,권리 주장 → 역할 근거 → 요구 비율 → 현재 비교 → 미래 성장 → 재협상 → 자산 유형별 계약,화기애애한 식사 뒤 전리품 분배가 본론으로 올라오는 장면에서 시작함,중간,,,실제 성장한 구성원의 몫이 인상되면서 재협상 조건이 장식이 아니라 계약 강제력으로 증명된다.
고정 등급과 내부 경쟁이 몫을 정하고 한 사람 몫을 하는 노동자에게도 정산권을 주지 않는 반례 장면,REF-46,노동자 A는 이미 한 사람 몫을 하지만 자기 수익을 가질 수 없다는 현실을 받아들인다. 유일한 협상 자산인 노동 가치를 가족 보호에 사용한다.,조직 선택 이유 → 등급별 고정 몫 공개 → 실력 미확인 → 내부 쟁탈로 승급 → 팀장 권한 → 무배당 노동자 소개 → 실제 한 사람 몫 성장 → 정산권 부재 → 자기 몫 포기 → 가족 보호 부탁,실패,2026년 8월 5일,준비,실력제 조직의 구성원 → 성장했지만 노동 신분에 묶인 무배당 인력 → 자기 몫을 가족 보호 담보로 소모하는 노동자,"권한·위계, 성장·실패, 조직·제도, 협상·거래",Yes,"조직장 A, 신규 팀장 B, 무배당 노동자 C, 가족 D","312~313화 154,481~154,525행 / 155,015~155,099행","다른 조직이 고정 등급과 내부 쟁탈로 원정 몫을 결정하는 대비 장면 (%EB%8B%A4%EB%A5%B8%20%EC%A1%B0%EC%A7%81%EC%9D%B4%20%EA%B3%A0%EC%A0%95%20%EB%93%B1%EA%B8%89%EA%B3%BC%20%EB%82%B4%EB%B6%80%20%EC%9F%81%ED%83%88%EB%A1%9C%20%EC%9B%90%EC%A0%95%20%EB%AA%AB%EC%9D%84%20%EA%B2%B0%EC%A0%95%ED%95%98%EB%8A%94%20%EB%8C%80%EB%B9%84%20%EC%9E%A5%EB%A9%B4%203b3baa79eaae81698e58f4b7ae3c8078.csv), 한 사람 몫을 하는 노동자가 정산권 없이 일하고 가족 보호를 대가로 삼는 무배당 반례 (%ED%95%9C%20%EC%82%AC%EB%9E%8C%20%EB%AA%AB%EC%9D%84%20%ED%95%98%EB%8A%94%20%EB%85%B8%EB%8F%99%EC%9E%90%EA%B0%80%20%EC%A0%95%EC%82%B0%EA%B6%8C%20%EC%97%86%EC%9D%B4%20%EC%9D%BC%ED%95%98%EA%B3%A0%20%EA%B0%80%EC%A1%B1%20%EB%B3%B4%ED%98%B8%EB%A5%BC%20%EB%8C%80%EA%B0%80%EB%A1%9C%20%EC%82%BC%EB%8A%94%20%EB%AC%B4%EB%B0%B0%EB%8B%B9%20%EB%B0%98%EB%A1%80%203b3baa79eaae817baa83e93add59e001.csv)",분배권이 실제 기여보다 조직 등급·노동 신분에 고정됨,성장해도 비율을 다시 열 수 없는 구성원이 노동 대가를 가족 보호로 우회함,Yes,고정 등급 → 경쟁 승급 → 노동 신분 → 실제 성장 → 권리 부재 → 비공식 교환,조직장이 세 등급별 원정 몫과 내부 쟁탈 규칙을 설명하는 장면에서 시작함,높음,,,역할 변화가 실제 비율 인상으로 이어지는 재협상형 공동체와 대비됨
균등한 일반 몫을 받아도 고가 성장 자산의 내부 매입 비용으로 개인 채무가 늘어나는 장면,REF-46,구성원 A는 성장 자산을 얻은 기쁨과 현금 정산 부담을 동시에 가진다. 동료들은 강해진 보상과 공동 자산 비용을 별도 장부로 처리한다.,일반 수익 계산 → 특수 수익 가산 → 개인 몫 지급 → 성장 자산 가격 확인 → 자기 몫에서 내부 매입 비용 공제 → 추가 채무 → 성장 이익 위로 → 현금 부담 잔존,대비,2026년 8월 5일,준비,일반 몫을 받는 동료 → 고가 성장 자산을 선택한 수혜자 → 전투력은 상승했지만 파티에 채무를 진 구성원,"보상·처벌, 성장·실패, 협상·거래",Yes,"성장 자산 흡수자 A, 파티 구성원들 B","173화 83,337~83,383행",일반 몫을 받아도 고가 성장 자산 내부 매입 때문에 개인 채무가 늘어나는 장면 (%EC%9D%BC%EB%B0%98%20%EB%AA%AB%EC%9D%84%20%EB%B0%9B%EC%95%84%EB%8F%84%20%EA%B3%A0%EA%B0%80%20%EC%84%B1%EC%9E%A5%20%EC%9E%90%EC%82%B0%20%EB%82%B4%EB%B6%80%20%EB%A7%A4%EC%9E%85%20%EB%95%8C%EB%AC%B8%EC%97%90%20%EA%B0%9C%EC%9D%B8%20%EC%B1%84%EB%AC%B4%EA%B0%80%20%EB%8A%98%EC%96%B4%EB%82%98%EB%8A%94%20%EC%9E%A5%EB%A9%B4%203b3baa79eaae81779259f1ea0911dfb1.csv),공동 획득한 고가 자산을 한 구성원이 직접 사용해 다른 구성원 몫을 매입해야 함,분배율상 평등과 실제 순자산·채무를 분리해 남김,Yes,공동 수익 → 개인 몫 → 자산 가격 → 내부 매입 → 채무 → 성장 보상,일반 자산과 특수 자산의 정산액을 계산하는 장면에서 시작함,중간,,,성장한 다른 구성원의 분배율 인상과 결합해 성장 보상도 비용·권리 두 장부로 처리됨
생전 공동 자산은 기존 규칙대로 나누고 개인 유산은 다섯 동료에게 동일 비율로 남겨 공동체 해체를 막는 장면,REF-46,"생존 동료들은 더 가까운 사람이 대부분을 받을 것으로 예상하지만, 동일 비율을 확인하고 사망한 리더가 서로 서운해하지 않기를 바랐다고 해석한다.",미정산 공동 자산 확인 → 생전 규칙으로 동일 분배 → 개인 유산 별도 안건 → 차등 예상 → 다섯 명 동일 비율 확인 → 개별 물건 합의 필요 → 사후 서운함 방지 해석 → 고립된 동료 돌봄 결정,대표,2026년 8월 5일,준비,리더 사망 뒤 흩어진 동료들 → 공동 수익과 개인 유산을 분리하는 상속자들 → 동일 권리로 다시 서로를 돌보는 잔존 공동체,"관계 형성, 보상·처벌, 상실·애도, 협상·거래",Yes,"사망한 리더 A, 다섯 동료 B","312화 154,289~154,405행","사망 후 미정산 공동 자산은 생전 규칙대로 나누고 개인 유산은 별도 안건으로 여는 장면 (%EC%82%AC%EB%A7%9D%20%ED%9B%84%20%EB%AF%B8%EC%A0%95%EC%82%B0%20%EA%B3%B5%EB%8F%99%20%EC%9E%90%EC%82%B0%EC%9D%80%20%EC%83%9D%EC%A0%84%20%EA%B7%9C%EC%B9%99%EB%8C%80%EB%A1%9C%20%EB%82%98%EB%88%84%EA%B3%A0%20%EA%B0%9C%EC%9D%B8%20%EC%9C%A0%EC%82%B0%EC%9D%80%20%EB%B3%84%EB%8F%84%20%EC%95%88%EA%B1%B4%EC%9C%BC%EB%A1%9C%20%EC%97%AC%EB%8A%94%20%EC%9E%A5%EB%A9%B4%203b3baa79eaae8148acd1fe902ccd495c.csv), 유산을 다섯 동료에게 같은 비율로 지정해 친밀도 우대보다 공동체 잔존을 선택하는 장면 (%EC%9C%A0%EC%82%B0%EC%9D%84%20%EB%8B%A4%EC%84%AF%20%EB%8F%99%EB%A3%8C%EC%97%90%EA%B2%8C%20%EA%B0%99%EC%9D%80%20%EB%B9%84%EC%9C%A8%EB%A1%9C%20%EC%A7%80%EC%A0%95%ED%95%B4%20%EC%B9%9C%EB%B0%80%EB%8F%84%20%EC%9A%B0%EB%8C%80%EB%B3%B4%EB%8B%A4%20%EA%B3%B5%EB%8F%99%EC%B2%B4%20%EC%9E%94%EC%A1%B4%EC%9D%84%20%EC%84%A0%ED%83%9D%ED%95%98%EB%8A%94%20%EC%9E%A5%EB%A9%B4%203b3baa79eaae8184ae68f851df8e034e.csv)",생전 공동 수익과 개인 재산이 남았고 동료별 친밀도가 다름,사후 동일 비율이 특정 동료 우대보다 공동체의 관계 유지로 해석됨,Yes,공동 자산 → 생전 규칙 → 개인 유산 → 동일 비율 → 이유 해석 → 돌봄 행동,부재한 동료까지 포함한 마지막 탐사 정산을 논의하는 장면에서 시작함,중간,,,실제 소유권 이전 과정에서 동일 비율이 유지되는지는 미확인임
희귀 보상 소유권을 마지막 타격이 아니라 선행 작업·관례·공식 분쟁·평판 비용으로 확정하는 장면,REF-46,"두 집단은 희귀 보상 앞에서 즉시 무기를 들지만, 전문가들은 장기 평판과 공식 분쟁 비용을 계산해 외부 권리 경계를 먼저 정리한다.",희귀 보상 출현 → 양측 소유 주장 → 무기 준비 → 선행 작업 관례 → 마지막 타격 주장 → 무력 충돌 임박 → 전문가 개입 → 관례의 비강제성 → 공식 분쟁 가능성 → 평판 비용 → 상대 포기,대표,2026년 8월 5일,준비,같은 획득물에 권리를 주장하는 두 집단 → 무력 충돌 직전의 경쟁자들 → 외부 소유권 경계를 인정한 분리된 집단,"권한·위계, 보상·처벌, 조직·제도, 협상·거래",Yes,"집단 A와 B, 전문가 C와 D","167화 80,557~80,857행","희귀 보상 출현 뒤 마지막 타격과 선행 작업을 근거로 두 집단이 소유권을 다투는 장면 (%ED%9D%AC%EA%B7%80%20%EB%B3%B4%EC%83%81%20%EC%B6%9C%ED%98%84%20%EB%92%A4%20%EB%A7%88%EC%A7%80%EB%A7%89%20%ED%83%80%EA%B2%A9%EA%B3%BC%20%EC%84%A0%ED%96%89%20%EC%9E%91%EC%97%85%EC%9D%84%20%EA%B7%BC%EA%B1%B0%EB%A1%9C%20%EB%91%90%20%EC%A7%91%EB%8B%A8%EC%9D%B4%20%EC%86%8C%EC%9C%A0%EA%B6%8C%EC%9D%84%20%EB%8B%A4%ED%88%AC%EB%8A%94%20%EC%9E%A5%EB%A9%B4%203b3baa79eaae8154af19df126cab0720.csv), 관례·공식 분쟁 절차·평판 비용을 비교해 외부 소유권 충돌을 정리하는 장면 (%EA%B4%80%EB%A1%80%C2%B7%EA%B3%B5%EC%8B%9D%20%EB%B6%84%EC%9F%81%20%EC%A0%88%EC%B0%A8%C2%B7%ED%8F%89%ED%8C%90%20%EB%B9%84%EC%9A%A9%EC%9D%84%20%EB%B9%84%EA%B5%90%ED%95%B4%20%EC%99%B8%EB%B6%80%20%EC%86%8C%EC%9C%A0%EA%B6%8C%20%EC%B6%A9%EB%8F%8C%EC%9D%84%20%EC%A0%95%EB%A6%AC%ED%95%98%EB%8A%94%20%EC%9E%A5%EB%A9%B4%203b3baa79eaae816e9f16e0a674ef0a47.csv)",두 집단이 같은 획득 과정에 관여했고 관례가 법적 강제력을 완전히 갖지 않음,법적 승패보다 장기 평판·분쟁 비용을 이유로 한쪽이 권리를 포기함,Yes,희귀성 → 주장 근거 → 충돌 비용 → 관례 한계 → 공식 절차 → 평판 → 포기,희귀 보상이 등장하자 양 팀의 시선과 태도가 동시에 바뀌는 장면에서 시작함,높음,,,외부 소유권이 확정된 뒤 판매·개인 사용·공용 보유를 별도 내부 회의로 연다.
공동 획득물을 균등 현금·특수 노동 가산·공용 소모품·개인 매입·공용 장비로 나눠 한 장부에 기록하는 장면,REF-46,구성원들은 거액 수익에 기뻐하지만 곧 개인 장비 비용과 공동체 몫을 다시 지급한다. 복잡한 권리 구분이 서류의 별도 줄로 정리되며 갈등을 줄인다.,총수익 공개 → 영수증 첨부 → 일반 현금 균등 → 특수 노동 가산 → 공용 소모품 → 개인 장비 내부 가격 → 자기 몫 공제 → 공용 장비 사유 검토 → 희귀 자산 매입 → 채무 정산,대표,2026년 8월 5일,준비,다양한 전리품을 가진 파티 → 용도와 노동 가치가 섞인 복잡한 정산 → 권리 유형별 가격과 보유자가 명확한 공동체,"보상·처벌, 조직·제도, 평가·판정, 협상·거래",Yes,"정산자 A, 리더 B, 구성원들 C","202화 99,565~99,729행","정산 서류에서 균등 현금·특수 노동 가산·공용 소모품을 분리하는 장면 (%EC%A0%95%EC%82%B0%20%EC%84%9C%EB%A5%98%EC%97%90%EC%84%9C%20%EA%B7%A0%EB%93%B1%20%ED%98%84%EA%B8%88%C2%B7%ED%8A%B9%EC%88%98%20%EB%85%B8%EB%8F%99%20%EA%B0%80%EC%82%B0%C2%B7%EA%B3%B5%EC%9A%A9%20%EC%86%8C%EB%AA%A8%ED%92%88%EC%9D%84%20%EB%B6%84%EB%A6%AC%ED%95%98%EB%8A%94%20%EC%9E%A5%EB%A9%B4%203b3baa79eaae81eb8d6cc0b6323c45d5.csv), 개인이 사용할 장비를 내부 가격으로 공동체에서 매입하는 장면 (%EA%B0%9C%EC%9D%B8%EC%9D%B4%20%EC%82%AC%EC%9A%A9%ED%95%A0%20%EC%9E%A5%EB%B9%84%EB%A5%BC%20%EB%82%B4%EB%B6%80%20%EA%B0%80%EA%B2%A9%EC%9C%BC%EB%A1%9C%20%EA%B3%B5%EB%8F%99%EC%B2%B4%EC%97%90%EC%84%9C%20%EB%A7%A4%EC%9E%85%ED%95%98%EB%8A%94%20%EC%9E%A5%EB%A9%B4%203b3baa79eaae814fa51be16b6b736174.csv), 미래 공동 목표에 필요한 장비를 개인 물품에서 제외해 공용으로 지정하는 장면 (%EB%AF%B8%EB%9E%98%20%EA%B3%B5%EB%8F%99%20%EB%AA%A9%ED%91%9C%EC%97%90%20%ED%95%84%EC%9A%94%ED%95%9C%20%EC%9E%A5%EB%B9%84%EB%A5%BC%20%EA%B0%9C%EC%9D%B8%20%EB%AC%BC%ED%92%88%EC%97%90%EC%84%9C%20%EC%A0%9C%EC%99%B8%ED%95%B4%20%EA%B3%B5%EC%9A%A9%EC%9C%BC%EB%A1%9C%20%EC%A7%80%EC%A0%95%ED%95%98%EB%8A%94%20%EC%9E%A5%EB%A9%B4%203b3baa79eaae811ea116f977860f6f5b.csv), 리더도 고가 공동 자산을 개인화하며 비용을 지급하고 부족분을 동료에게 빌리는 장면 (%EB%A6%AC%EB%8D%94%EB%8F%84%20%EA%B3%A0%EA%B0%80%20%EA%B3%B5%EB%8F%99%20%EC%9E%90%EC%82%B0%EC%9D%84%20%EA%B0%9C%EC%9D%B8%ED%99%94%ED%95%98%EB%A9%B0%20%EB%B9%84%EC%9A%A9%EC%9D%84%20%EC%A7%80%EA%B8%89%ED%95%98%EA%B3%A0%20%EB%B6%80%EC%A1%B1%EB%B6%84%EC%9D%84%20%EB%8F%99%EB%A3%8C%EC%97%90%EA%B2%8C%20%EB%B9%8C%EB%A6%AC%EB%8A%94%20%EC%9E%A5%EB%A9%B4%203b3baa79eaae8171b331cf323eb3e02b.csv)",현금화 가능한 자산·특수 노동 결과·소모품·장비의 미래 가치가 다름,모든 획득물을 동일 비율로 쪼개지 않고 용도별 권리와 비용을 서류로 확정함,Yes,총수익 → 현금 → 노동 가산 → 공용 소모 → 개인 매입 → 공용 장비 → 채무,모든 구성원이 모여 영수증이 첨부된 최종 결산 서류를 펼치는 장면에서 시작함,중간,,,개인 파티 장부가 원정대 군자금과 처분권 위임 구조로 확대된다.
공동체 소유를 먼저 확정한 뒤 판매·개인 사용·공용 보유로 사용권을 다시 분리하는 장면,REF-46,구성원은 희귀 자산을 직접 쓰고 싶어 하지만 리더는 개인 욕망과 팀 전체 이익을 분리한다. 개인화에는 공동체 보상을 붙이고 미래 공동 목표가 있으면 공용으로 남긴다.,외부 소유권 확정 → 판매 제안 → 개인 사용 희망 → 내부 매입 관례 → 현금화 항목 → 개인 장비 매입 → 미래 공략 용도 제시 → 공용 지정 → 희귀 자산 개인화 비용 → 부족분 채무,대표,2026년 8월 5일,준비,희귀 자산을 공동 획득한 팀 → 판매와 개인 사용을 비교하는 공동체 → 현금·개인·공용 권리를 분리한 자산 보유 집단,"보상·처벌, 조직·제도, 협상·거래",Yes,"리더 A, 정산자 B, 구성원들 C","167화·202화 80,885~80,915행 / 99,613~99,729행","공동체 소유 확정 뒤 판매와 개인 사용을 논의하고 개인화에 공동체 보상을 붙이는 장면 (%EA%B3%B5%EB%8F%99%EC%B2%B4%20%EC%86%8C%EC%9C%A0%20%ED%99%95%EC%A0%95%20%EB%92%A4%20%ED%8C%90%EB%A7%A4%EC%99%80%20%EA%B0%9C%EC%9D%B8%20%EC%82%AC%EC%9A%A9%EC%9D%84%20%EB%85%BC%EC%9D%98%ED%95%98%EA%B3%A0%20%EA%B0%9C%EC%9D%B8%ED%99%94%EC%97%90%20%EA%B3%B5%EB%8F%99%EC%B2%B4%20%EB%B3%B4%EC%83%81%EC%9D%84%20%EB%B6%99%EC%9D%B4%EB%8A%94%20%EC%9E%A5%EB%A9%B4%203b3baa79eaae81af8696c9b7dcfc9dd0.csv), 개인이 사용할 장비를 내부 가격으로 공동체에서 매입하는 장면 (%EA%B0%9C%EC%9D%B8%EC%9D%B4%20%EC%82%AC%EC%9A%A9%ED%95%A0%20%EC%9E%A5%EB%B9%84%EB%A5%BC%20%EB%82%B4%EB%B6%80%20%EA%B0%80%EA%B2%A9%EC%9C%BC%EB%A1%9C%20%EA%B3%B5%EB%8F%99%EC%B2%B4%EC%97%90%EC%84%9C%20%EB%A7%A4%EC%9E%85%ED%95%98%EB%8A%94%20%EC%9E%A5%EB%A9%B4%203b3baa79eaae814fa51be16b6b736174.csv), 미래 공동 목표에 필요한 장비를 개인 물품에서 제외해 공용으로 지정하는 장면 (%EB%AF%B8%EB%9E%98%20%EA%B3%B5%EB%8F%99%20%EB%AA%A9%ED%91%9C%EC%97%90%20%ED%95%84%EC%9A%94%ED%95%9C%20%EC%9E%A5%EB%B9%84%EB%A5%BC%20%EA%B0%9C%EC%9D%B8%20%EB%AC%BC%ED%92%88%EC%97%90%EC%84%9C%20%EC%A0%9C%EC%99%B8%ED%95%B4%20%EA%B3%B5%EC%9A%A9%EC%9C%BC%EB%A1%9C%20%EC%A7%80%EC%A0%95%ED%95%98%EB%8A%94%20%EC%9E%A5%EB%A9%B4%203b3baa79eaae811ea116f977860f6f5b.csv), 리더도 고가 공동 자산을 개인화하며 비용을 지급하고 부족분을 동료에게 빌리는 장면 (%EB%A6%AC%EB%8D%94%EB%8F%84%20%EA%B3%A0%EA%B0%80%20%EA%B3%B5%EB%8F%99%20%EC%9E%90%EC%82%B0%EC%9D%84%20%EA%B0%9C%EC%9D%B8%ED%99%94%ED%95%98%EB%A9%B0%20%EB%B9%84%EC%9A%A9%EC%9D%84%20%EC%A7%80%EA%B8%89%ED%95%98%EA%B3%A0%20%EB%B6%80%EC%A1%B1%EB%B6%84%EC%9D%84%20%EB%8F%99%EB%A3%8C%EC%97%90%EA%B2%8C%20%EB%B9%8C%EB%A6%AC%EB%8A%94%20%EC%9E%A5%EB%A9%B4%203b3baa79eaae8171b331cf323eb3e02b.csv)",공동 획득물의 외부 소유권은 정해졌지만 실제 사용 목적이 여러 개임,"개인화에는 비용·채무를 남기고, 구체적 미래 공동 사용이 있으면 공용으로 보존함",Yes,공동 소유 → 판매 → 개인화 → 내부 가격 → 공용 사유 → 채무,외부 분쟁이 끝난 직후 팀 내부에서 자산을 팔지 쓸지 묻는 장면에서 시작함,중간,,,조직 규모에서는 처분 실무를 지휘자에게 위임하되 최종 사용 결정은 공동 판단으로 남긴다.
위험 자산을 재가공 소재로 바꾸고 리더 개인 욕망을 보류한 채 최종 사용은 공동 정당화에 맡기는 장면,REF-46,리더 A는 자신에게 적합한 제작물을 즉시 떠올리지만 공금은 집단을 위해 써야 한다고 판단해 공개 경쟁 조건을 건다.,원형 판매 위험 → 재가공 선택 → 소재량·손실 계산 → 개인 제작 욕망 → 최종 제작 보류 → 희망자 모집 → 모두가 납득할 이유 요구 → 집단 목적 판정,대표,2026년 8월 5일,준비,추적 위험이 있는 전리품 보유 조직 → 재가공 소재를 가진 공동체 → 처분 실무와 최종 사용 결정권을 분리한 조직,"권한·위계, 보상·처벌, 조직·제도, 협상·거래",Yes,"지휘자 A, 원정대 B, 사용 희망자들 C","447화 220,843~220,859행","노출 위험이 큰 장비를 재가공 소재로 바꾸고 최종 제작 대상은 공동 판단으로 남기는 장면 (%EB%85%B8%EC%B6%9C%20%EC%9C%84%ED%97%98%EC%9D%B4%20%ED%81%B0%20%EC%9E%A5%EB%B9%84%EB%A5%BC%20%EC%9E%AC%EA%B0%80%EA%B3%B5%20%EC%86%8C%EC%9E%AC%EB%A1%9C%20%EB%B0%94%EA%BE%B8%EA%B3%A0%20%EC%B5%9C%EC%A2%85%20%EC%A0%9C%EC%9E%91%20%EB%8C%80%EC%83%81%EC%9D%80%20%EA%B3%B5%EB%8F%99%20%ED%8C%90%EB%8B%A8%EC%9C%BC%EB%A1%9C%20%EB%82%A8%EA%B8%B0%EB%8A%94%20%EC%9E%A5%EB%A9%B4%203b3baa79eaae8129b2b6fb1568755341.csv), 리더가 원하는 제작물을 보류하고 공동체가 납득할 사용 이유를 요구하는 장면 (%EB%A6%AC%EB%8D%94%EA%B0%80%20%EC%9B%90%ED%95%98%EB%8A%94%20%EC%A0%9C%EC%9E%91%EB%AC%BC%EC%9D%84%20%EB%B3%B4%EB%A5%98%ED%95%98%EA%B3%A0%20%EA%B3%B5%EB%8F%99%EC%B2%B4%EA%B0%80%20%EB%82%A9%EB%93%9D%ED%95%A0%20%EC%82%AC%EC%9A%A9%20%EC%9D%B4%EC%9C%A0%EB%A5%BC%20%EC%9A%94%EA%B5%AC%ED%95%98%EB%8A%94%20%EC%9E%A5%EB%A9%B4%203b3baa79eaae8165990cf58dc263b18a.csv)",리더가 공용 자산의 처분권을 가지며 개인적으로도 사용 욕망이 있음,리더의 선점 대신 공동체가 납득할 미래 사용 이유를 제출하게 함,Yes,처분 위험 → 재가공 → 가치 보존 → 개인 욕망 → 보류 → 공동 이유,상위 장비를 그대로 팔면 추적당한다는 질문에서 시작함,높음,,,복수 희망자가 있을 때 가격·적합성·기여·위험 부담을 어떻게 비교하는지는 미확인임.
대량 전리품의 처분 실무를 지휘자에게 맡겨 군자금으로 만들되 감시·거부 절차 부재를 함께 남기는 장면,REF-46,지휘자 A는 전원 신뢰를 기뻐하지만 아무도 보고·감시 조건을 요구하지 않는 태도를 위험하게 본다.,원정 전리품 회수 → 전량 양도 → 즉시 판매 위험 → 장기 분산 처분 → 군자금 목적 → 사용 권한 위임 → 이의 없음 → 지휘자의 신뢰 확인 → 오용 가능성 자문,미해결,2026년 8월 5일,준비,개별 전리품을 가진 원정대 → 처분권을 한 사람에게 위임한 조직 → 군자금은 생겼지만 통제 절차가 비어 있는 공동체,"권한·위계, 조직·제도, 평가·판정, 협상·거래",Yes,"지휘자 A, 원정대 B","447화 220,825~220,841행","원정 전리품 처분 실무를 지휘자에게 맡겨 군자금으로 전환하는 장면 (%EC%9B%90%EC%A0%95%20%EC%A0%84%EB%A6%AC%ED%92%88%20%EC%B2%98%EB%B6%84%20%EC%8B%A4%EB%AC%B4%EB%A5%BC%20%EC%A7%80%ED%9C%98%EC%9E%90%EC%97%90%EA%B2%8C%20%EB%A7%A1%EA%B2%A8%20%EA%B5%B0%EC%9E%90%EA%B8%88%EC%9C%BC%EB%A1%9C%20%EC%A0%84%ED%99%98%ED%95%98%EB%8A%94%20%EC%9E%A5%EB%A9%B4%203b3baa79eaae816f856cca7254eceb25.csv), 처분권 집중에 이의가 없어 신뢰와 감시 부재 위험이 함께 드러나는 장면 (%EC%B2%98%EB%B6%84%EA%B6%8C%20%EC%A7%91%EC%A4%91%EC%97%90%20%EC%9D%B4%EC%9D%98%EA%B0%80%20%EC%97%86%EC%96%B4%20%EC%8B%A0%EB%A2%B0%EC%99%80%20%EA%B0%90%EC%8B%9C%20%EB%B6%80%EC%9E%AC%20%EC%9C%84%ED%97%98%EC%9D%B4%20%ED%95%A8%EA%BB%98%20%EB%93%9C%EB%9F%AC%EB%82%98%EB%8A%94%20%EC%9E%A5%EB%A9%B4%203b3baa79eaae816c907ac440d05ed290.csv)",대량 자산을 안전하게 처분할 전문 실무가 필요하지만 조직 통제 절차는 확인되지 않음,군자금 처분권은 집중되지만 정기 보고·감사·거부권은 미확인으로 남음,Yes,자산 규모 → 추적 위험 → 처분 계획 → 목적 → 권한 위임 → 통제 공백,원정 장비를 모두 한 사람에게 넘기고 향후 처리 방법을 묻는 장면에서 시작함,중간,,,희귀 소재의 최종 제작 대상만큼은 모두가 납득할 이유를 요구해 처분권과 사용 결정권을 분리한다.
검토 대기 · 20260805 배치 · Macro 인입 색인,REF-01 · REF-02 · REF-03,원문 재검토 필요,미확정,미해결,,검토 필요,미확정,,Yes,익명 역할명만 사용,packets source_material / 134개 공통 job_id,,03-A·03-C 원문 재독 가치와 기존 장면 차이 확인 후 개별 생성,미확정,Yes,미확정,미확정,높음,,,미확정