카드명,V3.1 근거 카드,갱신 상태,검증 메모,검증 판정,근거 단계,근거 범위,금지 조건,기능 대분류,누적 방식,다음 단계 카드,다음 단계로 연결됨,독자 효과,마지막 편집 시각,모방 위험 점검,반복 위험,범용성,변화 방향,비정사 참고,상위 원리·수정 연결,상태,세부 기능·태그,실행 완료 조건,심층 적용 메모,심층 증거 스레드,연구 계층,운용 모드,운용 위치,이 카드와 조합 추천,이 카드와 충돌,이전 단계 카드,이전 단계로 연결됨,익명 원천 코드,작동 시기,작동 원리,적용 조건,적합 장르,전개 구조,정본 근거,조건부 조회,조합 역할,조합 추천 메모,추천 조합 카드,축약 구현 예시,충돌 조건,충돌 카드,카드 ID,캐릭터 축,필요 선행 조건
F01 · 독자 판단 위임,,재검증 대기,"정규화 완료·현장 검증 대기. 실제 각색 장기 검증 전이며 자동 발동 금지. 장면 패킷과 원문 증거를 먼저 확정하고 0~3개만 검토한다. 주원리 최대 1개, NO_OP 허용.",정규화 완료·현장 검증 대기,,25작품: 핵심 10작품 대표 장면 67건 + 잔여 15작품 반례·변형 45건,"- 원문에 없는 기괴한 세부·효능·전문 반응을 새로 만들지 않는다.
- 원문이 감정을 직접 명명하는 장면이라면 전부 삭제하지 말고, 먼저 증거를 세운 뒤 명명을 남길지 판단한다.
- 판정 위임을 무표정한 건조체로 오해하지 않는다.
비발동: 구체 증거 없음 또는 직접 명시가 인물 선택",문장·호흡,,,,"“무섭다”, “대단하다”, “감동적이다” 같은 선제 판정 없이도 독자가 장면의 기괴함·우수성·위압·감정을 스스로 체험하게 한다.",2026년 8월 2일 오후 9:26,Yes,,,,Yes,"R-01, R-02, R-09",추출 후보,층=한국어 표현 / 발동 증상=감정·가치·위력을 선제 판정 / 필수 증거=구체 증거,,,,표현·장면 원리,조건부 생성 후보,,,,,,F01,,"감정·가치·위력을 먼저 판정하지 않고, 시점 인물에게 의미 있는 구체 증거를 배열해 독자가 결론을 내리게 한다.","- 장면 안에 독자가 판정할 수 있는 물리적·행동적·관계적 증거가 실제로 존재한다.
- 시점 인물이 그 증거를 알아볼 이유가 있다.
- 판정을 늦춰도 사건의 기본 이해가 흐려지지 않는다.",,독자가 정상 기준을 떠올릴 수 있는 평범한 정보 → 그 기준에서 벗어난 구체적 차이 → 시점 인물의 짧은 확인 또는 행동 → 타인·환경의 후속 변화 → 필요한 경우에만 늦은 의미 명명,참고작_25작품_최종표현원리_정규화본_http://v1.md / 참고작_잔여15_반례변형적용한계_심층감사_http://v1.md,No,,"권장 조합: F02, F15",,"- 대상을 보여 주기 전에 끔찍함·천재성·위엄을 형용사로 확정한다.
- 동일한 평가를 서술자와 조연 대사로 두 번 이상 반복한다.
- 감정명을 삭제한 자리를 아무 의미 없는 세부 묘사로 채운다.",발동 중단: 구체 증거 없음 또는 직접 명시가 인물 선택,,1,,"- 장면 안에 독자가 판정할 수 있는 물리적·행동적·관계적 증거가 실제로 존재한다.
- 시점 인물이 그 증거를 알아볼 이유가 있다.
- 판정을 늦춰도 사건의 기본 이해가 흐려지지 않는다."
F03 · 정보가 행동을 바꾸는 순간,,재검증 대기,"정규화 완료·현장 검증 대기. 자동 발동 금지. 장면 패킷과 원문 증거를 먼저 확정하고 0~3개만 검토하며 주원리 최대 1개, NO_OP를 허용한다.",정규화 완료·현장 검증 대기,,25작품: 핵심 10작품 대표 장면 67건 + 잔여 15작품 반례·변형 45건,"- 원문에서 실제로 행동을 바꾸지 않는 설정을 억지로 핵심 규칙으로 승격하지 않는다.
- 설명을 줄인다는 이유로 독자가 선택의 인과를 이해할 최소 정보까지 삭제하지 않는다.
- 현대 비유를 썼다면 반드시 원래 세계의 제약과 결정으로 돌아온다.
비발동: 정보가 현재 결정과 무관",설명·세계관,,,,"설명 장면을 교과서가 아니라 현재 사건으로 만들고, 독자가 정보를 외우기보다 왜 지금 필요한지 이해하게 한다.",2026년 8월 2일 오후 9:26,Yes,,,,Yes,R-03,추출 후보,층=장면 설계 / 발동 증상=설명 후 행동 불변 / 필수 증거=권리·작업·자원·선택 변화,,,,표현·장면 원리,조건부 생성 후보,,,,,,F03,,"전문·세계관 정보는 정의로 끝내지 않고, 누군가의 권리·작업·자원·선택 중 하나를 실제로 바꾸게 한다.","- 정보가 현재 문제와 직접 연결된다.
- 정보를 아는 사람과 모르는 사람의 가능한 행동이 달라진다.
- 설명 뒤 실제 적용·오해·위반 중 하나가 가까이 발생한다.",,현재 해결해야 할 문제 또는 임박한 선택 → 필요한 규칙의 최소 정의 → 그 규칙이 특정 인물에게 만드는 손실·기회 → 질문·반론·오해 → 즉시 바뀐 행동 또는 다음 시험,참고작_25작품_최종표현원리_정규화본_http://v1.md / 참고작_잔여15_반례변형적용한계_심층감사_http://v1.md / 참고작_최종표현원리_실전조회표_http://v1.md,No,,권장 조합: F10,,"- 용어의 역사와 등급을 모두 설명한 뒤 장면이 그대로 끝난다.
- 독자 대리용 무지한 인물이 매번 “그게 무엇입니까?”라고 묻는다.
- 전문 정보가 맞다는 사실을 모두가 즉시 받아들이고 반론이나 비용이 없다.",발동 중단: 정보가 현재 결정과 무관,,2,,"- 정보가 현재 문제와 직접 연결된다.
- 정보를 아는 사람과 모르는 사람의 가능한 행동이 달라진다.
- 설명 뒤 실제 적용·오해·위반 중 하나가 가까이 발생한다."
F02 · 관찰 대상 선택,,재검증 대기,"정규화 완료·현장 검증 대기. 실제 각색 장기 검증 전이며 자동 발동 금지. 장면 패킷과 원문 증거를 먼저 확정하고 0~3개만 검토한다. 주원리 최대 1개, NO_OP 허용.",정규화 완료·현장 검증 대기,,25작품: 핵심 10작품 대표 장면 67건 + 잔여 15작품 반례·변형 45건,"- 현재 원문 인물에게 없는 전문성을 부여하지 않는다.
- 작품 고유 관찰 대상을 다른 작품에 그대로 이식하지 않는다.
- 시점 인물의 오독 가능성을 지우지 않는다.
비발동: 해당 전문성·관심 없음",장면 연출,,,,"서술을 정보 전달자의 카메라가 아니라 그 인물만의 판단 과정으로 만들어, 설명하지 않아도 목소리와 삶이 드러나게 한다.",2026년 8월 2일 오후 9:26,Yes,,,,Yes,R-12,추출 후보,층=한국어 표현 / 발동 증상=시점별 묘사가 평준화 / 필수 증거=직업·욕망·두려움·관계적 관심,,,,표현·장면 원리,조건부 생성 후보,,,,,,F02,,같은 장면이라도 시점 인물의 직업·욕망·두려움·관계가 무엇을 먼저 보고 무엇을 지나치는지 결정하게 한다.,"- 시점 인물에게 누적된 직업 경험·생존 습관·관계적 관심이 있다.
- 관찰 순서가 이후 판단이나 행동에 영향을 준다.
- 작가가 독자에게 알리고 싶은 정보와 인물이 실제로 볼 정보가 구분되어 있다.",,시점 인물이 가장 위험하거나 원하는 것을 먼저 포착 → 그 관찰을 기존 경험과 짧게 비교 → 놓치거나 잘못 읽은 정보는 즉시 해설하지 않음 → 행동·대화로 관찰의 결과 제시 → 다른 시점 또는 후속 장면에서 사각을 드러냄,참고작_25작품_최종표현원리_정규화본_http://v1.md / 참고작_잔여15_반례변형적용한계_심층감사_http://v1.md,No,,"권장 조합: F01, F06",,"- 모든 인물이 방에 들어오자 얼굴·옷·키를 같은 순서로 훑는다.
- 전문가가 전문 장면에서도 일반 독자처럼 막연한 감상만 한다.
- 인물의 감정 상태와 무관하게 배경을 관광 안내문처럼 전부 묘사한다.",발동 중단: 해당 전문성·관심 없음,,3,,"- 시점 인물에게 누적된 직업 경험·생존 습관·관계적 관심이 있다.
- 관찰 순서가 이후 판단이나 행동에 영향을 준다.
- 작가가 독자에게 알리고 싶은 정보와 인물이 실제로 볼 정보가 구분되어 있다."
F04 · 독립 반응자,,재검증 대기,"정규화 완료·현장 검증 대기. 실제 각색 장기 검증 전이며 자동 발동 금지. 장면 패킷과 원문 증거를 먼저 확정하고 0~3개만 검토한다. 주원리 최대 1개, NO_OP 허용.",정규화 완료·현장 검증 대기,,25작품: 핵심 10작품 대표 장면 67건 + 잔여 15작품 반례·변형 45건,"- 원문에 없는 대규모 대중 반응이나 전문 직군을 추가하지 않는다.
- 조연의 반응을 주인공의 계획이었다고 과장하지 않는다.
- 비판적 반응을 넣기 위해 원문 성취를 부당하게 깎지 않는다.
비발동: 반응자 추가가 필요",캐릭터 구현,,,,성과와 위력을 여러 각도에서 입증하면서도 조연의 삶과 세계의 복잡성을 보존한다.,2026년 8월 2일 오후 9:26,Yes,,,,Yes,"R-02, R-04",추출 후보,층=장면 설계·감사 / 발동 증상=조연 감탄 합창 / 필수 증거=독립 이해관계와 후속 행동,,,,표현·장면 원리,조건부 생성 후보,,,,,,F04,,"주변 인물은 주인공의 대단함을 인증하는 합창단이 아니라, 자기 이해관계와 전문 기준으로 사건을 판정하고 후속 행동을 바꾸는 사람이어야 한다.","- 반응자마다 다른 정보·책임·손실이 있다.
- 반응이 실제 결정이나 관계 변화로 이어진다.
- 주인공과 다른 판정이 이후에도 의미를 갖는다.",,같은 사건 또는 결과 제시 → 반응자 A의 전문 판정 → 반응자 B의 이해관계 판정 → 서로 다른 후속 행동 → 그 행동들이 주인공 장면에 다시 영향을 미침,참고작_25작품_최종표현원리_정규화본_http://v1.md / 참고작_잔여15_반례변형적용한계_심층감사_http://v1.md,No,,권장 조합: F15,,"- 모든 사람이 동시에 입을 벌리고 같은 감탄사를 말한다.
- 전문가가 주인공의 천재성을 칭찬한 뒤 자기 일로 돌아가지 않는다.
- 외부 시점이 규모를 키우기 위한 뉴스 몽타주로만 사용된다.",발동 중단: 반응자 추가가 필요,,4,,"- 반응자마다 다른 정보·책임·손실이 있다.
- 반응이 실제 결정이나 관계 변화로 이어진다.
- 주인공과 다른 판정이 이후에도 의미를 갖는다."
정답 제공자에서 문제·기준·제도 설계자로 이동하기,,,제도화의 폭력 양면을 포함한 재작성 전까지 사용 중지한다. 공용 성장 카드로 자동 적용하지 않는다.,사용 중지,,"REF-08 456~460화, 910~914화 · 직접 제작자에서 문제·기준·제도 설계자로 이동하는 장기 변화",주변이 계속 주인공의 정답만 기다릴 것. 주인공이 갑자기 현장을 완전히 떠나 무관심해질 것.,캐릭터 구현,장기 회수형,,,"조연과 세계가 독립적으로 성장하고, 주인공의 영향력이 개인 능력에서 제도로 확장된다.",2026년 8월 2일 오후 9:26,Yes,낮음,높음,직접 제작자 → 문제·기준 제시자 → 제도와 후대가 스스로 발전하도록 책임 구조 설계,Yes,,휴면,"장기 성장, 멘토, 제도 설계, 권한 위임, 후대",,,,원천별 카드,자동 적용 금지,주도 문법,현실형 조력자가 집착의 안전·법·제도 경계를 제어하기 (%ED%98%84%EC%8B%A4%ED%98%95%20%EC%A1%B0%EB%A0%A5%EC%9E%90%EA%B0%80%20%EC%A7%91%EC%B0%A9%EC%9D%98%20%EC%95%88%EC%A0%84%C2%B7%EB%B2%95%C2%B7%EC%A0%9C%EB%8F%84%20%EA%B2%BD%EA%B3%84%EB%A5%BC%20%EC%A0%9C%EC%96%B4%ED%95%98%EA%B8%B0%20cb2baa79eaae825791a6815d82fc51c6.md),,현실형 조력자가 집착의 안전·법·제도 경계를 제어하기 (%ED%98%84%EC%8B%A4%ED%98%95%20%EC%A1%B0%EB%A0%A5%EC%9E%90%EA%B0%80%20%EC%A7%91%EC%B0%A9%EC%9D%98%20%EC%95%88%EC%A0%84%C2%B7%EB%B2%95%C2%B7%EC%A0%9C%EB%8F%84%20%EA%B2%BD%EA%B3%84%EB%A5%BC%20%EC%A0%9C%EC%96%B4%ED%95%98%EA%B8%B0%20cb2baa79eaae825791a6815d82fc51c6.md),현실형 조력자가 집착의 안전·법·제도 경계를 제어하기 (%ED%98%84%EC%8B%A4%ED%98%95%20%EC%A1%B0%EB%A0%A5%EC%9E%90%EA%B0%80%20%EC%A7%91%EC%B0%A9%EC%9D%98%20%EC%95%88%EC%A0%84%C2%B7%EB%B2%95%C2%B7%EC%A0%9C%EB%8F%84%20%EA%B2%BD%EA%B3%84%EB%A5%BC%20%EC%A0%9C%EC%96%B4%ED%95%98%EA%B8%B0%20cb2baa79eaae825791a6815d82fc51c6.md),SRC-F-C04,"성장 누적기, 클라이맥스, 회수·보상기","초기에는 직접 답과 시제품을 주지만, 현지 인물의 역량이 쌓이면 문제와 평가 기준만 제시하고 독립 변주와 제도화를 요구한다.","주인공이 가진 선행지식이 세계를 압도하지만, 주변 인물의 학습과 조직 성장이 충분히 축적된 장편.","기업·경제, 대체역사, 정치, 판타지",개별 성공보다 재현 가능성과 유지 주체를 본다 → 문제와 평가 기준을 제시한다 → 직접 해결 충동을 억누르고 권한을 넘긴다 → 예상 밖 변주를 평가한다 → 책임 구조와 제도로 고정한다,참고작_초기파일럿6_재점검_판정인덱스_v3.json / 참고작_캐릭터카드_원천매핑_v2.json,No,"골격, 종결, 캐릭터",현실형 조력자의 제동이 내재화된 후기 성장 카드. 직접 활약을 줄여도 판단 기준과 책임은 장면에 남긴다.,,"정답을 직접 알려 주는 대신 목표와 실패 기준만 제시하고, 현지 인물이 만든 해법을 제도에 반영한다.","현재 작품의 확정 캐릭터 문법, 관계 단계, 원문 선택과 충돌하면 조회만 하고 적용하지 않는다.",,5,"인지 필터: 개별 기술보다 누가 다시 만들고 유지할 수 있는지 본다.
해석 습관: 한 번의 성공을 인재·조직·규칙의 문제로 확장한다.
가치 우선순위: 자신의 손맛보다 세계가 지속적으로 발전하는 구조.
압박 속 선택: 직접 해결하고 싶은 충동을 억누르고 기준과 권한을 다른 사람에게 준다.
발화 방식: 정답 설명에서 문제 제기, 평가 기준, 책임 질문으로 이동한다.
감정 누출: 현지 인물이 예상 밖 변주를 만들면 질투보다 흥분과 더 높은 요구가 나온다.
관계별 변주: 연구자에게는 기준, 관료에게는 제도, 후계자에게는 책임과 명분을 넘긴다.
고정 핵: 새로운 것을 실제로 작동시키려는 욕망은 유지된다.","현지 인물의 시제품, 실패, 독립 응용, 주인공이 직접 개입하지 않아도 성공한 사례."
우연한 허세에서 의도적 정보 통제로 주도권 이동하기,,,홍보·정보 공개 장면에 한정하여 보류한다. 조건을 벗어난 캐릭터 성장 문법으로 자동 적용하지 않는다.,한정 보류,,REF-07 364~368화 · 우연한 이미지 유지에서 의도적 정보 공개와 브랜드 활용으로의 이동,내면의 평범함이 사라지고 완전한 책략가가 될 것. 정보 통제가 무조건 성공할 것.,캐릭터 구현,단계 발전형,,,같은 오해 엔진이 정체되지 않고 캐릭터의 능동성과 성장으로 전환된다.,2026년 8월 2일 오후 9:26,Yes,중간,높음,오해당함 → 컨셉 방어 → 평판 활용 → 정보 공개량과 타이밍을 직접 설계,Yes,,휴면,"이미지 성장, 평판 활용, 정보 통제, 브랜드, 장기 변화",,,,원천별 카드,자동 적용 금지,주도 문법,불안하고 속된 내면과 냉정한 외면을 병치하기 (%EB%B6%88%EC%95%88%ED%95%98%EA%B3%A0%20%EC%86%8D%EB%90%9C%20%EB%82%B4%EB%A9%B4%EA%B3%BC%20%EB%83%89%EC%A0%95%ED%95%9C%20%EC%99%B8%EB%A9%B4%EC%9D%84%20%EB%B3%91%EC%B9%98%ED%95%98%EA%B8%B0%20982baa79eaae82339c9a818ff843531b.md),,불안하고 속된 내면과 냉정한 외면을 병치하기 (%EB%B6%88%EC%95%88%ED%95%98%EA%B3%A0%20%EC%86%8D%EB%90%9C%20%EB%82%B4%EB%A9%B4%EA%B3%BC%20%EB%83%89%EC%A0%95%ED%95%9C%20%EC%99%B8%EB%A9%B4%EC%9D%84%20%EB%B3%91%EC%B9%98%ED%95%98%EA%B8%B0%20982baa79eaae82339c9a818ff843531b.md),불안하고 속된 내면과 냉정한 외면을 병치하기 (%EB%B6%88%EC%95%88%ED%95%98%EA%B3%A0%20%EC%86%8D%EB%90%9C%20%EB%82%B4%EB%A9%B4%EA%B3%BC%20%EB%83%89%EC%A0%95%ED%95%9C%20%EC%99%B8%EB%A9%B4%EC%9D%84%20%EB%B3%91%EC%B9%98%ED%95%98%EA%B8%B0%20982baa79eaae82339c9a818ff843531b.md),SRC-E-C04,"갈등 심화기, 성장 누적기, 회수·보상기","초기에는 우연히 생긴 이미지를 깨지 않으려 방어하지만, 반복 경험 뒤에는 침묵·공개 시점·사실의 양을 계산해 외부 반응을 의도적으로 설계한다.","인물이 외부 평판의 효과와 위험을 여러 차례 경험하고, 실제 성과가 이미지의 근거가 된 상태.","기업·경제, 연예계, 정치, 현대판타지",외부 평판의 이득과 손실을 확인한다 → 누가 어떤 정보로 반응하는지 본다 → 공개할 사실 하나와 침묵할 범위를 고른다 → 의도적인 단답으로 반응을 설계한다 → 전략 뒤 현실적인 안도와 피로를 남긴다,참고작_초기파일럿6_재점검_판정인덱스_v3.json / 참고작_캐릭터카드_원천매핑_v2.json,No,"골격, 종결, 캐릭터",내외면 병치 카드의 후기 단계. 생활인 내면과 실패 가능성을 유지해야 책략가 평탄화를 피한다.,,"모든 해명을 하지 않고, 상대의 판단을 바꿀 사실 하나만 공개한 뒤 나머지는 침묵한다.","현재 작품의 확정 캐릭터 문법, 관계 단계, 원문 선택과 충돌하면 조회만 하고 적용하지 않는다.",,6,"인지 필터: 사건 자체뿐 아니라 누가 어떤 정보로 어떤 반응을 만들지 본다.
해석 습관: 침묵과 정보 부족을 위험이자 자원으로 해석한다.
가치 우선순위: 현재 목표와 브랜드 가치 > 즉시 솔직함.
압박 속 선택: 모든 설명을 하지 않고 반응을 바꿀 사실 하나만 선택한다.
발화 방식: 초기 방어적 단답에서 후기의 의도적 단답으로 의미가 변한다.
감정 누출: 전략이 끝난 뒤 사적 공간에서 평범한 안도와 피로가 나타난다.
관계별 변주: 매니저에게는 제한된 전략 공유, 언론에는 계산된 공개, 친구에게는 생활인 자아 유지.
고정 핵: 내면의 현실 감각과 실패 가능성 인식은 유지된다.","우연한 오해, 컨셉 유지, 평판의 실제 이득과 손실을 모두 경험한 기록."
불안하고 속된 내면과 냉정한 외면을 병치하기,,,캐릭터 장기 문법으로 사용하지 않는다. 표현 메커니즘으로 축소한 뒤 추가 검증 전까지 보류한다.,메커니즘 축소 보류,,"REF-07 1~3화, 364~368화 · 생활인 내면과 냉정한 외면의 지속적 병치",내면이 외면의 모든 성취를 거짓으로 만들 것. 같은 당황 독백만 반복할 것.,캐릭터 구현,반복 누적형,우연한 허세에서 의도적 정보 통제로 주도권 이동하기 (%EC%9A%B0%EC%97%B0%ED%95%9C%20%ED%97%88%EC%84%B8%EC%97%90%EC%84%9C%20%EC%9D%98%EB%8F%84%EC%A0%81%20%EC%A0%95%EB%B3%B4%20%ED%86%B5%EC%A0%9C%EB%A1%9C%20%EC%A3%BC%EB%8F%84%EA%B6%8C%20%EC%9D%B4%EB%8F%99%ED%95%98%EA%B8%B0%20210baa79eaae82fcbc0f812cf92aa1a4.md),우연한 허세에서 의도적 정보 통제로 주도권 이동하기 (%EC%9A%B0%EC%97%B0%ED%95%9C%20%ED%97%88%EC%84%B8%EC%97%90%EC%84%9C%20%EC%9D%98%EB%8F%84%EC%A0%81%20%EC%A0%95%EB%B3%B4%20%ED%86%B5%EC%A0%9C%EB%A1%9C%20%EC%A3%BC%EB%8F%84%EA%B6%8C%20%EC%9D%B4%EB%8F%99%ED%95%98%EA%B8%B0%20210baa79eaae82fcbc0f812cf92aa1a4.md),성과가 커져도 인물이 생활인으로 남아 친근함과 유머가 유지된다.,2026년 8월 2일 오후 9:26,Yes,높음,높음,우연한 불일치 → 외면을 의식적으로 유지 → 내면의 현실감은 보존한 채 외부 이미지를 전략적으로 사용,Yes,,휴면,"내외면 차이, 자기방어, 생활인 감각, 코미디",,,,원천별 카드,자동 적용 금지,주도 문법,,,,,SRC-E-C01,"도입부, 성장 누적기, 초반 정착",겉으로는 침착하고 권위 있게 보이지만 내면에서는 돈·체면·피로·당황 같은 평범한 계산을 동시에 유지한다.,"주변이 인물의 제한된 표정과 행동을 과대평가하고, 독자는 내면을 볼 수 있는 시점.","기업·경제, 연예계, 현대판타지",내면에서는 생활 비용과 당황을 계산한다 → 외부가 보는 장면을 동시에 의식한다 → 당황을 숨기고 최소한의 대답을 택한다 → 주변은 그 침착함을 과대해석한다 → 사적 공간에서 평범한 욕구와 피로가 드러난다,참고작_초기파일럿6_재점검_판정인덱스_v3.json / 참고작_캐릭터카드_원천매핑_v2.json,No,"감정, 캐릭터, 표현",의도적 정보 통제 성장 카드와 단계 연결. 외면의 성과를 내면 독백이 무효화하지 않게 한다.,우연한 허세에서 의도적 정보 통제로 주도권 이동하기 (%EC%9A%B0%EC%97%B0%ED%95%9C%20%ED%97%88%EC%84%B8%EC%97%90%EC%84%9C%20%EC%9D%98%EB%8F%84%EC%A0%81%20%EC%A0%95%EB%B3%B4%20%ED%86%B5%EC%A0%9C%EB%A1%9C%20%EC%A3%BC%EB%8F%84%EA%B6%8C%20%EC%9D%B4%EB%8F%99%ED%95%98%EA%B8%B0%20210baa79eaae82fcbc0f812cf92aa1a4.md),"겉으로는 짧게 고개만 끄덕이지만, 속으로는 돈과 체면과 퇴근 시간을 동시에 계산한다.","현재 작품의 확정 캐릭터 문법, 관계 단계, 원문 선택과 충돌하면 조회만 하고 적용하지 않는다.",,7,"인지 필터: 내면에서는 생활 비용과 창피함을, 외면에서는 상대가 보는 장면을 동시에 계산한다.
해석 습관: 주변의 거창한 평가를 우연이나 오해로 축소해 받아들인다.
가치 우선순위: 컨셉 유지와 실익 > 즉시 진실 고백.
압박 속 선택: 당황을 숨기고 최소한의 대답으로 상황을 넘긴다.
발화 방식: 겉으로 짧고 낮은 톤, 내면은 빠르고 속되며 구체적이다.
감정 누출: 혼자 있는 공간에서 자세·말투·먹는 것·휴식 욕구가 즉시 평범해진다.
관계별 변주: 대중 앞에서는 컨셉, 가까운 친구 앞에서는 생활인, 매니저 앞에서는 둘의 경계가 흔들린다.
고정 핵: 외적 위상과 무관하게 현실적인 자기평가를 유지한다.",외부가 해석할 수 있는 실제 행동 근거와 내면의 다른 의도.
현실형 조력자가 집착의 안전·법·제도 경계를 제어하기,,,관계 패턴을 공용 카드로 쓰지 않는다. 사용 중지하며 재작성·재검증 전까지 적용 금지.,사용 중지,,"REF-08 1~3화, 456~460화 · 가족·전문가·관료가 법·안전·효용으로 집착을 제어하는 관계",조력자가 매번 잔소리만 하고 대안을 만들지 못할 것. 주인공이 같은 위험을 무한 반복할 것.,관계·대화,반복 누적형,정답 제공자에서 문제·기준·제도 설계자로 이동하기 (%EC%A0%95%EB%8B%B5%20%EC%A0%9C%EA%B3%B5%EC%9E%90%EC%97%90%EC%84%9C%20%EB%AC%B8%EC%A0%9C%C2%B7%EA%B8%B0%EC%A4%80%C2%B7%EC%A0%9C%EB%8F%84%20%EC%84%A4%EA%B3%84%EC%9E%90%EB%A1%9C%20%EC%9D%B4%EB%8F%99%ED%95%98%EA%B8%B0%2082fbaa79eaae8373b55e81cafda0bfb2.md),정답 제공자에서 문제·기준·제도 설계자로 이동하기 (%EC%A0%95%EB%8B%B5%20%EC%A0%9C%EA%B3%B5%EC%9E%90%EC%97%90%EC%84%9C%20%EB%AC%B8%EC%A0%9C%C2%B7%EA%B8%B0%EC%A4%80%C2%B7%EC%A0%9C%EB%8F%84%20%EC%84%A4%EA%B3%84%EC%9E%90%EB%A1%9C%20%EC%9D%B4%EB%8F%99%ED%95%98%EA%B8%B0%2082fbaa79eaae8373b55e81cafda0bfb2.md),"천재의 결함이 살아 있고, 현실 제약이 유머와 인과를 동시에 만든다.",2026년 8월 2일 오후 9:26,Yes,중간,높음,사후 제지 → 사전 검토와 제한 → 주인공이 스스로 제도적 비용을 계산,Yes,,휴면,"조력자, 제동, 안전, 법, 현실 감각, 티키타카",,,,원천별 카드,자동 적용 금지,보조 문법,,,,,SRC-F-C03,"관계 형성기, 도입부, 성장 누적기, 초반 정착","주인공의 전문 집착을 무시하거나 감탄하지 않고, 법적 위험·안전 비용·사회적 후폭풍을 구체적으로 지적하고 실제 제한 장치를 요구한다.",주인공의 능력은 뛰어나지만 관심 앞에서 경계 판단이 약해지는 관계.,"기업·경제, 대체역사, 정치, 판타지",주인공이 놓친 법·안전·평판 비용을 먼저 본다 → 효용과 위험을 함께 평가한다 → 완전 금지 대신 제한 장치와 절차를 제안한다 → 실무 조건으로 제동한다 → 반복되면 주인공도 제도적 비용을 스스로 계산한다,참고작_초기파일럿6_재점검_판정인덱스_v3.json / 참고작_캐릭터카드_원천매핑_v2.json,No,"감정, 골격, 캐릭터",제도 설계자로 성장하는 카드와 연결. 조력자의 제동이 주인공의 자기 규율로 내재화되어야 한다.,정답 제공자에서 문제·기준·제도 설계자로 이동하기 (%EC%A0%95%EB%8B%B5%20%EC%A0%9C%EA%B3%B5%EC%9E%90%EC%97%90%EC%84%9C%20%EB%AC%B8%EC%A0%9C%C2%B7%EA%B8%B0%EC%A4%80%C2%B7%EC%A0%9C%EB%8F%84%20%EC%84%A4%EA%B3%84%EC%9E%90%EB%A1%9C%20%EC%9D%B4%EB%8F%99%ED%95%98%EA%B8%B0%2082fbaa79eaae8373b55e81cafda0bfb2.md),"“안 돼”로 끝내지 않고 법적 책임, 안전 장치, 예산 한도를 제시해 실행 가능한 형태로 고친다.","현재 작품의 확정 캐릭터 문법, 관계 단계, 원문 선택과 충돌하면 조회만 하고 적용하지 않는다.",,8,"인지 필터: 주인공이 보지 않는 법, 안전, 평판, 타인 피해를 먼저 본다.
해석 습관: 천재성의 결과를 효용과 위험의 균형으로 평가한다.
가치 우선순위: 지속 가능한 구현 > 완벽한 고증과 개인 만족.
압박 속 선택: 완전 금지보다 사용할 수 있는 제한 장치와 절차를 만든다.
발화 방식: 구체적 위험을 욕설·잔소리·실무 조건으로 제시한다.
감정 누출: 화는 집착 자체보다 주인공과 주변이 다칠 가능성에서 나온다.
관계별 변주: 가족형 조력자는 직접 제지, 관료형 조력자는 명분과 규정, 전문가형 동료는 기술 대안으로 제어한다.
고정 핵: 주인공의 능력을 살리되 그 능력이 모두를 파괴하지 않게 한다.","주인공의 집착이 실제 사고나 법적 문제를 일으킬 가능성, 조력자의 전문 권한."
공포를 비용·확률·과제로 번역하는 생존형 판단,,,캐릭터 성격 카드로 사용하지 않는다. 사고 표현 메커니즘으로 축소한 뒤 추가 검증 전까지 보류한다.,메커니즘 축소 보류,,"REF-05 1~3화, 459~460화 · 공포와 불안을 패턴·확률·행동 목록으로 번역하는 판단",감정이 완전히 사라진 기계처럼 보일 것. 계산이 실제 선택 변화로 이어지지 않을 것.,캐릭터 구현,반복 누적형,,,"전문성과 긴장을 동시에 만들고, 감정 절제가 캐릭터의 생존 방식으로 느껴진다.",2026년 8월 2일 오후 9:26,Yes,중간,높음,자기 생존 계산 → 동료까지 포함한 생존 계산 → 자신의 희생 가능성까지 포함한 집단 계산,Yes,,휴면,"생존, 계산, 공포 우회, 전문성, 행동 우선",,,,원천별 카드,자동 적용 금지,주도 문법,,,,,SRC-C-C01,"갈등 심화기, 도입부, 초반 정착",공포를 직접 묘사하는 대신 거리·자원·확률·손실·다음 행동 목록으로 변환해 인물의 생존 습관을 드러낸다.,위험이 임박했고 인물이 반복 실패나 전문 경험을 가진 상황.,"게임·빙의, 무협, 판타지",위험 요소·퇴로·자원을 먼저 확인한다 → 불안을 손실과 과제로 바꾼다 → 가장 손실이 적은 행동을 즉시 선택한다 → 결론과 명령부터 말한다 → 위기 뒤 신체 반응이나 욕설로 감정이 샌다,참고작_초기파일럿6_재점검_판정인덱스_v3.json / 참고작_캐릭터카드_원천매핑_v2.json,No,"골격, 캐릭터, 표현",동료의 충동을 실행 가능한 계획으로 번역하는 관계 카드와 조합하면 계산형 리더의 인간성이 살아난다.,동료의 충동을 억압하지 않고 실행 가능한 계획으로 번역하기 (%EB%8F%99%EB%A3%8C%EC%9D%98%20%EC%B6%A9%EB%8F%99%EC%9D%84%20%EC%96%B5%EC%95%95%ED%95%98%EC%A7%80%20%EC%95%8A%EA%B3%A0%20%EC%8B%A4%ED%96%89%20%EA%B0%80%EB%8A%A5%ED%95%9C%20%EA%B3%84%ED%9A%8D%EC%9C%BC%EB%A1%9C%20%EB%B2%88%EC%97%AD%ED%95%98%EA%B8%B0%2013cbaa79eaae82e5884081ab38ee0d21.md),"겁먹었다고 말하지 않고 남은 시간, 퇴로, 소모 자원을 계산한 뒤 가장 손실이 적은 명령을 내린다.","현재 작품의 확정 캐릭터 문법, 관계 단계, 원문 선택과 충돌하면 조회만 하고 적용하지 않는다.",,9,"인지 필터: 위험 요소, 퇴로, 자원, 적의 패턴을 먼저 본다.
해석 습관: 불안을 해결해야 할 손실 함수와 과제로 해석한다.
가치 우선순위: 생존 가능성 > 자존심과 낭만.
압박 속 선택: 감정을 뒤로 미루고 가장 손실이 적은 행동을 즉시 선택한다.
발화 방식: 결론과 명령부터 말하고 이유는 필요한 만큼만 설명한다.
감정 누출: 위기가 끝난 뒤 신체 반응, 욕설, 전리품 집착으로 긴장이 샌다.
관계별 변주: 혼자일 때는 즉시 철수, 동료가 있을 때는 역할별 생존 경로를 설계한다.
고정 핵: 살아남아 다음 선택을 만드는 것을 최우선으로 둔다.",실패 비용이나 위험 규칙을 실제로 겪은 기록.
사회적 의미보다 힘과 감정의 구조를 먼저 보는 이질적 인지,,,올리버 작품 고유 인지 기록으로 환원한다. 다른 작품 인물에게 범용 성격 문법으로 적용하지 않는다.,작품 고유 환원,,REF-18 1~3화 · 사회적 상징보다 검은빛·감정·힘의 구조를 보는 인지,이질성을 기괴한 어휘 장식으로만 표현할 것. 중요한 사회 정보까지 모두 무시하게 만들 것.,캐릭터 구현,반복 누적형,,,"설명 없이 독특한 사고방식이 고정되고, 평범한 장면도 새롭게 보인다.",2026년 8월 2일 오후 9:26,Yes,중간,중간,사회 의미 무시 → 사회 의미를 배워 병렬 처리 → 두 체계를 이용해 타인의 숨은 욕망까지 이해,Yes,,휴면,"이질적 시점, 인지 필터, 감정 구조, 관찰",,,,원천별 카드,자동 적용 금지,주도 문법,,,,,SRC-D-C01,"관계 형성기, 도입부, 초반 정착","같은 사물을 보더라도 주변은 신분·예절·상징을 보고, 인물은 힘의 흐름·감정의 색·구조적 이상을 먼저 보게 한다.",인물에게 일반 사회와 다른 감각 체계나 관심 우선순위가 있는 경우.,"무협, 판타지, 퓨전",주변이 사회적 의미를 읽는 동안 힘·감정·구조를 먼저 감지한다 → 말과 감정의 불일치를 해석한다 → 사회적 체면보다 확인을 택한다 → 본질적인 질문을 직접 던진다 → 경험이 쌓이면 사회 의미도 병렬 처리한다,참고작_초기파일럿6_재점검_판정인덱스_v3.json / 참고작_캐릭터카드_원천매핑_v2.json,No,"감정, 캐릭터, 표현",가치가 행동으로 먼저 드러나는 성장 카드와 조합하면 이질적 인지가 인간성의 변화로 이어진다.,가치 판단이 행동으로 먼저 나오고 언어는 뒤늦게 따라오기 (%EA%B0%80%EC%B9%98%20%ED%8C%90%EB%8B%A8%EC%9D%B4%20%ED%96%89%EB%8F%99%EC%9C%BC%EB%A1%9C%20%EB%A8%BC%EC%A0%80%20%EB%82%98%EC%98%A4%EA%B3%A0%20%EC%96%B8%EC%96%B4%EB%8A%94%20%EB%92%A4%EB%8A%A6%EA%B2%8C%20%EB%94%B0%EB%9D%BC%EC%98%A4%EA%B8%B0%20285baa79eaae82a4b519018732d314dc.md),"모두가 상대의 신분을 볼 때 혼자 감정과 힘의 불일치를 보고, 예절보다 그 원인을 먼저 묻는다.","현재 작품의 확정 캐릭터 문법, 관계 단계, 원문 선택과 충돌하면 조회만 하고 적용하지 않는다.",,10,"인지 필터: 사회적 표면보다 힘, 감정, 원리, 이상 징후를 먼저 본다.
해석 습관: 사람의 말보다 그 말과 감정 사이의 불일치를 분석한다.
가치 우선순위: 현상의 진실과 호기심 > 사회적 편안함과 체면.
압박 속 선택: 주변이 두려워하는 현상에 접근해 구조를 확인한다.
발화 방식: 사회적으로 당연한 전제를 생략하고 본질적인 질문을 직접 던진다.
감정 누출: 흥미 대상 앞에서 질문이 빨라지고 평소보다 설명이 많아진다.
관계별 변주: 스승에게는 학습 욕망, 적에게는 구조 질문, 약자에게는 배운 예절을 통해 접근한다.
고정 핵: 이해하지 못한 것을 직접 확인하려 한다.",인물이 실제로 감지할 수 있는 독자적 정보와 그 정보가 선택에 영향을 준 사례.
GTC-04 · 조연의 자기 생애로 주인공 계획에 역압력 만들기,"MC-CHR-02 · 영향의 전승을 말투가 아닌 판단권으로 증명 (MC-CHR-02%20%C2%B7%20%EC%98%81%ED%96%A5%EC%9D%98%20%EC%A0%84%EC%8A%B9%EC%9D%84%20%EB%A7%90%ED%88%AC%EA%B0%80%20%EC%95%84%EB%8B%8C%20%ED%8C%90%EB%8B%A8%EA%B6%8C%EC%9C%BC%EB%A1%9C%20%EC%A6%9D%EB%AA%85%209eabaa79eaae83ce98e301cf576763a7.md), MC-GRP-01 · 집단 결정을 이견·권한·비용 이동으로 기록 (MC-GRP-01%20%C2%B7%20%EC%A7%91%EB%8B%A8%20%EA%B2%B0%EC%A0%95%EC%9D%84%20%EC%9D%B4%EA%B2%AC%C2%B7%EA%B6%8C%ED%95%9C%C2%B7%EB%B9%84%EC%9A%A9%20%EC%9D%B4%EB%8F%99%EC%9C%BC%EB%A1%9C%20%EA%B8%B0%EB%A1%9D%20051baa79eaae830684248184419955de.md)",검증 중,장기 검증 대기. 새 장면 생성보다 조연 선택 감사에 우선 사용한다. V3.1 원문 직접 대조 보강(MC-CHR-02 · MC-GRP-01): 조연의 독립성은 말투 차이가 아니라 각자의 시야·이견·수정권·이탈 비용이 주인공 계획과 집단 결정을 바꾸는지로 판정한다는 근거를 보강했다. 적용 영수증은 아직 0건이며 생성 자동화·상태 승격은 하지 않는다.,장기 검증 대기,,17작품·15개 장르권 교차 검증. 단일회차 A/B로 조연 기능화 여부 판정 불가. / V3.1 직접 대조: REF-05·REF-07·REF-08·REF-09·REF-13·REF-16·REF-25 (MC-CHR-02 · MC-GRP-01),"모든 조연에게 독립 서사를 의무화하거나, 반박 뒤 즉시 주인공 정답으로 복귀시키지 않는다.",캐릭터 구현,,,,,2026년 8월 2일 오후 9:26,Yes,,,,Yes,M06,추출 후보,,,,,장편 깊이 원리,조건부 생성 후보,,,,,,GTC-04,,조연이 자기 직업·신념·관계·손실을 따라 선택해 주인공의 계획·해석·비용을 실제로 바꾸게 한다.,조연에게 주인공 이전부터 존재한 직업·관계·신념·두려움 중 최소 하나가 있고 사건 결과를 바꿀 수 있을 때.,,조연의 별도 생활·목표 → 계획과 부분 일치 → 자기 이유로 이탈·반박·조건 제시 → 계획 수정 또는 비용 발생 → 조연의 이후 삶 지속,참고작_21작품_서술누적방식_비교매트릭스_v1.json / 참고작_공용기법_후보선별_http://v1.md / 참고작_공용기법_AB시험_최종판정_http://v2.md / REF_MECHANISM_CARDS/MC-CHR-02; REF_MECHANISM_CARDS/MC-GRP-01,No,캐릭터,,,,,,11,,조연의 자기 해석과 선택을 주인공 평가와 분리해 최소 두 번 이상 보여야 한다.
동료의 충동을 억압하지 않고 실행 가능한 계획으로 번역하기,,,공용 관계 카드로 재사용하지 않는다. 작품 고유 관계 기록으로 환원한다. 범용 승격 근거 없음.,작품 고유 환원,,REF-05 459~461화 · 동료의 정의감과 충동을 계획과 역할로 번역하는 리더십,주인공의 계획이 동료의 욕망을 몰래 제거할 것. 동료가 감정적 바보로만 보일 것.,관계·대화,반복 누적형,,,"리더의 유능함과 동료의 주체성이 함께 살아나며, 갈등이 명령 복종으로 평탄화되지 않는다.",2026년 8월 2일 오후 9:26,Yes,중간,높음,충동 제지 → 목적 확인과 대안 제시 → 동료가 스스로 계획을 수정해 제안,Yes,,휴면,"리더십, 가치 충돌, 계획 번역, 동료 존중",,,,원천별 카드,자동 적용 금지,주도 문법,공포를 비용·확률·과제로 번역하는 생존형 판단 (%EA%B3%B5%ED%8F%AC%EB%A5%BC%20%EB%B9%84%EC%9A%A9%C2%B7%ED%99%95%EB%A5%A0%C2%B7%EA%B3%BC%EC%A0%9C%EB%A1%9C%20%EB%B2%88%EC%97%AD%ED%95%98%EB%8A%94%20%EC%83%9D%EC%A1%B4%ED%98%95%20%ED%8C%90%EB%8B%A8%20edebaa79eaae82598c1d010b53af070b.md),,,,SRC-C-C03,"갈등 심화기, 관계 형성기, 성장 누적기","동료의 정의감·복수심·충동을 비합리적이라 깎아내리지 않고, 목적을 보존한 채 생존 가능한 절차와 역할로 바꾼다.",동료의 가치가 주인공의 실리 판단과 충돌하지만 관계상 무시할 수 없는 경우.,"게임·빙의, 무협, 스포츠, 판타지",동료가 지키려는 가치와 실제 위험을 함께 본다 → 충동을 계획의 요구 조건으로 해석한다 → 위험을 먼저 인정한다 → 목적을 보존한 대안과 역할을 제시한다 → 동료가 선택하고 수행할 여지를 남긴다,참고작_초기파일럿6_재점검_판정인덱스_v3.json / 참고작_캐릭터카드_원천매핑_v2.json,No,"감정, 골격, 캐릭터",생존형 판단 카드와 조합하되 동료의 욕망이 계획을 실제로 바꾸게 해야 한다.,,"복수를 말리는 대신 복수의 목표를 인정하고, 살아 돌아올 수 있는 경로와 역할을 다시 짠다.","현재 작품의 확정 캐릭터 문법, 관계 단계, 원문 선택과 충돌하면 조회만 하고 적용하지 않는다.",,12,"인지 필터: 동료의 말 뒤에 있는 지키고 싶은 가치와 실제 위험을 함께 본다.
해석 습관: 충동을 제거할 오류가 아니라 계획에 반영할 요구 조건으로 해석한다.
가치 우선순위: 집단 생존과 동료의 자기존중을 동시에 보존.
압박 속 선택: 금지 명령 대신 목적을 달성할 다른 경로와 역할을 즉시 제시한다.
발화 방식: 먼저 위험을 인정하고, 그다음 실행 조건과 역할을 짧게 제시한다.
감정 누출: 동료의 위험 감수에 짜증을 내지만 계획에서는 그 욕망을 지운 채 처리하지 않는다.
관계별 변주: 초보 동료에게는 구체적 절차, 숙련 동료에게는 결과 조건만 제시한다.
고정 핵: 사람을 살리기 위해 그 사람의 선택권까지 죽이지 않는다.",동료의 가치관과 위험 감수 성향이 이전 장면에서 증명되어야 한다.
R-10 · 조직 성장의 부재 시험 감사,"MC-ABS-01 · 부재를 빈자리의 일·권한·귀환 재협상으로 증명 (MC-ABS-01%20%C2%B7%20%EB%B6%80%EC%9E%AC%EB%A5%BC%20%EB%B9%88%EC%9E%90%EB%A6%AC%EC%9D%98%20%EC%9D%BC%C2%B7%EA%B6%8C%ED%95%9C%C2%B7%EA%B7%80%ED%99%98%20%EC%9E%AC%ED%98%91%EC%83%81%EC%9C%BC%EB%A1%9C%20%EC%A6%9D%EB%AA%85%20cafbaa79eaae83a5a16f817ada71e097.md), MC-CHR-02 · 영향의 전승을 말투가 아닌 판단권으로 증명 (MC-CHR-02%20%C2%B7%20%EC%98%81%ED%96%A5%EC%9D%98%20%EC%A0%84%EC%8A%B9%EC%9D%84%20%EB%A7%90%ED%88%AC%EA%B0%80%20%EC%95%84%EB%8B%8C%20%ED%8C%90%EB%8B%A8%EA%B6%8C%EC%9C%BC%EB%A1%9C%20%EC%A6%9D%EB%AA%85%209eabaa79eaae83ce98e301cf576763a7.md)",검증 중,"반례 감사에서 확정된 정규화 수정 명세. V3.1 원문 직접 대조 보강(MC-ABS-01 · MC-CHR-02): 부재 시험에는 규칙의 작동뿐 아니라 남은 인물의 시야 차이와 계획 수정·중단권, 귀환 뒤 권한이 자동 복원되지 않는지도 포함한다. 단일 원천 MC-ABS-01은 보조 근거로만 둔다. 적용 영수증은 아직 0건이며 생성 자동화·상태 승격은 하지 않는다.",감사 전용,,V3.1 직접 대조: REF-03·REF-07·REF-09·REF-13·REF-20 (MC-ABS-01 · MC-CHR-02),미성숙 조직을 억지로 자립시키거나 조연의 독립 행동을 새 사건으로 대폭 추가하지 않는다.,회차 설계,,,,,2026년 8월 2일 오후 9:26,No,,,,Yes,"F10, F11",활성,,,,,감사 규칙,감사 전용,,,,,,R-10,,주인공 부재 시에도 서로 다른 이유로 규칙이 작동하는지 확인한다.,조직이 주인공의 손발이나 추모 합창으로만 남는지 감사할 때.,,,참고작_잔여15_반례변형적용한계_심층감사_http://v1.md / REF_MECHANISM_CARDS/MC-ABS-01; REF_MECHANISM_CARDS/MC-CHR-02,No,,,,,,,13,,
가치 판단이 행동으로 먼저 나오고 언어는 뒤늦게 따라오기,,,후반 반례로 인해 범용 카드 사용을 중지한다. 재작성과 별도 검증 전까지 공용 적용 금지.,사용 중지,,REF-18 479~481화 · 설명할 수 없는 가치 판단이 보호 행동으로 먼저 나타나는 성장,행동의 근거가 전혀 없이 작가 편의적 선행이 될 것. 이후 반성과 언어화가 없을 것.,캐릭터 구현,단계 발전형,,,"성장이 선언보다 선택으로 증명되고, 이질적 인물의 인간성이 자연스럽게 드러난다.",2026년 8월 2일 오후 9:26,Yes,낮음,높음,생존 본능만 따름 → 이유를 몰라도 타인을 보호함 → 자신의 가치와 책임을 말로 선택함,Yes,,휴면,"도덕 성장, 행동 우선, 자기 이해 지연, 본능적 보호",,,,원천별 카드,자동 적용 금지,주도 문법,사회적 의미보다 힘과 감정의 구조를 먼저 보는 이질적 인지 (%EC%82%AC%ED%9A%8C%EC%A0%81%20%EC%9D%98%EB%AF%B8%EB%B3%B4%EB%8B%A4%20%ED%9E%98%EA%B3%BC%20%EA%B0%90%EC%A0%95%EC%9D%98%20%EA%B5%AC%EC%A1%B0%EB%A5%BC%20%EB%A8%BC%EC%A0%80%20%EB%B3%B4%EB%8A%94%20%EC%9D%B4%EC%A7%88%EC%A0%81%20%EC%9D%B8%EC%A7%80%20392baa79eaae8280b4be0127b86d0cb9.md),,,,SRC-D-C04,"갈등 심화기, 성장 누적기, 회수·보상기","인물이 아직 자신의 윤리나 감정을 명확히 설명하지 못해도, 위기 순간에는 먼저 막거나 구하고 이후에 왜 그랬는지 서툴게 해석하게 한다.",감정·도덕 언어가 부족하지만 경험을 통해 가치가 형성되는 인물.,"무협, 판타지, 현대판타지",위협받는 대상과 가능한 행동을 먼저 본다 → 이유를 완전히 이해하지 못한 채 막거나 구한다 → 사건 뒤 자신의 선택을 탐색한다 → 불완전한 언어로 이유를 말한다 → 반복되며 자기 가치와 책임을 명시적으로 선택한다,참고작_초기파일럿6_재점검_판정인덱스_v3.json / 참고작_캐릭터카드_원천매핑_v2.json,No,"감정, 종결, 캐릭터",이질적 인지 카드와 조합하면 고정된 관찰 습관은 유지하면서 가치 판단만 성장시킬 수 있다.,,"이유를 설명하지 못하면서도 먼저 약자를 막아 선 뒤, 사건이 끝나고서야 자신이 왜 움직였는지 묻는다.","현재 작품의 확정 캐릭터 문법, 관계 단계, 원문 선택과 충돌하면 조회만 하고 적용하지 않는다.",,14,"인지 필터: 논리적 설명보다 즉시 위협받는 대상과 행동 가능성을 본다.
해석 습관: 행동 뒤에야 자신의 감정과 이유를 탐색한다.
가치 우선순위: 형성 중인 보호 가치가 순간적으로 호기심이나 효율보다 앞선다.
압박 속 선택: 이유를 설명할 수 없어도 먼저 막고 구한다.
발화 방식: 결정 뒤 “그냥 이상했다”, “옳지 않은 것 같았다”처럼 불완전하게 말한다.
감정 누출: 자기 행동을 설명하지 못해 질문하거나 오래 관찰한다.
관계별 변주: 가까운 인물에게서 배운 가치가 낯선 약자를 대할 때도 행동으로 재현된다.
고정 핵: 알지 못하는 것을 확인하려는 태도와 불필요한 파괴를 피하려는 성향.",이전 관계 경험과 배운 가치가 무의식적 판단에 축적되어 있어야 한다.
R-07 · 코미디 변속 뒤 비용 감사,,재검증 대기,반례 감사에서 확정된 정규화 수정 명세.,감사 전용,,,애도·사과를 침해하는 농담을 새로 넣거나 피해를 매력 장식으로 쓰지 않는다.,문장·호흡,,,,,2026년 8월 2일 오후 9:26,No,,,,Yes,"F07, F14",활성,,,,,감사 규칙,감사 전용,,,,,,R-07,,웃음 뒤에도 위험·피해·관계 비용이 남는지 감사한다.,농담과 생활어가 장면 무게를 지우는지 검사할 때.,,,참고작_잔여15_반례변형적용한계_심층감사_http://v1.md,No,,,,,,,15,,
즉시 반박하는 동료가 독주 본능을 현실로 되돌리기,,,공용 관계 카드로 재사용하지 않는다. 작품 고유 관계 기록으로 환원한다. 초기 파일럿 6작품 재점검에서 범용 승격 근거 없음.,작품 고유 환원,,REF-25 590~594화 · 동료의 독립 전투와 반박이 청명의 독주를 신뢰로 바꾸는 과정,동료의 반박이 말뿐이고 실제 역할 수행이 없을 것. 주인공을 무능하게 만들어야만 동료가 빛날 것.,관계·대화,단계 발전형,,,"조연의 판단권과 집단의 생명력이 살아나고, 주인공의 성장이 신뢰의 형태로 보인다.",2026년 8월 2일 오후 9:26,Yes,중간,높음,주인공의 일방 지시 → 동료의 반박과 역할 제안 → 설명 없이도 서로의 빈틈을 메우는 분업,Yes,,휴면,"동료 견제, 독주 교정, 수평 관계, 역할 분담",,,,원천별 카드,자동 적용 금지,주도 문법,애착을 분노와 잔소리로 우회하는 보호자 (%EC%95%A0%EC%B0%A9%EC%9D%84%20%EB%B6%84%EB%85%B8%EC%99%80%20%EC%9E%94%EC%86%8C%EB%A6%AC%EB%A1%9C%20%EC%9A%B0%ED%9A%8C%ED%95%98%EB%8A%94%20%EB%B3%B4%ED%98%B8%EC%9E%90%200e4baa79eaae8312b4780139fb0ed4ba.md),,애착을 분노와 잔소리로 우회하는 보호자 (%EC%95%A0%EC%B0%A9%EC%9D%84%20%EB%B6%84%EB%85%B8%EC%99%80%20%EC%9E%94%EC%86%8C%EB%A6%AC%EB%A1%9C%20%EC%9A%B0%ED%9A%8C%ED%95%98%EB%8A%94%20%EB%B3%B4%ED%98%B8%EC%9E%90%200e4baa79eaae8312b4780139fb0ed4ba.md),애착을 분노와 잔소리로 우회하는 보호자 (%EC%95%A0%EC%B0%A9%EC%9D%84%20%EB%B6%84%EB%85%B8%EC%99%80%20%EC%9E%94%EC%86%8C%EB%A6%AC%EB%A1%9C%20%EC%9A%B0%ED%9A%8C%ED%95%98%EB%8A%94%20%EB%B3%B4%ED%98%B8%EC%9E%90%200e4baa79eaae8312b4780139fb0ed4ba.md),SRC-A-C03,"갈등 심화기, 관계 형성기, 성장 누적기","주인공이 모든 책임과 해결을 독점하려는 순간, 가까운 동료가 감탄하거나 순종하지 않고 구체적인 역할·빈틈·대안을 제시해 행동을 수정시킨다.","동료가 주인공의 능력과 결함을 모두 알고 있으며, 반박할 실력이나 관계적 권리가 축적된 상태.","무협, 스포츠, 판타지","주인공이 놓친 집단의 빈틈과 자신의 역할을 본다 → 주인공의 과잉을 영웅성보다 불신·불안의 표현으로 해석한다 → 허락을 기다리지 않고 맡을 수 있는 부분을 수행한 뒤 결과로 반박한다 → 존경을 유지하되 즉각적이고 구체적으로 반박한다 → 걱정이 비꼼, 짜증, 업무 지시로 나타난다",참고작_초기파일럿6_재점검_판정인덱스_v3.json / 참고작_캐릭터카드_원천매핑_v2.json,No,"감정, 골격, 캐릭터",보호자형 감정 우회 카드와 조합하면 반박이 애정과 신뢰의 결과로 읽힌다.,,"주인공이 혼자 나서려 하자 동료가 빈틈 하나를 지적하고, 허락을 기다리지 않은 채 그 역할을 맡는다.","현재 작품의 확정 캐릭터 문법, 관계 단계, 원문 선택과 충돌하면 조회만 하고 적용하지 않는다.",,16,"인지 필터: 주인공이 놓친 집단의 빈틈과 자신의 역할을 본다.
해석 습관: 주인공의 과잉을 영웅성보다 불신·불안의 표현으로 해석한다.
가치 우선순위: 주인공의 체면보다 집단의 지속 가능성.
압박 속 선택: 허락을 기다리지 않고 맡을 수 있는 부분을 수행한 뒤 결과로 반박한다.
발화 방식: 존경을 유지하되 즉각적이고 구체적으로 반박한다.
감정 누출: 걱정이 비꼼, 짜증, 업무 지시로 나타난다.
관계별 변주: 가까운 동료만이 가능한 직설과, 후배가 보여주는 행동 증명의 강도가 다르다.
고정 핵: 상대를 따르는 것과 상대에게 모든 책임을 떠넘기는 것을 구분한다.",동료가 이전 장면에서 독립적으로 성공하거나 주인공의 과잉을 목격한 기록.
F07 · 레지스터 변속으로 관계와 책임 보여 주기,,재검증 대기,"정규화 완료·현장 검증 대기. 실제 각색 장기 검증 전이며 자동 발동 금지. 장면 패킷과 원문 증거를 먼저 확정하고 0~3개만 검토한다. 주원리 최대 1개, NO_OP 허용.",정규화 완료·현장 검증 대기,,25작품: 핵심 10작품 대표 장면 67건 + 잔여 15작품 반례·변형 45건,"- 원문의 신분·시대 예절을 무시하지 않는다.
- 참고작의 욕설·현대어·호칭을 복제하지 않는다.
- 한 번의 이탈을 영구 변화로 확정하지 않는다.
비발동: 누적 없음",관계·대화,,,,"존댓말·고풍 어미만으로는 드러나지 않는 관계 거리, 권한, 역할 충돌과 감정 변속을 대사 자체에 남긴다.",2026년 8월 2일 오후 9:26,Yes,,,,Yes,"R-06, R-07",추출 후보,층=한국어 표현 / 발동 증상=관계 변화가 어미 교체뿐 / 필수 증거=기존 레지스터 누적과 책임 변화,,,,표현·장면 원리,조건부 생성 후보,,,,,,F07,,"공적·사적·전문·생활 언어의 전환을 분위기 장식이 아니라, 누구 앞에서 어떤 책임을 수행하는지 보여 주는 변화로 사용한다.","- 인물이 반복적으로 사용하는 둘 이상의 언어 영역이 있다.
- 장면 전환 또는 관계 변화가 발화 목적과 정보 공개 범위를 바꾼다.
- 독자가 기존 말투와의 차이를 알아차릴 누적이 있다.",,평소 레지스터를 먼저 충분히 누적 → 상황 또는 관계 조건 변화 → 한 단어·호칭·문장 길이의 이탈 → 상대의 짧은 반응 또는 침묵 → 새 레지스터의 유지·후퇴·혼합,참고작_25작품_최종표현원리_정규화본_http://v1.md / 참고작_잔여15_반례변형적용한계_심층감사_http://v1.md,No,,권장 조합: F16,,"- 친해졌다는 이유만으로 갑자기 반말로 바꾼다.
- 공적 장면과 사적 장면에서 어미만 다르고 판단 내용은 같다.
- 비극 한복판에서도 평소 농담을 유지해 책임의 무게를 지운다.",발동 중단: 누적 없음,,17,,"- 인물이 반복적으로 사용하는 둘 이상의 언어 영역이 있다.
- 장면 전환 또는 관계 변화가 발화 목적과 정보 공개 범위를 바꾼다.
- 독자가 기존 말투와의 차이를 알아차릴 누적이 있다."
돌봄을 물품·정보·점검으로 표현하는 비고백형 보호,,,캐릭터 장기 문법으로 사용하지 않는다. 표현·장면 메커니즘으로 축소한 뒤 추가 검증 전까지 보류한다.,메커니즘 축소 보류,,"REF-16 276~278화 · 상태 점검, 장비, 정보 제공으로 나타나는 돌봄",물품 제공만으로 관계 변화가 자동 발생할 것. 상대가 돌봄을 수동적으로 받기만 할 것.,관계·대화,반복 누적형,,,"실용 행동이 감정의 증거가 되고, 관계가 사건 진행과 분리되지 않는다.",2026년 8월 2일 오후 9:26,Yes,중간,높음,일방 제공 → 상대의 자립을 위한 준비 → 돌봄을 거절하거나 되돌려주는 상호 관계,Yes,,휴면,"돌봄, 비고백, 장비, 정보, 유지보수",,,,원천별 카드,자동 적용 금지,보조 문법,,,,,SRC-B-C02,"갈등 심화기, 관계 형성기, 성장 누적기","걱정하거나 사랑한다고 말하는 대신 상대의 장비를 준비하고 상태를 점검하며, 필요한 정보와 퇴로를 제공한다.",인물이 감정 고백보다 문제 해결과 자원 제공에 익숙한 관계.,"게임·빙의, 판타지, 현대판타지","상대에게 부족한 자원, 위험, 정보의 공백을 먼저 본다 → 걱정을 해결 가능한 결핍으로 번역한다 → 자신이 직접 대신하기보다 상대가 수행할 수 있도록 장비와 정보를 건넨다 → 감정 설명 없이 사용법·주의점·계획을 말한다 → 상대가 도움 없이도 해낼 수 있다고 말하면 미묘한 허탈함이나 안도감이 나타난다",참고작_초기파일럿6_재점검_판정인덱스_v3.json / 참고작_캐릭터카드_원천매핑_v2.json,No,"감정, 캐릭터",자기 욕망을 숨기는 관찰자나 관계 성장 카드와 조합. 물품 제공이 상대의 선택권을 넓혀야 한다.,관찰자에서 타인에게 읽히는 사람으로 이동하기 (%EA%B4%80%EC%B0%B0%EC%9E%90%EC%97%90%EC%84%9C%20%ED%83%80%EC%9D%B8%EC%97%90%EA%B2%8C%20%EC%9D%BD%ED%9E%88%EB%8A%94%20%EC%82%AC%EB%9E%8C%EC%9C%BC%EB%A1%9C%20%EC%9D%B4%EB%8F%99%ED%95%98%EA%B8%B0%203f9baa79eaae83a19d9001450e7366cc.md),"걱정한다는 말 대신 장비를 손봐 주고, 사용법과 퇴로와 주의점을 짧게 건넨다.","현재 작품의 확정 캐릭터 문법, 관계 단계, 원문 선택과 충돌하면 조회만 하고 적용하지 않는다.",,18,"인지 필터: 상대에게 부족한 자원, 위험, 정보의 공백을 먼저 본다.
해석 습관: 걱정을 해결 가능한 결핍으로 번역한다.
가치 우선순위: 상대가 살아남을 선택권 > 자신의 감정 표현 욕구.
압박 속 선택: 자신이 직접 대신하기보다 상대가 수행할 수 있도록 장비와 정보를 건넨다.
발화 방식: 감정 설명 없이 사용법·주의점·계획을 말한다.
감정 누출: 상대가 도움 없이도 해낼 수 있다고 말하면 미묘한 허탈함이나 안도감이 나타난다.
관계별 변주: 약한 상대에게는 직접 지원, 동등한 동료에게는 정보 공유, 강한 상대에게는 상태 점검과 퇴로 준비.
고정 핵: 타인의 생존 가능성을 높이는 방식으로 애정을 표현한다.","상대의 필요와 취약점을 관찰한 기록, 이전에 제공한 도움이 실제로 작동한 경험."
GTC-03 · 관계 변화를 결정권의 재배치로 보여주기,MC-REL-01 · 신뢰를 정보·행동 권리로 갱신 (MC-REL-01%20%C2%B7%20%EC%8B%A0%EB%A2%B0%EB%A5%BC%20%EC%A0%95%EB%B3%B4%C2%B7%ED%96%89%EB%8F%99%20%EA%B6%8C%EB%A6%AC%EB%A1%9C%20%EA%B0%B1%EC%8B%A0%20fa1baa79eaae822e99540167e5facd4c.md),현행 유지,2026-08-02 REF-26 보강. 기존 7개 REF의 권리 이동 근거에 REF-26의 상호 교정권·자기 오류 공개·권한 범위 제한·책임 유지 사례를 추가했다. 무오류 약속이나 막연한 겸손이 아니라 실제 제동권 부여와 직함 제한이 신뢰를 만든다는 변형이 확인됐다. REF-26는 90/400화 분석 단계이므로 독립 승격 근거가 아니라 기존 카드의 보조 근거로만 사용한다.,장기 검증 대기,,V3.1 직접 근거: REF-01·04·05·08·18·19·25의 9개 스레드 + REF-26 GOV-01 보조 스레드. 정보·검증·거부·역할·위험 분담에 더해 상호 교정권과 자기 권한 제한 변형을 확인. 파열 뒤 권한 회수와 교정자끼리 충돌하는 반례는 추가 검증 대상.,"- 비밀 고백 한 번을 완전한 신뢰나 대등 관계로 처리하지 않는다.
- ‘이제 믿는다’는 독백만 두고 행동 권리를 그대로 두지 않는다.
- 도움·거래·가르침을 한 방향으로만 흐르게 하지 않는다.
- 강압을 자발적 선택이라는 말로 지우지 않는다.
- 긴급 상황의 임시 효율을 장기 신뢰로 오인하지 않는다.
- 특정 거래 소품·첩보 설정·호칭을 복제하지 않는다.",관계·대화,,,,,2026년 8월 2일 오후 9:26,Yes,,,,Yes,M05,추출 후보,,"장면 전후로 정보 공개 범위·재검증권·거부권·역할 결정권·위험 분담·신체 접근 중 최소 하나가 실제로 이동한다. 이동한 권리에는 책임·비용·제약이 붙고, 대사상 친밀감 선언만으로 완료 처리하지 않는다. 후속 회차에 같은 관계 구조를 강제로 이어가지 않으며, 원문에 그 권리가 다시 행사되거나 회수될 때만 재선택한다.","관계 변화는 호감의 증감이 아니라 서로에게 허용된 요청·거절·정보·검증·행동의 범위가 달라지는 것으로 읽는다. 공정한 거래 뒤에도 중요한 정보는 재검증할 수 있고, 적대 집단의 개인을 인정하면서도 조직 전체를 신뢰하지 않을 수 있으며, 가까운 동료를 보호하는 대신 위험한 선택을 존중하는 것이 더 큰 신뢰일 수도 있다. 강한 권한을 맡는 인물이 자신의 오류 가능성을 인정하는 경우, 그 고백은 실제 교정권·제동권·권한 범위 제한으로 이어져야 하며 책임까지 축소해서는 안 된다. 현재 장면에서 누구에게 어떤 권리가 새로 생기거나 줄어드는지, 그 권리 때문에 누가 무엇을 부담하는지를 명시한다. 긴급 상황의 임시 위임이나 설명 유예를 장기 신뢰로 확대하지 않는다. 새 비밀 고백·계약·관계를 만들어 권리 이동을 완성하지 않고, 원문에 이미 존재하는 선택과 반응 안에서만 적용한다.","TH-REF01-REL-01 · 신뢰를 호감이 아니라 정보 범위로 쓰기 (TH-REF01-REL-01%20%C2%B7%20%EC%8B%A0%EB%A2%B0%EB%A5%BC%20%ED%98%B8%EA%B0%90%EC%9D%B4%20%EC%95%84%EB%8B%88%EB%9D%BC%20%EC%A0%95%EB%B3%B4%20%EB%B2%94%EC%9C%84%EB%A1%9C%20%EC%93%B0%EA%B8%B0%2005cbaa79eaae8258a26301b9727edff6.md), TH-REF19-DLG-03 · 농담·물건·침묵이 함께 정하는 정보 가격 (TH-REF19-DLG-03%20%C2%B7%20%EB%86%8D%EB%8B%B4%C2%B7%EB%AC%BC%EA%B1%B4%C2%B7%EC%B9%A8%EB%AC%B5%EC%9D%B4%20%ED%95%A8%EA%BB%98%20%EC%A0%95%ED%95%98%EB%8A%94%20%EC%A0%95%EB%B3%B4%20%EA%B0%80%EA%B2%A9%20c06baa79eaae82be87d381d435840bf6.md), TH-REF19-DLG-05 · 호칭 농담이 누적 관계를 증명하는 순간 (TH-REF19-DLG-05%20%C2%B7%20%ED%98%B8%EC%B9%AD%20%EB%86%8D%EB%8B%B4%EC%9D%B4%20%EB%88%84%EC%A0%81%20%EA%B4%80%EA%B3%84%EB%A5%BC%20%EC%A6%9D%EB%AA%85%ED%95%98%EB%8A%94%20%EC%88%9C%EA%B0%84%20281baa79eaae820482b001a17b7543de.md), TH-REF04-REL-01 · 추상 명제는 관계 행동으로 정산된다 (TH-REF04-REL-01%20%C2%B7%20%EC%B6%94%EC%83%81%20%EB%AA%85%EC%A0%9C%EB%8A%94%20%EA%B4%80%EA%B3%84%20%ED%96%89%EB%8F%99%EC%9C%BC%EB%A1%9C%20%EC%A0%95%EC%82%B0%EB%90%9C%EB%8B%A4%20c23baa79eaae822cb5140142f8937722.md), TH-REF08-REL-01 · 질문 난이도와 책임 이동이 협업 관계를 바꾼다 (TH-REF08-REL-01%20%C2%B7%20%EC%A7%88%EB%AC%B8%20%EB%82%9C%EC%9D%B4%EB%8F%84%EC%99%80%20%EC%B1%85%EC%9E%84%20%EC%9D%B4%EB%8F%99%EC%9D%B4%20%ED%98%91%EC%97%85%20%EA%B4%80%EA%B3%84%EB%A5%BC%20%EB%B0%94%EA%BE%BC%EB%8B%A4%20286baa79eaae832381a881b66d6579ea.md), TH-REF25-GRP-01 · 집단 결정은 이견과 책임을 보존한다 (TH-REF25-GRP-01%20%C2%B7%20%EC%A7%91%EB%8B%A8%20%EA%B2%B0%EC%A0%95%EC%9D%80%20%EC%9D%B4%EA%B2%AC%EA%B3%BC%20%EC%B1%85%EC%9E%84%EC%9D%84%20%EB%B3%B4%EC%A1%B4%ED%95%9C%EB%8B%A4%209debaa79eaae82349e15015bb07a71dc.md), TH-REF25-REL-01 · 집단의 적대와 개인의 길을 분리해 판단한다 (TH-REF25-REL-01%20%C2%B7%20%EC%A7%91%EB%8B%A8%EC%9D%98%20%EC%A0%81%EB%8C%80%EC%99%80%20%EA%B0%9C%EC%9D%B8%EC%9D%98%20%EA%B8%B8%EC%9D%84%20%EB%B6%84%EB%A6%AC%ED%95%B4%20%ED%8C%90%EB%8B%A8%ED%95%9C%EB%8B%A4%20a24baa79eaae83d6aea4015dda0c6051.md), TH-REF05-REL-01 · 위험한 비밀과 도덕 이견이 관계 권리를 바꾼다 (TH-REF05-REL-01%20%C2%B7%20%EC%9C%84%ED%97%98%ED%95%9C%20%EB%B9%84%EB%B0%80%EA%B3%BC%20%EB%8F%84%EB%8D%95%20%EC%9D%B4%EA%B2%AC%EC%9D%B4%20%EA%B4%80%EA%B3%84%20%EA%B6%8C%EB%A6%AC%EB%A5%BC%20%EB%B0%94%EA%BE%BC%EB%8B%A4%20fbabaa79eaae831a8e2d8104dcda3372.md), TH-REF18-REL-01 · 관계가 요청·응답·교환·가르침의 권한으로 자란다 (TH-REF18-REL-01%20%C2%B7%20%EA%B4%80%EA%B3%84%EA%B0%80%20%EC%9A%94%EC%B2%AD%C2%B7%EC%9D%91%EB%8B%B5%C2%B7%EA%B5%90%ED%99%98%C2%B7%EA%B0%80%EB%A5%B4%EC%B9%A8%EC%9D%98%20%EA%B6%8C%ED%95%9C%EC%9C%BC%EB%A1%9C%20%EC%9E%90%EB%9E%80%EB%8B%A4%205ddbaa79eaae82e69e760129c128c993.md), TH-REF26-GOV-01 · 무오류 약속 대신 상호 교정권을 주어 신뢰를 만든다 (TH-REF26-GOV-01%20%C2%B7%20%EB%AC%B4%EC%98%A4%EB%A5%98%20%EC%95%BD%EC%86%8D%20%EB%8C%80%EC%8B%A0%20%EC%83%81%ED%98%B8%20%EA%B5%90%EC%A0%95%EA%B6%8C%EC%9D%84%20%EC%A3%BC%EC%96%B4%20%EC%8B%A0%EB%A2%B0%EB%A5%BC%20%EB%A7%8C%EB%93%A0%EB%8B%A4%20a11baa79eaae832ba3180162bcb3c000.md)",장편 깊이 원리,조건부 생성 후보,,,,,,GTC-03,,"관계 변화는 친밀감 선언이 아니라 정보 공개 범위·재검증 요구·거부권·역할 분담·위험 분담·신체 접근 같은 실제 권리의 이동으로 기록한다. 권리를 얻는 쪽뿐 아니라 그 대가와 책임, 파열 시 회수되는 권리까지 추적한다.","- 두 인물에게 서로 다른 이해관계와 정보가 있다.
- 관계 변화가 정보 공개·검증 유예·거부권·역할·위험 분담 중 하나를 바꾼다.
- 새 권리에는 비용이나 책임이 붙는다.
- 이후 장면에서 그 권리가 행사되거나 거절·회수되는 장면을 추적할 수 있다.",,초기 정보·행동 권리 비대칭 → 작은 공개 또는 검증 유예 → 거부권·역할·위험 분담 시험 → 비용 발생 → 권리 유지·확대·회수 → 다음 공동 선택에서 재확인,V3.1 REF_MECHANISM_CARDS/MC-REL-01 · 신뢰를 정보·행동 권리로 갱신. 기존 21작품 장편 비교 자료는 보조 가설로만 유지.,No,골격,,,,,,19,,각 인물이 무엇을 결정할 자격과 능력을 가졌고 선택을 빼앗기면 어떤 손실이 생기는지 먼저 보여야 한다.
관찰자에서 타인에게 읽히는 사람으로 이동하기,,,장기 변화 카드로 범용화할 근거가 부족하다. 사용 중지 후 재작성 전까지 공용 적용 금지.,사용 중지,,"REF-16 1화, 277화, 549~551화 · 독자/관찰자에서 타인에게 읽히고 구원받는 사람으로의 변화",한 번의 고백으로 자기배제가 해소될 것. 기존 관찰자성이 사라져 전혀 다른 인물이 될 것.,캐릭터 구현,장기 회수형,,,성장이 능력 상승이 아니라 관계 안에서 구원받을 자격을 받아들이는 변화로 보인다.,2026년 8월 2일 오후 9:26,Yes,낮음,중간,타인의 이야기만 읽음 → 자신의 선택으로 이야기에 들어감 → 타인이 자신을 읽고 바꾸도록 허용함,Yes,,휴면,"정체성 변화, 자기배제, 참여, 피구원, 장기 성장",,,,원천별 카드,자동 적용 금지,주도 문법,돌봄을 물품·정보·점검으로 표현하는 비고백형 보호 (%EB%8F%8C%EB%B4%84%EC%9D%84%20%EB%AC%BC%ED%92%88%C2%B7%EC%A0%95%EB%B3%B4%C2%B7%EC%A0%90%EA%B2%80%EC%9C%BC%EB%A1%9C%20%ED%91%9C%ED%98%84%ED%95%98%EB%8A%94%20%EB%B9%84%EA%B3%A0%EB%B0%B1%ED%98%95%20%EB%B3%B4%ED%98%B8%20b03baa79eaae83b28de581ddcf437d9b.md),,,,SRC-B-C04,"갈등 심화기, 성장 누적기, 클라이맥스, 회수·보상기","타인의 이야기만 해석하던 인물이 사건에 개입하고, 후반에는 자신의 욕망과 상처도 타인이 읽고 선택할 수 있도록 허용한다.",인물이 자기 욕망을 구조적으로 뒤로 미루며 타인의 문제를 대신 해결해 온 장편.,"판타지, 현대판타지","초기에는 타인의 서사와 결말만 보고 자신의 빈자리는 보지 않는다 → 자기 고통을 이야기 진행에 필요한 비용으로 합리화한다 → 초기에는 자신을 제외한 해답을 고르고, 후기에는 타인의 개입을 거부하지 않는다 → 자기 욕망을 질문받으면 다른 사람이나 이야기로 화제를 돌린다 → 타인이 자립하면 안도와 서운함이 동시에 나타난다",참고작_초기파일럿6_재점검_판정인덱스_v3.json / 참고작_캐릭터카드_원천매핑_v2.json,No,"감정, 종결, 캐릭터",비고백형 돌봄 카드와 조합하면 타인만 읽던 인물이 도움을 받는 변화가 선명해진다.,,"늘 타인의 계획만 세우던 인물이 자신의 부상과 바람을 처음 공유하고, 도움을 거절하지 않는다.","현재 작품의 확정 캐릭터 문법, 관계 단계, 원문 선택과 충돌하면 조회만 하고 적용하지 않는다.",,20,"인지 필터: 초기에는 타인의 서사와 결말만 보고 자신의 빈자리는 보지 않는다.
해석 습관: 자기 고통을 이야기 진행에 필요한 비용으로 합리화한다.
가치 우선순위: 타인의 결말 > 자신의 지속, 이후에는 공동 결말로 재조정된다.
압박 속 선택: 초기에는 자신을 제외한 해답을 고르고, 후기에는 타인의 개입을 거부하지 않는다.
발화 방식: 자기 욕망을 질문받으면 다른 사람이나 이야기로 화제를 돌린다.
감정 누출: 타인이 자립하면 안도와 서운함이 동시에 나타난다.
관계별 변주: 읽는 사람, 쓰는 사람, 함께 싸운 사람이 각기 다른 방식으로 주인공을 해석한다.
고정 핵: 이야기를 포기하지 않는 태도는 유지된다.","반복된 자기희생, 타인이 주인공의 내면을 관찰한 흔적, 주인공이 도움을 거부한 사례."
GTC-01 · 반복 표지의 의미를 후반에 전환하기,MC-DLG-04 · 관계 누적에 따른 표현 기능 변화 (MC-DLG-04%20%C2%B7%20%EA%B4%80%EA%B3%84%20%EB%88%84%EC%A0%81%EC%97%90%20%EB%94%B0%EB%A5%B8%20%ED%91%9C%ED%98%84%20%EA%B8%B0%EB%8A%A5%20%EB%B3%80%ED%99%94%2056abaa79eaae8266a56f01328d5ed150.md),개정 필요,2026-07-31 REF 재정규화. 기존 REF-06·18·24 표기를 실제 근거 REF-18·19·24로 정정했다. 장편 원리의 범위를 모든 말·이름·수치·공간에서 관계 표현·발화 습관으로 축소했다. 단일 회차 A/B로 장기 효용을 검증할 수 없으므로 장기 검증 대기와 조건부 생성 후보 상태를 유지한다.,장기 검증 대기,,V3.1 직접 근거: REF-18·19·24 / MC-DLG-04의 증거 스레드 8건. 현재 직접 검증 범위는 관계 표현·발화 습관이며 사물·공간·수치 표지는 장기 재검증 대상.,"- 같은 문구나 농담을 반복 횟수만 늘려 상징으로 선언하지 않는다.
- 관계 변화의 근거 없이 적대 표현을 친밀한 표현으로 바꾸지 않는다.
- 의미 변화를 서술자가 설명문으로 확정하지 않는다.
- 안정된 캐릭터 목소리를 통째로 교체하지 않는다.
- 참고작의 호칭·욕설·관계 궤적을 복제하지 않는다.",회차 설계,,,,,2026년 8월 2일 오후 9:26,Yes,,,,Yes,M01,추출 후보,,,,,장편 깊이 원리,조건부 생성 후보,,,,,,GTC-01,,"장편에서 반복 표지는 동일 문구를 되풀이하는 장치가 아니다. 초기의 호칭·질문 습관·핀잔·침묵·반복 행동이 공동 사건과 관계 권리의 누적을 거치며 재등장·중단·역전·직접화 중 하나로 기능이 달라져야 한다. 안정된 목소리는 유지하고, 청자의 수용 의미와 뒤 행동을 변화시킨다.","- 초기 표지와 당시 발화 의도·청자 수용이 확인된다.
- 중간 회차에 공동 사건과 신뢰·빚·발화 권리 변화가 누적된다.
- 후반 재등장 뒤 수용 의미나 행동이 과거와 달라진다.
- 사물·공간·수치 표지로 확장할 때는 별도 직접 근거가 있다.",,초기 표지와 당시 수용 → 공동 사건과 관계 권리 누적 → 작은 수용 편차 → 재등장·중단·역전·직접화 → 뒤 행동으로 현재 기능 확정 → 초반 장면 재해석,V3.1 REF_MECHANISM_CARDS/MC-DLG-04 · 관계 누적에 따른 표현 기능 변화. 기존 21작품 장편 비교 자료는 보조 가설로만 유지.,No,표현,,,,,,21,,초기 의미가 명확하고 중간 반복마다 작은 문맥 차이가 있어야 한다.
애착을 분노와 잔소리로 우회하는 보호자,,,공용 캐릭터 카드로 재사용하지 않는다. 작품 고유 기록으로 환원한다. 초기 파일럿 6작품 재점검에서 범용 승격 근거 없음.,작품 고유 환원,,"REF-25 1화, 592~594화 · 문파 애착이 후회·분노·잔소리·전투 보완으로 나타나는 방식",모욕이나 폭언만 남고 실제 보호 선택이 없을 것. 상대의 판단권을 완전히 빼앗을 것.,캐릭터 구현,반복 누적형,즉시 반박하는 동료가 독주 본능을 현실로 되돌리기 (%EC%A6%89%EC%8B%9C%20%EB%B0%98%EB%B0%95%ED%95%98%EB%8A%94%20%EB%8F%99%EB%A3%8C%EA%B0%80%20%EB%8F%85%EC%A3%BC%20%EB%B3%B8%EB%8A%A5%EC%9D%84%20%ED%98%84%EC%8B%A4%EB%A1%9C%20%EB%90%98%EB%8F%8C%EB%A6%AC%EA%B8%B0%206b8baa79eaae82fe9db1010f9af528ac.md),즉시 반박하는 동료가 독주 본능을 현실로 되돌리기 (%EC%A6%89%EC%8B%9C%20%EB%B0%98%EB%B0%95%ED%95%98%EB%8A%94%20%EB%8F%99%EB%A3%8C%EA%B0%80%20%EB%8F%85%EC%A3%BC%20%EB%B3%B8%EB%8A%A5%EC%9D%84%20%ED%98%84%EC%8B%A4%EB%A1%9C%20%EB%90%98%EB%8F%8C%EB%A6%AC%EA%B8%B0%206b8baa79eaae82fe9db1010f9af528ac.md),"거친 태도와 깊은 애착이 동시에 보이며, 말보다 행동으로 관계 온도를 체감한다.",2026년 8월 2일 오후 9:26,Yes,중간,높음,일방적 보호 → 상대의 독립 판단을 인정하는 보호 → 책임을 나누는 동료 관계,Yes,,휴면,"보호욕, 감정 우회, 공격적 애정, 책임감",,,,원천별 카드,자동 적용 금지,주도·보조 모두,,,,,SRC-A-C01,"갈등 심화기, 관계 형성기, 초반 정착","직접적인 애정 고백이 인물의 자아상과 맞지 않을 때, 구체적인 위험 지적·잔소리·일을 대신 떠맡는 행동으로 애착을 드러낸다.",인물이 상대나 집단을 자기 책임 범위로 여기지만 다정한 언어를 자연스럽게 사용하지 않는 관계.,"무협, 판타지","상대가 다칠 가능성, 역할의 빈틈, 집단의 위험을 먼저 본다 → 타인의 실수를 개인적 불쾌감보다 보호 실패의 징후로 해석한다 → 화를 내면서도 가장 위험한 역할을 자신이 맡거나 즉시 보완한다 → 감정 명명 대신 구체적인 잘못과 해결 행동을 짧게 지적한다 → 평소보다 잔소리가 길어지거나, 상대가 무사한 뒤에야 공격적인 농담이 나온다",참고작_초기파일럿6_재점검_판정인덱스_v3.json / 참고작_캐릭터카드_원천매핑_v2.json,No,"감정, 캐릭터",보호 행동이 실제 역할 분담으로 이어지는 관계 카드와 조합. 거친 말투보다 책임 선택을 먼저 본다.,즉시 반박하는 동료가 독주 본능을 현실로 되돌리기 (%EC%A6%89%EC%8B%9C%20%EB%B0%98%EB%B0%95%ED%95%98%EB%8A%94%20%EB%8F%99%EB%A3%8C%EA%B0%80%20%EB%8F%85%EC%A3%BC%20%EB%B3%B8%EB%8A%A5%EC%9D%84%20%ED%98%84%EC%8B%A4%EB%A1%9C%20%EB%90%98%EB%8F%8C%EB%A6%AC%EA%B8%B0%206b8baa79eaae82fe9db1010f9af528ac.md),동료가 다친 뒤 “그걸 왜 네가 맞아.”라고 쏘아붙이면서 가장 위험한 역할을 자신이 맡는다.,"현재 작품의 확정 캐릭터 문법, 관계 단계, 원문 선택과 충돌하면 조회만 하고 적용하지 않는다.",,22,"인지 필터: 상대가 다칠 가능성, 역할의 빈틈, 집단의 위험을 먼저 본다.
해석 습관: 타인의 실수를 개인적 불쾌감보다 보호 실패의 징후로 해석한다.
가치 우선순위: 집단의 생존·지속 > 자신의 체면과 피로.
압박 속 선택: 화를 내면서도 가장 위험한 역할을 자신이 맡거나 즉시 보완한다.
발화 방식: 감정 명명 대신 구체적인 잘못과 해결 행동을 짧게 지적한다.
감정 누출: 평소보다 잔소리가 길어지거나, 상대가 무사한 뒤에야 공격적인 농담이 나온다.
관계별 변주: 후배에게는 지시와 잔소리, 동료에게는 즉시 반박과 역할 교환, 상급자에게는 불손한 실무 제안으로 나타난다.
고정 핵: 애착 대상이 무너지지 않도록 자신이 먼저 움직인다.",보호 행동이나 공동 위기 경험이 최소 한 차례 이상 존재해야 한다.
R-06 · 현대 비유·생활어의 세계 복귀 감사,,재검증 대기,반례 감사에서 확정된 정규화 수정 명세.,감사 전용,,,현대어 자체를 금지하거나 참고작의 고유 비유를 복제하지 않는다.,문장·호흡,,,,,2026년 8월 2일 오후 9:26,No,,,,Yes,F07,활성,,,,,감사 규칙,감사 전용,,,,,,R-06,,현대 비유·생활어 뒤에는 원래 세계의 제약과 실제 행동으로 복귀한다.,비유가 복잡성을 낮춘 뒤 시대·세계의 인과를 지우는지 감사할 때.,,,참고작_잔여15_반례변형적용한계_심층감사_http://v1.md,No,,,,,,,23,,
R-15 · 1인칭·자기합리화 분리 감사,,재검증 대기,반례 감사에서 확정된 정규화 수정 명세.,감사 전용,,,화자를 조롱하거나 모든 자기해석을 거짓으로 만들지 않는다.,캐릭터 구현,,,,,2026년 8월 2일 오후 9:26,No,,,,Yes,"F12, F14",활성,,,,,감사 규칙,감사 전용,,,,,,R-15,,자기해석·타인 해석·실제 결과를 분리하여 감사한다.,화자의 자기합리화가 작품의 최종 판정으로 굳었는지 검사할 때.,,,참고작_잔여15_반례변형적용한계_심층감사_http://v1.md,No,,,,,,,24,,
ENGINE-02 · 회차 파일럿·작동 기록 운영,,,운영 규칙 확정. 공용 카드의 실제 승격은 파일럿 결산 뒤에만 허용한다. F08·F11 및 장편 원리는 3~5화 미니 아크와 10~20화 누적 관찰 뒤 재판정한다.,운영 규칙 확정,,"3~5화 미니 아크 블라인드 검증, 연속 10~20화 실전 파일럿, 1~2화 보정, 3~10화 자연 발동 관찰, 결정적 선택 뒤 1~3회차 잔여 확인, 5화·10화·아크 종료 결산",고립 문장 A/B로 장편 효용을 확정하지 않는다. 여러 버전을 일상 작업에서 동시에 제시하지 않는다. 수정 없음이나 사용 횟수만으로 성공 판정하지 않는다. 모든 원리의 동일 횟수 표본을 강제하지 않는다. 원문 이탈이 있으면 다른 점수가 높아도 실패다.,회차 설계,,,,,2026년 8월 2일 오후 9:26,No,,,,Yes,,활성,,,,,실행 엔진,선택 엔진,,,,,,ENGINE-02,,"원리 사용 횟수가 아니라 NO_OP 정확성, 사용자 수정 이유, 원문 이탈, 과적용, 인물 목소리, 장면 연속성, 후속 행동, 장기 회수 결과를 회차·아크 단위로 기록해 KEEP / CONDITIONAL / AUDIT_ONLY / HOLD / REJECT / INSUFFICIENT로 결산한다.",실제 완성본 하나를 만드는 연속 파일럿에서 사용한다.,,회차 보존 잠금 → 장면별 카드 검토·NO_OP 기록 → WRITING_BLOCK과 완성본 1개 작성 → 감사 규칙 검사 → 사용자 수정 이유 코드 기록 → 회차 판정 → 결정적 선택 뒤 1~3화 추적 → 5화·10화·아크 종료 검토 → 승격·보류·감사 전용·폐기 결산,참고작_표현원리_파일럿운영규격_http://v1.md / 참고작_표현원리_회차작동기록양식_http://v1.md / 참고작_표현원리_작동기록스키마_v1.json / pilot_result_export_schema_v1.json / pilot_project_execution_guide_http://v1.md / 참고작_공용기법_장기검증설계_http://v1.md / 참고작_공용기법_AB시험_최종판정_http://v2.md / 참고작_공용기법_AB시험_판정인덱스_v2.json,No,,,,,,,25,,"회차 원문 범위와 확정 원고, 장면별 선택·미선택 결과, 사용한 카드 버전, 의미 있는 사용자 수정 이유, 다음 회차 후속 결과가 있어야 한다."
R-05 · 시스템·기록 프레임의 시야와 사각 감사,MC-KNW-01 · 지식 우위를 복수의 오답 모델로 검증 (MC-KNW-01%20%C2%B7%20%EC%A7%80%EC%8B%9D%20%EC%9A%B0%EC%9C%84%EB%A5%BC%20%EB%B3%B5%EC%88%98%EC%9D%98%20%EC%98%A4%EB%8B%B5%20%EB%AA%A8%EB%8D%B8%EB%A1%9C%20%EA%B2%80%EC%A6%9D%20ac9baa79eaae822693648180925c6a13.md),검증 중,"반례 감사에서 확정된 정규화 수정 명세. V3.1 원문 직접 대조 보강(MC-KNW-01): 기록 장치의 정확성과 인물의 해석 가능 범위를 분리하고, 장치 밖 정보와 실패 비용이 다음 판정을 바꾸는지 감사하는 근거를 보강했다. 적용 영수증은 아직 0건이며 생성 자동화·상태 승격은 하지 않는다.",감사 전용,,V3.1 직접 대조: REF-10·REF-22 (MC-KNW-01),정확한 장치를 거짓말쟁이로 만들거나 원문 규칙을 바꾸지 않는다.,설명·세계관,,,,,2026년 8월 2일 오후 9:26,No,,,,Yes,F09,활성,,,,,감사 규칙,감사 전용,,,,,,R-05,,정보 장치가 보여 주는 정보와 가리는 정보를 함께 기록한다.,상태창·기록·기사·연설·예지가 인물 판정을 대신하는지 감사할 때.,,,참고작_잔여15_반례변형적용한계_심층감사_http://v1.md / REF_MECHANISM_CARDS/MC-KNW-01,No,,,,,,,26,,
QAR-01 · 장르적 보상과 비용이 같은 원인에서 나오는지 점검하기,,재검증 대기,감사 전용 활성 규칙. 성취를 가짜로 만들거나 피해를 지우지 않고 같은 인과의 양면을 보존하는지 확인한다.,감사 전용,,M09 비교 결과. 강력한 교차 원리이나 생성 카드로 쓰면 원문에 없는 윤리 비용을 덧씌울 위험이 있어 감사 전용으로 제한.,초고 생성 중 사용 금지. 작품이 비판하지 않는 요소에 분석자의 윤리 판단을 새 사건으로 덧씌우지 않는다.,상업적 재미,,,,,2026년 8월 2일 오후 9:26,Yes,,,,Yes,M09,활성,,,,,감사 규칙,감사 전용,,,,,,QAR-01,,주인공의 강점이 만든 성취와 비용이 원문에서 실제로 같은 행동·제도에서 발생하는지 검사한다.,확정 전 품질 감사에서만 사용한다.,,,참고작_21작품_서술누적방식_비교매트릭스_v1.json / 참고작_공용기법_후보선별_http://v1.md,No,,,,,,,27,,
CTC-01 · 연기된 역할을 실제 생활의 역사로 굳히기,,재검증 대기,조건부 장편 후보. 위장·빙의·역할 정체성 전제가 없는 작품에서는 검색 결과에서 제외한다.,조건부 장편 후보,,5작품·5개 장르권 교차 검증. 정체성 전제가 있을 때만 조회.,모든 비밀 신분에 적용하거나 정체 공개 한 번으로 두 삶을 통합하거나 단순 위장을 과대해석하지 않는다.,캐릭터 구현,,,,,2026년 8월 2일 오후 9:26,Yes,,,,Yes,M03,추출 후보,,,,,장편 깊이 원리,조건부 생성 후보,,,,,,CTC-01,,생존이나 방어를 위한 역할이 몸의 습관·관계·책임·손실을 쌓으며 진짜/가짜로 나눌 수 없는 실제 생애가 되게 한다.,역할과 사적 자아 사이 실제 차이가 있고 그 역할로 쌓은 생활과 관계가 원문에 존재할 때.,,,참고작_21작품_서술누적방식_비교매트릭스_v1.json / 참고작_공용기법_후보선별_http://v1.md,No,,,,,,,28,,
GTC-05 · 저비용 생활 반복을 고비용 선택의 근거로 만들기,,재검증 대기,장기 검증 대기. 삭제해도 관계 이해가 같다면 누적 기법이 아니라 분위기 묘사다.,장기 검증 대기,,8작품·7개 장르권 교차 검증. 단일회차 A/B로 후반 회수 효용 판정 불가.,"의미 없는 일상 분량 확대, 죽일 인물을 위한 갑작스러운 일상 몰아넣기, 모든 반복의 복선화 금지.",회차 설계,,,,,2026년 8월 2일 오후 9:26,Yes,,,,Yes,M07,추출 후보,,,,,장편 깊이 원리,조건부 생성 후보,,,,,,GTC-05,,비용이 낮은 생활 행동을 반복해 훗날 큰 위험을 감수하는 선택이 그 관계와 장소에서 이미 자라왔음을 증명한다.,사건 사이에 반복해서 돌아갈 장소·사람·업무가 있고 반복이 현재 상태에 따라 조금씩 달라질 때.,,중립적 생활 반복 → 상대를 고려한 작은 변주 → 부재·중단으로 의미 노출 → 고비용 선택에서 같은 행동 원리 재사용,참고작_21작품_서술누적방식_비교매트릭스_v1.json / 참고작_공용기법_후보선별_http://v1.md / 참고작_공용기법_AB시험_최종판정_http://v2.md,No,감정,,,,,,29,,반복 장면이 인물마다 다른 행동과 감정을 포함하고 후반 선택과 같은 가치 판단을 공유해야 한다.
R-04 · 외부 시점의 독립 질문 감사,,재검증 대기,반례 감사에서 확정된 정규화 수정 명세.,감사 전용,,,원문에 없는 비판이나 반대자를 억지로 만들지 않는다.,장면 연출,,,,,2026년 8월 2일 오후 9:26,No,,,,Yes,F04,활성,,,,,감사 규칙,감사 전용,,,,,,R-04,,외부 시점에 주인공 인증 외의 독립 질문 또는 반대 비용을 최소 하나 보존한다.,외부·조연 시점이 규모 확대와 찬양만 수행하는지 감사할 때.,,,참고작_잔여15_반례변형적용한계_심층감사_http://v1.md,No,,,,,,,30,,
GTC-06 · 결정적 선택 뒤에도 오래된 잔여를 보존하기,MC-RES-01 · 강한 사건의 잔여를 후속 선택에서 검사 (MC-RES-01%20%C2%B7%20%EA%B0%95%ED%95%9C%20%EC%82%AC%EA%B1%B4%EC%9D%98%20%EC%9E%94%EC%97%AC%EB%A5%BC%20%ED%9B%84%EC%86%8D%20%EC%84%A0%ED%83%9D%EC%97%90%EC%84%9C%20%EA%B2%80%EC%82%AC%20d7fbaa79eaae8298b6da81e9e33f024f.md),검증 중,"2026-08-02 심층 보강 완료. MC-RES-01의 6개 REF·7개 스레드를 직접 연결하고, ‘잔여’를 감정량이 아니라 후속 선택의 비균일한 변화로 정의했다. 생성 자동화가 아닌 연속성 감사 전용 상태는 유지한다.",감사 전용,,17작품·16개 장르권 교차 검증. A/B 뒤 생성 후보에서 연속성 감사 후보로 이동. / V3.1 직접 대조: REF-02·REF-06·REF-10·REF-15·REF-17·REF-21 (MC-RES-01),"성장을 무효화하는 같은 실수 반복, 결함의 귀여운 버릇화, 원문의 확정 변화 되돌리기 금지.",캐릭터 구현,,,,,2026년 8월 2일 오후 9:26,Yes,,,결정적 선택=완전 초기화 → 변화와 오래된 잔여의 공존 → 후속 선택 비용,Yes,M08,추출 후보,,"결정적 선택이나 강한 사건 이후, 변화 전의 욕망·습관·불신·권력 차이·신체 반응 중 일부가 균일하게 사라지지 않고 후속 위험 판단·관계 거리·자원 우선순위·정당화 언어·행동 회피 중 하나에 실제 영향을 준다. 잔여는 같은 실수의 기계적 반복이 아니라 새 선택의 비용이나 마찰로 기능해야 한다.","강한 사건의 깊이는 감정 독백의 길이보다 이후 무엇이 달라졌고 무엇이 남았는지 분리하는 데서 나온다. 사건 전 판단선과 사건 후 선택을 비교하고, 잔여가 즉시 나타나는지 지연되어 나타나는지 확인한다. 잔여는 무기 회피·관계 거리·감시권·자원 배분·말투의 경직·신체 반응처럼 비언어적으로 남을 수 있다. 모든 인물이 같은 속도로 성장하거나 같은 교훈을 얻는 것으로 평탄화하지 않는다. 반대로 상업 리듬을 이유로 손실을 즉시 공략 정보나 보상으로만 환전하지 않는다. 원문에 후속 선택 변화가 없다면 새 죄책감·트라우마·관계 균열을 추가하지 않고 감사 결과만 남긴다.","TH-REF01-RES-01 · 살해 잔여가 보상 리듬에 눌리는 반례 (TH-REF01-RES-01%20%C2%B7%20%EC%82%B4%ED%95%B4%20%EC%9E%94%EC%97%AC%EA%B0%80%20%EB%B3%B4%EC%83%81%20%EB%A6%AC%EB%93%AC%EC%97%90%20%EB%88%8C%EB%A6%AC%EB%8A%94%20%EB%B0%98%EB%A1%80%20353baa79eaae82938f4701e6c29b5235.md), TH-REF04-RES-01 · 누적 밀도가 현재 장면을 가릴 수 있다 (TH-REF04-RES-01%20%C2%B7%20%EB%88%84%EC%A0%81%20%EB%B0%80%EB%8F%84%EA%B0%80%20%ED%98%84%EC%9E%AC%20%EC%9E%A5%EB%A9%B4%EC%9D%84%20%EA%B0%80%EB%A6%B4%20%EC%88%98%20%EC%9E%88%EB%8B%A4%20688baa79eaae821a8e2c0192f33b397f.md), TH-REF08-RES-01 · 제도 성공은 비용을 진 사람을 가릴 수 있다 (TH-REF08-RES-01%20%C2%B7%20%EC%A0%9C%EB%8F%84%20%EC%84%B1%EA%B3%B5%EC%9D%80%20%EB%B9%84%EC%9A%A9%EC%9D%84%20%EC%A7%84%20%EC%82%AC%EB%9E%8C%EC%9D%84%20%EA%B0%80%EB%A6%B4%20%EC%88%98%20%EC%9E%88%EB%8B%A4%20d28baa79eaae83c8ae7d0169ab542c3b.md), TH-REF25-DLG-01 · 자의식과 현실의 어긋남이 인물형 유머를 만든다 (TH-REF25-DLG-01%20%C2%B7%20%EC%9E%90%EC%9D%98%EC%8B%9D%EA%B3%BC%20%ED%98%84%EC%8B%A4%EC%9D%98%20%EC%96%B4%EA%B8%8B%EB%82%A8%EC%9D%B4%20%EC%9D%B8%EB%AC%BC%ED%98%95%20%EC%9C%A0%EB%A8%B8%EB%A5%BC%20%EB%A7%8C%EB%93%A0%EB%8B%A4%20d2cbaa79eaae8345a317811df42b0365.md), TH-REF25-ORG-01 · 한 사람의 방식이 집단의 판단 언어로 변형된다 (TH-REF25-ORG-01%20%C2%B7%20%ED%95%9C%20%EC%82%AC%EB%9E%8C%EC%9D%98%20%EB%B0%A9%EC%8B%9D%EC%9D%B4%20%EC%A7%91%EB%8B%A8%EC%9D%98%20%ED%8C%90%EB%8B%A8%20%EC%96%B8%EC%96%B4%EB%A1%9C%20%EB%B3%80%ED%98%95%EB%90%9C%EB%8B%A4%20888baa79eaae839d818381549a35dfd8.md), TH-REF05-RES-01 · 실패·이탈·손실이 다음 집단 선택에 남는다 (TH-REF05-RES-01%20%C2%B7%20%EC%8B%A4%ED%8C%A8%C2%B7%EC%9D%B4%ED%83%88%C2%B7%EC%86%90%EC%8B%A4%EC%9D%B4%20%EB%8B%A4%EC%9D%8C%20%EC%A7%91%EB%8B%A8%20%EC%84%A0%ED%83%9D%EC%97%90%20%EB%82%A8%EB%8A%94%EB%8B%A4%2074fbaa79eaae832aa74c010657992348.md), TH-REF18-CHR-01 · 감정 선언 없이 약속·변호·꺼림칙함이 누적된다 (TH-REF18-CHR-01%20%C2%B7%20%EA%B0%90%EC%A0%95%20%EC%84%A0%EC%96%B8%20%EC%97%86%EC%9D%B4%20%EC%95%BD%EC%86%8D%C2%B7%EB%B3%80%ED%98%B8%C2%B7%EA%BA%BC%EB%A6%BC%EC%B9%99%ED%95%A8%EC%9D%B4%20%EB%88%84%EC%A0%81%EB%90%9C%EB%8B%A4%20280baa79eaae838f893d015c8e7a3197.md)",장편 깊이 원리,감사 전용,,,,,,GTC-06,,중요한 선택 뒤에도 기존 욕망·습관·말투·권력 차이 일부를 남겨 변화와 동일성을 동시에 유지한다.,변화 전 핵심 습관과 욕망이 충분히 누적됐고 결정적 선택이 그 전부를 부정하지 않을 때.,,기존 규칙 → 누적된 예외 → 결정적 선택 → 즉시 효과 → 옛 습관 재출현 또는 새 방식과 마찰 → 다음 선택 과제,참고작_21작품_서술누적방식_비교매트릭스_v1.json / 참고작_공용기법_후보선별_http://v1.md / 참고작_공용기법_AB시험_최종판정_http://v2.md / REF_MECHANISM_CARDS/MC-RES-01,No,캐릭터,,,,"발동 중단: 반복 업무의 의도적 무감각, 원문에 후속 변화 없음, 잔여를 같은 실수 반복이나 귀여운 버릇으로 소비, 손실을 즉시 정보·보상으로만 환전",,31,,무엇이 변했고 무엇이 남는지 분리하고 잔여가 후속 선택에 실제 영향을 줘야 한다.
R-02 · 주변 반응의 독립 판정 감사,MC-CHR-02 · 영향의 전승을 말투가 아닌 판단권으로 증명 (MC-CHR-02%20%C2%B7%20%EC%98%81%ED%96%A5%EC%9D%98%20%EC%A0%84%EC%8A%B9%EC%9D%84%20%EB%A7%90%ED%88%AC%EA%B0%80%20%EC%95%84%EB%8B%8C%20%ED%8C%90%EB%8B%A8%EA%B6%8C%EC%9C%BC%EB%A1%9C%20%EC%A6%9D%EB%AA%85%209eabaa79eaae83ce98e301cf576763a7.md),검증 중,반례 감사에서 확정된 정규화 수정 명세. V3.1 원문 직접 대조 보강(MC-CHR-02 · MC-GRP-01): 주변 반응의 독립성은 각자의 판단 기준뿐 아니라 공동 선택에서의 이견·수정권·실행권·이탈 비용으로 감사한다는 근거를 보강했다. 적용 영수증은 아직 0건이며 생성 자동화·상태 승격은 하지 않는다.,감사 전용,,V3.1 직접 대조: REF-05·REF-07·REF-08·REF-09·REF-13·REF-16·REF-25 (MC-CHR-02 · MC-GRP-01),반응 다양화를 위해 원문에 없는 인물이나 전문성을 추가하지 않는다.,캐릭터 구현,,,,,2026년 8월 2일 오후 9:26,No,,,,Yes,"F01, F04",활성,,,,,감사 규칙,감사 전용,,,,,,R-02,,반응 인물 수가 아니라 각 인물의 판정 기준·이해관계·후속 행동을 기록한다.,주변 인물 반응이 주인공 인증 합창으로 평준화됐는지 감사할 때.,,,참고작_잔여15_반례변형적용한계_심층감사_http://v1.md / REF_MECHANISM_CARDS/MC-CHR-02; REF_MECHANISM_CARDS/MC-GRP-01,No,,,,,,,32,,
R-09 · 창작·재능의 이중 증명 감사,,재검증 대기,반례 감사에서 확정된 정규화 수정 명세.,감사 전용,,,원문보다 효능·시장 반응을 확대하거나 전문가를 칭찬 기능으로 만들지 않는다.,상업적 재미,,,,,2026년 8월 2일 오후 9:26,No,,,,Yes,"F01, F15",활성,,,,,감사 규칙,감사 전용,,,,,,R-09,,몸·기술의 변화와 현장·시장·팀의 결정 변화를 분리해 제시한다.,재능·상품·기술을 감탄과 등급만으로 증명했는지 감사할 때.,,,참고작_잔여15_반례변형적용한계_심층감사_http://v1.md,No,,,,,,,33,,
R-14 · 압도적 능력의 조건·책임 감사,,재검증 대기,반례 감사에서 확정된 정규화 수정 명세.,감사 전용,,,긴장을 위해 새 면역·새 피해 가능성·새 조건을 임의 추가하지 않는다.,장면 연출,,,,,2026년 8월 2일 오후 9:26,No,,,,Yes,F13,활성,,,,,감사 규칙,감사 전용,,,,,,R-14,,결과보다 사용 전 조건 판정과 사용 후 책임을 장면의 본체로 구성한다.,강한 능력이 갈등을 한 줄로 삭제하는지 감사할 때.,,,참고작_잔여15_반례변형적용한계_심층감사_http://v1.md,No,,,,,,,34,,
ENGINE-01 · 장면 원리 선택 엔진,,,운영 규칙 확정. 기본값 NO_OP. 장면 문제를 먼저 진단하고 현재 원문·정사·정보 공개 순서·인물 지식·관계 권리를 고정한 뒤 필요한 카드만 0~3개 조회한다. 선택 결과는 원고에 직접 노출하지 않고 임시 WRITING_BLOCK과 작동 기록에만 남긴다.,운영 규칙 확정,,"F01~F16 실제 각색 연결 패키지, 25작품 정규화본·레지스트리·실전조회표·장르 독자체험 문법·매핑 매트릭스, 장면 작동 패턴 재구성. 장면마다 0~3개, 주원리 최대 1개, NO_OP 허용.",장르명·카드명만으로 발동하지 않는다. 사용 횟수를 성과로 보지 않는다. 원문에 없는 사건·감정·관계·전문성·상징·윤리 원칙을 만들지 않는다. 카드 문구나 참고작의 표면 문체를 복제하지 않는다. 감사 규칙을 생성 근거로 사용하지 않는다.,장면 연출,,,,,2026년 8월 2일 오후 9:26,No,,,,Yes,,활성,,,,,실행 엔진,선택 엔진,,,,,,ENGINE-01,,"현재 장면의 실제 결함을 먼저 진단한 뒤, 원문에 이미 존재하는 사실을 더 정확히 체험시키는 데 필요한 카드만 선택한다. 선택 카드는 속성 목록으로 복사하지 않고 장면 목적·표면 진행·인물별 역할·독자 추론·허용 권한·금지·완료 조건을 가진 임시 WRITING_BLOCK으로 변환한다.",원고 작성 전 장면별 내부 선택 단계에서 사용한다.,,프로젝트 바인딩 검증 → 원문·정사·용어·정보 공개 순서 잠금 → 장면 문제 진단 → NO_OP 또는 주원리 0~1개·보조 0~2개 조회 → WRITING_BLOCK 변환 → 초고 1개 작성 → QAR·R 감사 → 작동 기록,참고작_25작품_최종표현원리_정규화본_http://v1.md / 참고작_25작품_최종표현원리_레지스트리_v1.json / 참고작_최종표현원리_실전조회표_http://v1.md / 참고작_실제각색연결_원리선택엔진_http://v1.md / 참고작_실제각색연결_원리선택규칙_v1.json / 참고작_25작품_장르하위장르_독자체험문법_http://v1.md / 참고작_25작품_장르하위장르_매핑매트릭스_v1.json / 25작품_참고작원본-각색V2_소실감사_http://v1.md,No,,,,,,,35,,"PROJECT_TITLE·PROJECT_CODE·ORIGINAL_TITLE·SOURCE_FILE·NOTION_ROOT·PROJECT_ROOT_PAGE_ID·COMMON_TECHNIQUE_DATA_SOURCE_ID가 검증되고, 표면 사건·종료 변화·인물 목적과 지식·관계 결정권·원문 증거·회차 분량 관문이 고정되어야 한다."
R-11 · 반복 누적의 기능 변화 감사,"MC-DLG-04 · 관계 누적에 따른 표현 기능 변화 (MC-DLG-04%20%C2%B7%20%EA%B4%80%EA%B3%84%20%EB%88%84%EC%A0%81%EC%97%90%20%EB%94%B0%EB%A5%B8%20%ED%91%9C%ED%98%84%20%EA%B8%B0%EB%8A%A5%20%EB%B3%80%ED%99%94%2056abaa79eaae8266a56f01328d5ed150.md), MC-DLG-01 · 발화 의도와 수용 의미 분리 (MC-DLG-01%20%C2%B7%20%EB%B0%9C%ED%99%94%20%EC%9D%98%EB%8F%84%EC%99%80%20%EC%88%98%EC%9A%A9%20%EC%9D%98%EB%AF%B8%20%EB%B6%84%EB%A6%AC%20f7bbaa79eaae83d0a9e4019cbfec6a9c.md)",검증 중,"반례 감사에서 확정된 정규화 수정 명세. V3.1 원문 직접 대조 보강(MC-DLG-04): 반복되는 호칭·농담·적대 표현은 관계 이력에 따라 허용 범위와 수용 의미가 달라지는지, 목소리 자체는 연속되는지 함께 감사한다는 근거를 보강했다. 적용 영수증은 아직 0건이며 생성 자동화·상태 승격은 하지 않는다.",감사 전용,,V3.1 직접 대조: REF-06·REF-18·REF-24 (MC-DLG-04),원문에 없는 상징을 심거나 후반 의미를 초반 의도로 소급하지 않는다.,회차 설계,,,,,2026년 8월 2일 오후 9:26,No,,,,Yes,F08,활성,,,,,감사 규칙,감사 전용,,,,,,R-11,,문장·사물뿐 아니라 호칭·조직 기능·생활 습관의 기능 변화를 추적한다.,반복 횟수만 늘고 선택·책임·관계 기능이 달라지지 않는지 감사할 때.,,,참고작_잔여15_반례변형적용한계_심층감사_http://v1.md / REF_MECHANISM_CARDS/MC-DLG-04,No,,,,,,,36,,
R-12 · 인물별 충분한 답 감사,"MC-DLG-01 · 발화 의도와 수용 의미 분리 (MC-DLG-01%20%C2%B7%20%EB%B0%9C%ED%99%94%20%EC%9D%98%EB%8F%84%EC%99%80%20%EC%88%98%EC%9A%A9%20%EC%9D%98%EB%AF%B8%20%EB%B6%84%EB%A6%AC%20f7bbaa79eaae83d0a9e4019cbfec6a9c.md), MC-DLG-03 · 청자의 재분류가 대화를 전진시키기 (MC-DLG-03%20%C2%B7%20%EC%B2%AD%EC%9E%90%EC%9D%98%20%EC%9E%AC%EB%B6%84%EB%A5%98%EA%B0%80%20%EB%8C%80%ED%99%94%EB%A5%BC%20%EC%A0%84%EC%A7%84%EC%8B%9C%ED%82%A4%EA%B8%B0%203dabaa79eaae83489ee101d22e82a7d7.md), MC-DLG-05 · 발화와 비언어 정산의 결합 (MC-DLG-05%20%C2%B7%20%EB%B0%9C%ED%99%94%EC%99%80%20%EB%B9%84%EC%96%B8%EC%96%B4%20%EC%A0%95%EC%82%B0%EC%9D%98%20%EA%B2%B0%ED%95%A9%2015cbaa79eaae82ad8b46819456450477.md)",검증 중,"반례 감사에서 확정된 정규화 수정 명세. V3.1 원문 직접 대조 보강(MC-DLG-01 · MC-DLG-03 · MC-DLG-05): 충분한 답 감사에 발화 의도와 수용 의미의 차이, 질문자가 허용하는 답의 범위, 비언어 반응이 정보·거리·책임을 실제로 바꾸는지를 추가했다. 적용 영수증은 아직 0건이며 생성 자동화·상태 승격은 하지 않는다.",감사 전용,,V3.1 직접 대조: REF-01·REF-04·REF-06·REF-11·REF-14·REF-18·REF-19·REF-21·REF-24 (MC-DLG-01 · MC-DLG-03 · MC-DLG-05),차이를 만들기 위해 지능·성격을 과장하거나 의례 응답을 억지로 개성화하지 않는다.,관계·대화,,,,,2026년 8월 2일 오후 9:26,No,,,,Yes,"F02, F16",활성,,,,,감사 규칙,감사 전용,,,,,,R-12,,말투보다 무엇을 증거와 충분한 답으로 인정하는지 기록한다.,인물 목소리가 어미·감탄사만 다르고 판단 단위가 같은지 감사할 때.,,,참고작_잔여15_반례변형적용한계_심층감사_http://v1.md / REF_MECHANISM_CARDS/MC-DLG-01; REF_MECHANISM_CARDS/MC-DLG-03; REF_MECHANISM_CARDS/MC-DLG-05,No,,,,,,,37,,
F10 · 조직의 번역 연쇄,"MC-ORG-01 · 아이디어를 타인의 이해와 책임으로 번역 (MC-ORG-01%20%C2%B7%20%EC%95%84%EC%9D%B4%EB%94%94%EC%96%B4%EB%A5%BC%20%ED%83%80%EC%9D%B8%EC%9D%98%20%EC%9D%B4%ED%95%B4%EC%99%80%20%EC%B1%85%EC%9E%84%EC%9C%BC%EB%A1%9C%20%EB%B2%88%EC%97%AD%20c0dbaa79eaae82388d2681b28584c467.md), MC-GRP-01 · 집단 결정을 이견·권한·비용 이동으로 기록 (MC-GRP-01%20%C2%B7%20%EC%A7%91%EB%8B%A8%20%EA%B2%B0%EC%A0%95%EC%9D%84%20%EC%9D%B4%EA%B2%AC%C2%B7%EA%B6%8C%ED%95%9C%C2%B7%EB%B9%84%EC%9A%A9%20%EC%9D%B4%EB%8F%99%EC%9C%BC%EB%A1%9C%20%EA%B8%B0%EB%A1%9D%20051baa79eaae830684248184419955de.md)",현행 유지,"2026-08-02 REF-26 보강. 기존 REF-05·08·16·25 근거에, 지휘자가 시간·안전·조율 제약을 인수해 전문가의 작업권을 보호하고 성공 뒤 생산·동선·인력 병목까지 책임지는 사례와, 다중 세력을 각자의 권위·검증·안전 기준으로 순차 전환하는 사례를 추가했다. REF-26는 90/400화 분석 단계이므로 기존 카드의 보조 근거로만 사용한다.",정규화 완료·현장 검증 대기,,"V3.1 직접 근거: REF-05·08·16·25의 조직·집단 스레드 7건 + REF-26 ORG-01·GRP-01 보조 스레드. 제안 번역·이견·권한·비용 이동뿐 아니라 외부 제약 인수, 결과물의 생산·접근·동선·인력 병목, 세력별 검증 기준의 차이를 확인.","- 발언자 수나 직군별 전문 용어만 늘려 다중 판단처럼 보이게 하지 않는다.
- 모든 반론이 주인공의 천재성을 설명하는 질문으로 수렴하게 하지 않는다.
- 반대자를 결론 직후 지우거나, 위임 뒤에도 모든 판단을 제안자에게 되돌리지 않는다.
- 긴급 전투 명령이나 이미 확립된 반복 절차에 불필요한 회의와 이견을 추가하지 않는다.
- 원문에 없는 직군·제도·실행 절차를 만들지 않는다.",장면 연출,,,,조직과 팀을 주인공의 손발이 아니라 독립된 지식과 책임을 가진 공동 창작·실행 주체로 보이게 한다.,2026년 8월 2일 오후 9:26,Yes,,,,Yes,"R-03, R-10",추출 후보,층=장면 설계 / 발동 증상=조직이 주인공 지시 복제 / 필수 증거=직군별 다른 책임과 결과물 수정,"참여자의 질문·반론·수정·제약 인수 중 하나가 계획·비용·권한·시행 순서·접근성 중 최소 하나를 실제로 바꾸고, 결론 뒤 실행자·수정권자·비용 담당자 또는 검증 주체 중 최소 둘이 남는다. 조직 또는 여러 세력의 후속 행동이 달라져야 하며, 발언자 수만 늘어난 경우는 완료로 보지 않는다.","조직 장면의 깊이는 참여자 수나 전문 용어 수가 아니라, 각 사람이 서로 다른 손실·권한·책임을 들고 들어와 최종안과 실행 구조에 흔적을 남기는 데서 생긴다. 제안자는 목적과 맹점을 제시하고, 수용자는 자기 역할에서 질문·거부·수정을 하며, 그 결과 계획·비용·시행 순서·허용 범위 중 하나가 바뀌어야 한다. 지휘자가 전문가를 보호하는 장면에서는 ‘믿고 맡긴다’는 말이 아니라 시간·평판·안전·조율·자원 같은 외부 제약을 실제로 인수하고, 성공 뒤에도 생산·접근·동선·보완 인력의 병목을 책임지는지 본다. 다중 세력은 하나의 연설로 설득하지 않고 각자의 권위·검증 도구·안전 우려를 원문에 존재하는 범위에서 따로 처리한다. 새 조직·직군·제도·절차를 만들어 완성하지 않으며, 긴급 명령이나 이미 확립된 반복 절차에는 불필요한 이견을 추가하지 않는다.","TH-REF08-ORG-01 · 아이디어가 타인의 이해를 거쳐 제도가 된다 (TH-REF08-ORG-01%20%C2%B7%20%EC%95%84%EC%9D%B4%EB%94%94%EC%96%B4%EA%B0%80%20%ED%83%80%EC%9D%B8%EC%9D%98%20%EC%9D%B4%ED%95%B4%EB%A5%BC%20%EA%B1%B0%EC%B3%90%20%EC%A0%9C%EB%8F%84%EA%B0%80%20%EB%90%9C%EB%8B%A4%206bebaa79eaae82e7860e015d30d6dbcf.md), TH-REF08-REL-01 · 질문 난이도와 책임 이동이 협업 관계를 바꾼다 (TH-REF08-REL-01%20%C2%B7%20%EC%A7%88%EB%AC%B8%20%EB%82%9C%EC%9D%B4%EB%8F%84%EC%99%80%20%EC%B1%85%EC%9E%84%20%EC%9D%B4%EB%8F%99%EC%9D%B4%20%ED%98%91%EC%97%85%20%EA%B4%80%EA%B3%84%EB%A5%BC%20%EB%B0%94%EA%BE%BC%EB%8B%A4%20286baa79eaae832381a881b66d6579ea.md), TH-REF25-GRP-01 · 집단 결정은 이견과 책임을 보존한다 (TH-REF25-GRP-01%20%C2%B7%20%EC%A7%91%EB%8B%A8%20%EA%B2%B0%EC%A0%95%EC%9D%80%20%EC%9D%B4%EA%B2%AC%EA%B3%BC%20%EC%B1%85%EC%9E%84%EC%9D%84%20%EB%B3%B4%EC%A1%B4%ED%95%9C%EB%8B%A4%209debaa79eaae82349e15015bb07a71dc.md), TH-REF25-ORG-01 · 한 사람의 방식이 집단의 판단 언어로 변형된다 (TH-REF25-ORG-01%20%C2%B7%20%ED%95%9C%20%EC%82%AC%EB%9E%8C%EC%9D%98%20%EB%B0%A9%EC%8B%9D%EC%9D%B4%20%EC%A7%91%EB%8B%A8%EC%9D%98%20%ED%8C%90%EB%8B%A8%20%EC%96%B8%EC%96%B4%EB%A1%9C%20%EB%B3%80%ED%98%95%EB%90%9C%EB%8B%A4%20888baa79eaae839d818381549a35dfd8.md), TH-REF05-GRP-01 · 역할 분담이 자원·안전·발언권으로 변한다 (TH-REF05-GRP-01%20%C2%B7%20%EC%97%AD%ED%95%A0%20%EB%B6%84%EB%8B%B4%EC%9D%B4%20%EC%9E%90%EC%9B%90%C2%B7%EC%95%88%EC%A0%84%C2%B7%EB%B0%9C%EC%96%B8%EA%B6%8C%EC%9C%BC%EB%A1%9C%20%EB%B3%80%ED%95%9C%EB%8B%A4%2062bbaa79eaae82b1847f813bda15db84.md), TH-REF05-RES-01 · 실패·이탈·손실이 다음 집단 선택에 남는다 (TH-REF05-RES-01%20%C2%B7%20%EC%8B%A4%ED%8C%A8%C2%B7%EC%9D%B4%ED%83%88%C2%B7%EC%86%90%EC%8B%A4%EC%9D%B4%20%EB%8B%A4%EC%9D%8C%20%EC%A7%91%EB%8B%A8%20%EC%84%A0%ED%83%9D%EC%97%90%20%EB%82%A8%EB%8A%94%EB%8B%A4%2074fbaa79eaae832aa74c010657992348.md), TH-REF16-GRP-01 · 집단이 부재한 사람을 왜곡 가능성째 복원한다 (TH-REF16-GRP-01%20%C2%B7%20%EC%A7%91%EB%8B%A8%EC%9D%B4%20%EB%B6%80%EC%9E%AC%ED%95%9C%20%EC%82%AC%EB%9E%8C%EC%9D%84%20%EC%99%9C%EA%B3%A1%20%EA%B0%80%EB%8A%A5%EC%84%B1%EC%A7%B8%20%EB%B3%B5%EC%9B%90%ED%95%9C%EB%8B%A4%206bdbaa79eaae83ff96400108887b9ed0.md), TH-REF26-ORG-01 · 지휘자가 외부 제약을 인수해 전문가를 핵심 과업에 고립시킨다 (TH-REF26-ORG-01%20%C2%B7%20%EC%A7%80%ED%9C%98%EC%9E%90%EA%B0%80%20%EC%99%B8%EB%B6%80%20%EC%A0%9C%EC%95%BD%EC%9D%84%20%EC%9D%B8%EC%88%98%ED%95%B4%20%EC%A0%84%EB%AC%B8%EA%B0%80%EB%A5%BC%20%ED%95%B5%EC%8B%AC%20%EA%B3%BC%EC%97%85%EC%97%90%20%EA%B3%A0%EB%A6%BD%EC%8B%9C%ED%82%A8%2080cbaa79eaae8235b0e601182e46cb7e.md), TH-REF26-GRP-01 · 다중 세력은 각자의 권위와 검증 도구를 차례로 전환해 움직인다 (TH-REF26-GRP-01%20%C2%B7%20%EB%8B%A4%EC%A4%91%20%EC%84%B8%EB%A0%A5%EC%9D%80%20%EA%B0%81%EC%9E%90%EC%9D%98%20%EA%B6%8C%EC%9C%84%EC%99%80%20%EA%B2%80%EC%A6%9D%20%EB%8F%84%EA%B5%AC%EB%A5%BC%20%EC%B0%A8%EB%A1%80%EB%A1%9C%20%EC%A0%84%ED%99%98%ED%95%B4%20%EC%9B%80%EC%A7%81%20bcfbaa79eaae82a8b9b401515bca5484.md)",표현·장면 원리,조건부 생성 후보,,,,,,F10,,"제안·명령·아이디어는 발화 순간 조직의 것이 되지 않는다. 수용자가 자기 지식·이해관계·위험에서 질문하거나 수정하고, 각 발언과 행동이 기준·정보·권리·비용 중 하나를 바꾸게 한다. 결론 뒤에는 실행자·수정권자·비용 담당자 중 최소 둘이 실제 역할로 남아야 한다.","- 제안자와 수용자의 지식·권한·위험이 다르다.
- 수용자의 질문·반론·수정이 계획·비용·시행 순서·허용 범위 중 하나를 바꾼다.
- 실행 권한과 실패 책임 또는 사후 수정권이 실제로 이전된다.
- 결정 뒤 실행·보고·재협상 장면을 추적할 수 있다.",,제안자의 목적과 맹점 → 수용자의 역할별 질문·이견 → 계획·비용·권한 변화 → 실행자와 수정권자 지정 → 실행 결과와 실패 책임 → 보고·재협상 또는 남은 병목,V3.1 REF_MECHANISM_CARDS/MC-ORG-01 · 아이디어를 타인의 이해와 책임으로 번역; MC-GRP-01 · 집단 결정을 이견·권한·비용 이동으로 기록. 기존 25작품 정규화본은 보조 가설로만 유지.,No,,권장 조합: F03,,"주인공이 방향만 제안하자 현장 책임자가 비용 때문에 순서를 바꾸고, 다른 인물이 안전 기준을 조건으로 붙인다. 최종안에는 실행자와 중단 권한자가 따로 남고, 다음 장면에서 그들이 결과를 보고한다.",발동 중단: 실제 단독 작업,,38,,"- 참여자마다 다른 전문성·책임·실패 가능성이 있다.
- 반론이나 번역이 결과물에 흔적을 남긴다.
- 결과의 기여와 남은 문제를 확인할 수 있다."
F13 · 압도적 능력의 조건화,,재검증 대기,"정규화 완료·현장 검증 대기. 실제 각색 장기 검증 전이며 자동 발동 금지. 장면 패킷과 원문 증거를 먼저 확정하고 0~3개만 검토한다. 주원리 최대 1개, NO_OP 허용.",정규화 완료·현장 검증 대기,,25작품: 핵심 10작품 대표 장면 67건 + 잔여 15작품 반례·변형 45건,"- 원문 능력의 조건과 한계를 임의로 추가·삭제하지 않는다.
- 긴장을 만들기 위해 원문에 없는 무고한 피해 가능성을 새로 만들지 않는다.
- 주인공의 성공을 후폭풍으로 억지 처벌하지 않는다.
비발동: 조건 누적 완료된 순수 보상",장면 연출,,,,"즉사·예지·회귀·만능 능력이 갈등을 삭제하지 않고, 판단과 책임의 긴장을 새로 만들게 한다.",2026년 8월 2일 오후 9:26,Yes,,,,Yes,R-14,추출 후보,층=장면 설계 / 발동 증상=능력이 갈등 한 줄 삭제 / 필수 증거=대상·거리·횟수·정보·후폭풍 조건,,,,표현·장면 원리,조건부 생성 후보,,,,,,F13,,"강한 능력일수록 결과의 규모를 반복하지 말고, 올바른 대상·순간·조건을 판정하는 과정과 사용 뒤 책임을 장면의 본체로 만든다.","- 능력에 대상·거리·횟수·대가·정보·후폭풍 중 하나의 실제 조건이 있다.
- 잘못 사용했을 때 생기는 피해가 존재한다.
- 사용 전 판정과 사용 후 선택이 인물성을 드러낸다.",,능력으로 해결할 수 있는 표면 문제 → 올바른 사용을 막는 정보 빈칸 → 증거 확보·대상 분류 → 사용 순간은 짧게 → 즉각 결과 → 후폭풍·책임·다음 제한,참고작_25작품_최종표현원리_정규화본_http://v1.md / 참고작_잔여15_반례변형적용한계_심층감사_http://v1.md,No,,권장 조합: F09,,"- 능력이 매번 한 줄로 적을 제거하고 끝난다.
- 새 적이 나올 때마다 면역을 붙여 긴장을 억지로 복구한다.
- 주인공이 모든 조건을 처음부터 완벽하게 알고 실수하지 않는다.",발동 중단: 조건 누적 완료된 순수 보상,,39,,"- 능력에 대상·거리·횟수·대가·정보·후폭풍 중 하나의 실제 조건이 있다.
- 잘못 사용했을 때 생기는 피해가 존재한다.
- 사용 전 판정과 사용 후 선택이 인물성을 드러낸다."
GTC-02 · 정확한 정보와 해석 가능한 범위를 분리하기,MC-KNW-01 · 지식 우위를 복수의 오답 모델로 검증 (MC-KNW-01%20%C2%B7%20%EC%A7%80%EC%8B%9D%20%EC%9A%B0%EC%9C%84%EB%A5%BC%20%EB%B3%B5%EC%88%98%EC%9D%98%20%EC%98%A4%EB%8B%B5%20%EB%AA%A8%EB%8D%B8%EB%A1%9C%20%EA%B2%80%EC%A6%9D%20ac9baa79eaae822693648180925c6a13.md),개정 필요,2026-07-31 REF 재정규화. 기존 REF-10·22 표기를 실제 근거 REF-05·16으로 정정했다. 정보 장치의 정확성보다 가설·확신 범위·충돌 비용·다음 선택 수정의 누적을 핵심으로 개정했다. 두 작품 근거에 한정되므로 장기 검증 대기를 유지한다.,장기 검증 대기,,V3.1 직접 근거: REF-05·16 / MC-KNW-01의 증거 스레드 3건. 지식 우위가 없는 장르와 후기 해석 권력 재집중은 추가 장기 검증 대상.,"- 갈등을 만들려고 정확한 정보 자체를 임의로 오답화하지 않는다.
- 사소한 오답을 반복해 주인공을 균형 맞추듯 무능하게 만들지 않는다.
- 다른 인물의 지식을 주인공에게 힌트만 주는 장치로 축소하지 않는다.
- 이미 반복 검증된 절차나 긴급 대응에 매번 복수 가설을 강제하지 않는다.
- 상태창·회귀·원작 지식 같은 참고작 장치를 복제하지 않는다.",설명·세계관,,,,,2026년 8월 2일 오후 9:26,Yes,,,,Yes,M02,추출 후보,,,,,장편 깊이 원리,조건부 생성 후보,,,,,,GTC-02,,"정확한 정보와 올바른 해석을 같은 것으로 처리하지 않는다. 인물이 가진 지식·기록·수치의 출처와 적용 범위, 현재 가설과 확신 수준을 분리하고, 현실 또는 타인의 독립 모델과 충돌해 생긴 비용이 정보 자체가 아니라 해석과 다음 선택을 수정하게 한다.","- 정보나 분석 수단의 출처·측정 대상·적용 범위가 확인된다.
- 인물의 현재 해석에 확신 한계와 미확인 맥락이 있다.
- 현실 충돌이나 다른 인물의 경험이 독립된 모델을 제공한다.
- 충돌 비용이 다음 자원·관계·위험 배분을 바꾼다.",,정확한 정보와 출처 → 현재 해석과 확신 범위 → 현실·타인의 다른 모델 → 충돌과 비용 → 정보는 유지하되 해석 수정 → 달라진 다음 선택과 권한 배분,V3.1 REF_MECHANISM_CARDS/MC-KNW-01 · 지식 우위를 복수의 오답 모델로 검증. 기존 21작품 장편 비교 자료는 보조 가설로만 유지.,No,골격,,,,,,40,,정보가 무엇을 측정하는지 작품 내부에서 일관되고 부족한 맥락을 현재 사건과 다른 인물이 제공해야 한다.
CTC-02 · 개인의 판단 문법을 조직·제도 규모로 확대하기,,재검증 대기,조건부 장편 후보. 규모만 커지고 같은 방식으로 손쉽게 해결하면 확대가 아니라 보상 반복이다.,조건부 장편 후보,,6작품·6개 장르권 교차 검증. 조직·제도 규모가 실제로 커지는 회차에만 조회.,"억지 제도 비판 추가, 성공 비용의 의무적 악행화, 조직 구성원의 한 목소리화 금지.",회차 설계,,,,,2026년 8월 2일 오후 9:26,Yes,,,,Yes,M04,추출 후보,,,,,장편 깊이 원리,조건부 생성 후보,,,,,,CTC-02,,초반의 개인적 판단 방식이 조직 규칙으로 복제될 때 생기는 효용·병목·강제력·후계 문제를 함께 보여 준다.,주인공의 개인적 방식이 여러 사람의 업무나 제도를 결정할 규모에 도달했을 때.,,,참고작_21작품_서술누적방식_비교매트릭스_v1.json / 참고작_공용기법_후보선별_http://v1.md,No,,,,,,,41,,
R-01 · 문단 길이의 기능 감사,,재검증 대기,반례 감사에서 확정된 정규화 수정 명세. 생성 카드가 아니라 완성본 감사 규칙.,감사 전용,,,짧은 문단 자체를 긴장감으로 간주하거나 문단 길이를 획일화하지 않는다.,문장·호흡,,,,,2026년 8월 2일 오후 9:26,No,,,,Yes,"F01, F06",활성,,,,,감사 규칙,감사 전용,,,,,,R-01,,짧게/길게가 아니라 어떤 정보와 시간을 격리하는지 기록한다.,완성본의 문단 호흡과 정보 격리 기능을 감사할 때.,,,참고작_잔여15_반례변형적용한계_심층감사_http://v1.md,No,,,,,,,42,,
F12 · 추론 사이에 증거와 반대 가능성 두기,MC-KNW-01 · 지식 우위를 복수의 오답 모델로 검증 (MC-KNW-01%20%C2%B7%20%EC%A7%80%EC%8B%9D%20%EC%9A%B0%EC%9C%84%EB%A5%BC%20%EB%B3%B5%EC%88%98%EC%9D%98%20%EC%98%A4%EB%8B%B5%20%EB%AA%A8%EB%8D%B8%EB%A1%9C%20%EA%B2%80%EC%A6%9D%20ac9baa79eaae822693648180925c6a13.md),재검증 대기,"2026-08-02 심층 보강 완료. MC-KNW-01과 REF-05·16의 3개 증거 스레드를 직접 연결하고, 정답 독백이 아니라 가설의 출처·확신 범위·충돌 비용·수정된 다음 선택을 완료 기준으로 고정했다. 지식 우위가 없는 장르와 장기 관계 비용 대조가 부족하므로 현행 자동 조회에는 아직 올리지 않는다.",정규화 완료·현장 검증 대기,,"V3.1 직접 근거: REF-05·REF-16 / MC-KNW-01의 증거 스레드 3건. 지식 우위가 없는 장르, 긴급 대응, 반복 검증 절차는 추가 반례·대조가 필요하다.","- 확정된 사실이나 반복 검증된 절차를 억지로 불확실하게 만들지 않는다.
- 지능을 보여 주려고 사소한 오답을 일부러 넣거나 내면 길이를 늘리지 않는다.
- 다른 인물의 지식을 주인공에게 힌트만 주는 장치로 축소하지 않는다.
- 실패 비용이 다음 판단에 남지 않는 가짜 오판을 만들지 않는다.
- 상태창·회귀·원작 지식 같은 참고작 장치를 복제하지 않는다.",설명·세계관,,,,"지능적인 내면과 복잡한 설정 설명을 살리면서도, 독백이 작가의 정답 발표로 굳는 것을 막는다.",2026년 8월 2일 오후 9:26,Yes,,,작가의 정답 발표 → 범위가 있는 가설 → 충돌 비용 → 수정된 행동 모델,Yes,"R-13, R-15",추출 후보,층=한국어 표현·감사 / 발동 증상=독백 속 완결된 정답 / 필수 증거=외부 증거·대안·검증 행동,"인물의 판단이 ‘확정 사실’이 아니라 현재 가설과 근거·확신 범위로 제시되고, 현실 또는 다른 인물의 독립 모델과 충돌해 실제 자원·관계·위험·기회 비용이 발생한다. 그 비용을 반영한 수정된 가설이 다음 행동·정찰·철수 기준·권한·자원 배분 중 하나를 실제로 바꾼다.","이 카드는 지적인 인물에게 일부러 오답을 주는 기법이 아니다. 먼저 지식의 출처와 적용 범위, 인물이 확신하는 정도를 분리한다. 다른 인물의 경험은 주인공에게 힌트를 공급하는 장치가 아니라 독립된 모델로 취급하고, 충돌 결과의 비용과 수정권을 보존한다. 이미 확정된 사실·반복 검증된 절차·긴급한 즉시 대응에는 복수 가설을 강제하지 않는다. 실패 뒤에도 같은 판단을 반복하거나, 오판이 곧바로 천재성 증명으로 회수되면 적용을 폐기한다. 현재 원문에 수정된 선택이 없으면 장면을 새로 만들어 완성하지 않는다.","TH-REF05-KNW-01 · 지식 우위가 오답과 수정 비용을 통과한다 (TH-REF05-KNW-01%20%C2%B7%20%EC%A7%80%EC%8B%9D%20%EC%9A%B0%EC%9C%84%EA%B0%80%20%EC%98%A4%EB%8B%B5%EA%B3%BC%20%EC%88%98%EC%A0%95%20%EB%B9%84%EC%9A%A9%EC%9D%84%20%ED%86%B5%EA%B3%BC%ED%95%9C%EB%8B%A4%20988baa79eaae82a6a97981111bc986e5.md), TH-REF16-KNW-01 · 독자 지식이 분산·충돌·자기수정된다 (TH-REF16-KNW-01%20%C2%B7%20%EB%8F%85%EC%9E%90%20%EC%A7%80%EC%8B%9D%EC%9D%B4%20%EB%B6%84%EC%82%B0%C2%B7%EC%B6%A9%EB%8F%8C%C2%B7%EC%9E%90%EA%B8%B0%EC%88%98%EC%A0%95%EB%90%9C%EB%8B%A4%20a83baa79eaae8278a7d8812f5cf60d8e.md), TH-REF05-CHR-01 · 대상이 현재 선택을 가진 사람으로 재분류된다 (TH-REF05-CHR-01%20%C2%B7%20%EB%8C%80%EC%83%81%EC%9D%B4%20%ED%98%84%EC%9E%AC%20%EC%84%A0%ED%83%9D%EC%9D%84%20%EA%B0%80%EC%A7%84%20%EC%82%AC%EB%9E%8C%EC%9C%BC%EB%A1%9C%20%EC%9E%AC%EB%B6%84%EB%A5%98%EB%90%9C%EB%8B%A4%20de5baa79eaae838f9b888146cf2db94b.md)",표현·장면 원리,조건부 생성 후보,,,,,,F12,,"지식 우위나 긴 추론을 정답 발표로 저장하지 않는다. 현재 가설·근거·확신 범위를 분리하고, 현실 또는 다른 인물의 모델과 충돌해 발생한 비용이 수정된 가설과 다음 선택을 바꾸게 한다. 모든 장면에 복수 가설을 강제하지 않고, 불확실성과 비용이 실제로 존재할 때만 발동한다.","- 인물의 판단에 출처·범위·확신 한계가 있다.
- 현실 충돌이나 다른 인물의 경험이 독립된 대안 모델을 제공한다.
- 오판 또는 불완전한 판단에 자원·관계·위험·기회 비용이 발생한다.
- 수정된 모델이 다음 선택이나 자원 배분을 실제로 바꾼다.",,현재 가설과 출처 → 확신 범위 → 현실·타인의 다른 모델 → 충돌과 비용 → 수정된 가설 → 달라진 다음 선택 또는 자원·관계 배분,V3.1 REF_MECHANISM_CARDS/MC-KNW-01 · 지식 우위를 복수의 오답 모델로 검증. 기존 25작품 정규화본은 보조 가설로만 유지.,No,,권장 조합: F09,,"주인공은 과거 경험을 근거로 적의 이동을 예측하지만 확신 범위를 제한한다. 현지인의 지형 지식과 충돌해 일부 자원을 잃고, 이후에는 정찰 권한과 철수 기준을 바꾼다.","발동 중단: 사실이 이미 확정됨, 반복 절차가 충분히 검증됨, 즉시 대응이 우선인 위기, 오판 비용이 다음 선택에 남지 않음",,43,,"- 인물이 실제 관찰·기억·전문 지식으로 추론한다.
- 둘 이상의 가능한 원인 또는 해석이 존재한다.
- 결론이 이후 시험·대화·행동으로 검증된다."
F09 · 시스템이 보여 주는 것과 가리는 것,,재검증 대기,"정규화 완료·현장 검증 대기. 실제 각색 장기 검증 전이며 자동 발동 금지. 장면 패킷과 원문 증거를 먼저 확정하고 0~3개만 검토한다. 주원리 최대 1개, NO_OP 허용.",정규화 완료·현장 검증 대기,,25작품: 핵심 10작품 대표 장면 67건 + 잔여 15작품 반례·변형 45건,"- 원문 시스템의 정확도와 규칙을 임의로 바꾸지 않는다.
- 편향을 보여 주려고 시스템을 거짓말쟁이로 만들지 않는다.
- 정보 장치가 없는 원문에 새 인터페이스를 추가하지 않는다.
비발동: 설정상 완전 판정",설명·세계관,,,,"편리한 정보 장치가 인물과 장면을 대신하지 않게 하고, 정보의 효용과 편향을 동시에 서사 자원으로 만든다.",2026년 8월 2일 오후 9:26,Yes,,,,Yes,R-05,추출 후보,층=한국어 표현·감사 / 발동 증상=정보 장치가 최종 판결 대체 / 필수 증거=프레임 밖 중요 정보,,,,표현·장면 원리,조건부 생성 후보,,,,,,F09,,상태창·기록·기사·연설·미래 정보는 객관적 진실이 아니라 특정 정보를 선명하게 만들고 다른 정보를 보이지 않게 하는 프레임으로 다룬다.,"- 프레임이 실제로 측정·분류·공개하는 기준이 있다.
- 프레임 밖 정보가 인물의 선택이나 관계에 중요하다.
- 인물이 프레임을 믿거나 의심하는 이유가 누적된다.",,프레임이 제공한 명확한 정보 → 인물이 그 정보로 세운 가설 → 현재 장면의 작은 불일치 → 추가 관찰·질문·시험 → 프레임의 효용을 유지하면서 판정 수정,참고작_25작품_최종표현원리_정규화본_http://v1.md / 참고작_잔여15_반례변형적용한계_심층감사_http://v1.md,No,,권장 조합: F12,,"- 상태창의 등급이 인물의 선악·가능성·관계를 최종 판정한다.
- 기사와 댓글이 작품이 말하고 싶은 사실을 그대로 요약한다.
- 미래 장면을 봤다는 이유만으로 현재 사람의 욕망과 선택을 확정한다.",발동 중단: 설정상 완전 판정,,44,,"- 프레임이 실제로 측정·분류·공개하는 기준이 있다.
- 프레임 밖 정보가 인물의 선택이나 관계에 중요하다.
- 인물이 프레임을 믿거나 의심하는 이유가 누적된다."
F06 · 몸이 먼저 알고 의미가 뒤따르게 하기,,재검증 대기,"정규화 완료·현장 검증 대기. 실제 각색 장기 검증 전이며 자동 발동 금지. 장면 패킷과 원문 증거를 먼저 확정하고 0~3개만 검토한다. 주원리 최대 1개, NO_OP 허용.",정규화 완료·현장 검증 대기,,25작품: 핵심 10작품 대표 장면 67건 + 잔여 15작품 반례·변형 45건,"- 원문에 없는 트라우마 원인이나 병명을 추가하지 않는다.
- 감각 묘사를 예쁘게 만들기 위해 실제 사건과 무관한 반복 표지를 심지 않는다.
- 몸 반응만으로 모든 감정을 처리해 대사와 선택의 필요를 지우지 않는다.
비발동: 원문에 변화 없음",캐릭터 구현,,,,"감정 설명을 줄이면서도 체험의 즉시성과 진실성을 높이고, 인물이 자기 상태를 아직 이해하지 못하는 시간까지 보존한다.",2026년 8월 2일 오후 9:26,Yes,,,,Yes,R-01,추출 후보,층=한국어 표현 / 발동 증상=트라우마·깨달음 설명 선행 / 필수 증거=몸·감각 기능 변화와 행동 영향,,,,표현·장면 원리,조건부 생성 후보,,,,,,F06,,"트라우마·깨달음·위험·감동을 이름 붙이기 전에, 몸과 감각이 평소와 다르게 반응하는 순서를 먼저 보여 준다.","- 현재 자극과 과거 경험 또는 신체 상태 사이 실제 연결이 있다.
- 몸의 반응이 이후 선택·회피·실수에 영향을 준다.
- 감정명을 늦추는 것이 정보 은폐가 아니라 인물 경험과 맞는다.",,현재의 구체적 자극 → 감각 또는 자동 동작의 변화 → 인물이 원인을 잘못 해석하거나 모름 → 행동 선택에 생긴 영향 → 필요한 경우 뒤늦은 기억·감정명,참고작_25작품_최종표현원리_정규화본_http://v1.md / 참고작_잔여15_반례변형적용한계_심층감사_http://v1.md,No,,권장 조합: F02,,"- “그는 트라우마가 재발했다”라고 먼저 설명한다.
- 심장이 뛰고 손이 떨리는 상투적 반응만 반복한다.
- 몸의 반응을 보여 준 뒤 같은 내용을 감정 해설로 전부 다시 말한다.",발동 중단: 원문에 변화 없음,,45,,"- 현재 자극과 과거 경험 또는 신체 상태 사이 실제 연결이 있다.
- 몸의 반응이 이후 선택·회피·실수에 영향을 준다.
- 감정명을 늦추는 것이 정보 은폐가 아니라 인물 경험과 맞는다."
F08 · 반복 표지의 기능 변화,MC-DLG-04 · 관계 누적에 따른 표현 기능 변화 (MC-DLG-04%20%C2%B7%20%EA%B4%80%EA%B3%84%20%EB%88%84%EC%A0%81%EC%97%90%20%EB%94%B0%EB%A5%B8%20%ED%91%9C%ED%98%84%20%EA%B8%B0%EB%8A%A5%20%EB%B3%80%ED%99%94%2056abaa79eaae8266a56f01328d5ed150.md),현행 유지,"2026-07-31 REF 재정규화. 기존 REF 코드 불일치(REF-06 포함)를 수정해 REF-18·19·24로 정정했다. V3.1 근거가 직접 증명하는 범위를 관계 표현·발화 습관으로 축소하고, 동일 표현 강제 대신 재등장·중단·역전·직접화를 허용했다. MC-DLG-04가 CANDIDATE이므로 현장 검증 대기와 조건부 생성 후보 상태는 유지한다.",정규화 완료·현장 검증 대기,,V3.1 직접 근거: REF-18·REF-19·REF-24 / MC-DLG-04와 연결된 증거 스레드 8건. 현재 직접 검증 범위는 관계 표현·발화 습관이며 사물·장소 표지는 별도 재검증 대상.,"- 유행어·호칭·농담을 반복 횟수만 늘려 친밀감이나 상징으로 선언하지 않는다.
- 적대 표현을 공동 기억과 허용 근거 없이 갑자기 친밀한 농담으로 바꾸지 않는다.
- 관계가 변했다는 이유로 안정된 말투와 성격을 통째로 교체하지 않는다.
- 참고작의 욕설·성적 농담·관계 궤적을 복제하지 않는다.
- 원문에 반복 표지가 없으면 발동하지 않는다.",회차 설계,,,,"장편의 시간이 실제로 쌓였다는 감각과, 후반 장면이 초반을 새롭게 읽게 만드는 감정적 깊이를 만든다.",2026년 8월 2일 오후 9:26,Yes,,,,Yes,R-11,추출 후보,층=장기 누적 / 발동 증상=반복 표지 의미 고정 / 필수 증거=시간축과 기능 변화,"원문에 이미 존재한 호칭·질문 습관·핀잔·침묵·반복 행동 중 하나가 재등장·중단·역전·직접화되고, 그 사이 누적된 사건과 관계 권리 때문에 현재 청자의 수용 또는 후속 행동이 과거와 달라진다. 같은 문구의 반복만으로 완료 처리하지 않으며, 변화된 기능은 실제 선택·업무·거리·책임·돌봄 중 하나로 증명된다.","먼저 표지의 최초 등장, 당시 발화 의도와 청자 수용, 그 표현이 허용되거나 금지된 이유를 확인한다. 그 뒤 공동 위험·오해·약속·거절·책임 이동이 무엇을 누적했는지 대조하고, 현재 장면에서는 동일 표현의 다른 의미, 다른 표현의 같은 방어, 표현 중단, 사용 주체의 역전, 우회에서 직접 인정으로의 전환 중 원문에 맞는 방식만 사용한다. 캐릭터의 안정된 목소리를 바꾸지 않고 수용 의미와 뒤 행동을 변화시킨다. 관계 이력이나 반복 표지가 원문에 없으면 발동하지 않으며, 상처·금기·권력 침해를 친밀한 농담으로 덮지 않는다. 유행어·호칭을 반복 횟수만 늘려 장편 누적처럼 보이게 하지 않는다.","TH-REF24-DLG-02 · 반복 농담의 관계 변주 (TH-REF24-DLG-02%20%C2%B7%20%EB%B0%98%EB%B3%B5%20%EB%86%8D%EB%8B%B4%EC%9D%98%20%EA%B4%80%EA%B3%84%20%EB%B3%80%EC%A3%BC%20847baa79eaae83648bf501d25a33dcb9.md), TH-REF24-DLG-03 · 농담 뒤 진심과 행동 정산 (TH-REF24-DLG-03%20%C2%B7%20%EB%86%8D%EB%8B%B4%20%EB%92%A4%20%EC%A7%84%EC%8B%AC%EA%B3%BC%20%ED%96%89%EB%8F%99%20%EC%A0%95%EC%82%B0%2030abaa79eaae8378882b81d0b768ee52.md), TH-REF24-DLG-04 · 발화 내용과 수용 의미의 분리 (TH-REF24-DLG-04%20%C2%B7%20%EB%B0%9C%ED%99%94%20%EB%82%B4%EC%9A%A9%EA%B3%BC%20%EC%88%98%EC%9A%A9%20%EC%9D%98%EB%AF%B8%EC%9D%98%20%EB%B6%84%EB%A6%AC%200acbaa79eaae82fa858d816f00e835fb.md), TH-REF24-DLG-05 · 청자별 수용 분기와 후속 행동 (TH-REF24-DLG-05%20%C2%B7%20%EC%B2%AD%EC%9E%90%EB%B3%84%20%EC%88%98%EC%9A%A9%20%EB%B6%84%EA%B8%B0%EC%99%80%20%ED%9B%84%EC%86%8D%20%ED%96%89%EB%8F%99%208f0baa79eaae831796c681d9b5bf6421.md), TH-REF19-DLG-03 · 농담·물건·침묵이 함께 정하는 정보 가격 (TH-REF19-DLG-03%20%C2%B7%20%EB%86%8D%EB%8B%B4%C2%B7%EB%AC%BC%EA%B1%B4%C2%B7%EC%B9%A8%EB%AC%B5%EC%9D%B4%20%ED%95%A8%EA%BB%98%20%EC%A0%95%ED%95%98%EB%8A%94%20%EC%A0%95%EB%B3%B4%20%EA%B0%80%EA%B2%A9%20c06baa79eaae82be87d381d435840bf6.md), TH-REF19-DLG-05 · 호칭 농담이 누적 관계를 증명하는 순간 (TH-REF19-DLG-05%20%C2%B7%20%ED%98%B8%EC%B9%AD%20%EB%86%8D%EB%8B%B4%EC%9D%B4%20%EB%88%84%EC%A0%81%20%EA%B4%80%EA%B3%84%EB%A5%BC%20%EC%A6%9D%EB%AA%85%ED%95%98%EB%8A%94%20%EC%88%9C%EA%B0%84%20281baa79eaae820482b001a17b7543de.md), TH-REF18-DLG-01 · 해석 격차가 농담과 결정 변화를 동시에 만든다 (TH-REF18-DLG-01%20%C2%B7%20%ED%95%B4%EC%84%9D%20%EA%B2%A9%EC%B0%A8%EA%B0%80%20%EB%86%8D%EB%8B%B4%EA%B3%BC%20%EA%B2%B0%EC%A0%95%20%EB%B3%80%ED%99%94%EB%A5%BC%20%EB%8F%99%EC%8B%9C%EC%97%90%20%EB%A7%8C%EB%93%A0%EB%8B%A4%20261baa79eaae8355aa3c0109570fcadc.md), TH-REF18-CHR-01 · 감정 선언 없이 약속·변호·꺼림칙함이 누적된다 (TH-REF18-CHR-01%20%C2%B7%20%EA%B0%90%EC%A0%95%20%EC%84%A0%EC%96%B8%20%EC%97%86%EC%9D%B4%20%EC%95%BD%EC%86%8D%C2%B7%EB%B3%80%ED%98%B8%C2%B7%EA%BA%BC%EB%A6%BC%EC%B9%99%ED%95%A8%EC%9D%B4%20%EB%88%84%EC%A0%81%EB%90%9C%EB%8B%A4%20280baa79eaae838f893d015c8e7a3197.md)",표현·장면 원리,조건부 생성 후보,,,,,,F08,,"관계 초기에 형성된 호칭·질문 습관·핀잔·침묵·반복 행동을 그대로 재현하지 않는다. 공동 사건과 신뢰·빚·발화 권리가 누적된 만큼 같은 표지의 기능을 바꾸거나, 더는 쓰지 않거나, 다른 인물이 되돌려 쓰게 한다. 안정된 캐릭터 목소리 자체는 유지하고 수용 의미와 뒤 행동을 변화시킨다.","- 초기에 등장한 표현 또는 행동 표지와 당시의 발화 의도·청자 수용이 확인된다.
- 그 사이 공동 사건과 관계 권리·신뢰·부채의 변화가 누적됐다.
- 재등장 뒤 청자의 응답이나 행동이 과거와 달라지는 근거가 있다.
- 사물·장소·조직 규칙으로 범위를 넓힐 때는 별도의 직접 근거가 있다.",,초기 표지와 당시 수용 → 공동 사건과 권리 변화 누적 → 같은 표지의 재등장·중단·역전·직접화 중 하나 → 달라진 청자 수용 → 뒤 행동으로 현재 기능 확정,V3.1 REF_MECHANISM_CARDS/MC-DLG-04 · 관계 누적에 따른 표현 기능 변화. 기존 25작품 정규화본은 보조 가설로만 유지.,No,,권장 조합: F11,,"초반에는 무례한 핀잔으로 받아들여졌던 짧은 말이, 공동 위험을 넘긴 뒤에는 상태 확인으로 수용된다. 문장 자체보다 상대가 즉시 반격하지 않고 장비를 건네는 행동으로 변화된 기능을 증명한다.",발동 중단: 원문 반복 표지 없음,,46,,"- 원문 안에 자연스럽게 반복될 대상이나 행동이 이미 있다.
- 반복 시점마다 인물의 선택·관계·책임 중 하나가 달라진다.
- 후반 의미를 초반 인물에게 미리 주입하지 않는다."
R-13 · 장문 추론의 증거 간격 감사,MC-KNW-01 · 지식 우위를 복수의 오답 모델로 검증 (MC-KNW-01%20%C2%B7%20%EC%A7%80%EC%8B%9D%20%EC%9A%B0%EC%9C%84%EB%A5%BC%20%EB%B3%B5%EC%88%98%EC%9D%98%20%EC%98%A4%EB%8B%B5%20%EB%AA%A8%EB%8D%B8%EB%A1%9C%20%EA%B2%80%EC%A6%9D%20ac9baa79eaae822693648180925c6a13.md),검증 중,"반례 감사에서 확정된 정규화 수정 명세. V3.1 원문 직접 대조 보강(MC-KNW-01): 장문 추론은 정보의 정확성과 해석 범위를 나누고, 오판 비용이 다음 선택 기준에 남는지까지 감사해야 한다는 근거를 보강했다. 적용 영수증은 아직 0건이며 생성 자동화·상태 승격은 하지 않는다.",감사 전용,,V3.1 직접 대조: REF-10·REF-22 (MC-KNW-01),확정 사실까지 억지로 불확실하게 만들거나 대안 가설로 분량을 늘리지 않는다.,설명·세계관,,,,,2026년 8월 2일 오후 9:26,No,,,,Yes,F12,활성,,,,,감사 규칙,감사 전용,,,,,,R-13,,외부 증거와 반대 가능성이 없는 완결된 독백을 금지한다.,추론이 작가의 정답 발표로 굳었는지 감사할 때.,,,참고작_잔여15_반례변형적용한계_심층감사_http://v1.md / REF_MECHANISM_CARDS/MC-KNW-01,No,,,,,,,47,,
F05 · 선택지가 닫히는 순서로 권력 보여 주기,,재검증 대기,"정규화 완료·현장 검증 대기. 실제 각색 장기 검증 전이며 자동 발동 금지. 장면 패킷과 원문 증거를 먼저 확정하고 0~3개만 검토한다. 주원리 최대 1개, NO_OP 허용.",정규화 완료·현장 검증 대기,,25작품: 핵심 10작품 대표 장면 67건 + 잔여 15작품 반례·변형 45건,"- 원문 상대의 지능과 목표를 낮추지 않는다.
- 원문에 없는 인질·비밀·자원을 추가해 승리를 쉽게 만들지 않는다.
- 승리 뒤 상대의 비용과 후속 반응을 삭제하지 않는다.
비발동: 상대 독립 목표 없음",장면 연출,,,,협상·정치·심문에서 상대를 바보로 만들지 않고도 압도적인 권력과 지능을 체감시킨다.,2026년 8월 2일 오후 9:26,Yes,,,,Yes,R-08,추출 후보,층=장면 설계 / 발동 증상=협상 상대 무능화 / 필수 증거=상대 목표와 대안 비용,,,,표현·장면 원리,조건부 생성 후보,,,,,,F05,,"권력자의 강함을 선언하지 말고, 상대가 지키려는 목표를 먼저 세운 뒤 가능한 출구가 비용 때문에 하나씩 닫히는 과정을 보여 준다.","- 상대에게 독립된 목표·책임·협상력이 있다.
- 각 선택지의 비용이 장면 안에서 이해된다.
- 굴복·타협이 상대의 합리적 판단으로 성립한다.",,상대의 목표와 가능한 선택지 제시 → 권력자가 조건 하나를 추가 → 상대가 첫 대안을 검토·포기 → 두 번째 조건 또는 외부 변화 → 마지막으로 남은 선택의 비용 확인 → 상대가 자기 언어로 결론,참고작_25작품_최종표현원리_정규화본_http://v1.md / 참고작_잔여15_반례변형적용한계_심층감사_http://v1.md,No,,권장 조합: F16,,"- 권력자가 “거절할 수 없을 것이다”라고 말하면 상대가 바로 무릎 꿇는다.
- 상대가 명백한 탈출구를 이유 없이 보지 못한다.
- 숨겨진 만능 증거를 마지막에 꺼내 모든 논쟁을 무효화한다.",발동 중단: 상대 독립 목표 없음,,48,,"- 상대에게 독립된 목표·책임·협상력이 있다.
- 각 선택지의 비용이 장면 안에서 이해된다.
- 굴복·타협이 상대의 합리적 판단으로 성립한다."
R-16 · 집단 결정의 이견·권한·비용 이동 감사,MC-GRP-01 · 집단 결정을 이견·권한·비용 이동으로 기록 (MC-GRP-01%20%C2%B7%20%EC%A7%91%EB%8B%A8%20%EA%B2%B0%EC%A0%95%EC%9D%84%20%EC%9D%B4%EA%B2%AC%C2%B7%EA%B6%8C%ED%95%9C%C2%B7%EB%B9%84%EC%9A%A9%20%EC%9D%B4%EB%8F%99%EC%9C%BC%EB%A1%9C%20%EA%B8%B0%EB%A1%9D%20051baa79eaae830684248184419955de.md),검증 중,REF-05·REF-08·REF-16·REF-25의 직접 원문 스레드에서 역할·이견·수정권·이탈 비용이 확인됐다. 생성 카드가 아닌 감사 전용이며 현장 적용 영수증은 아직 0건이다.,감사 전용,,V3.1 직접 대조: REF-05·REF-08·REF-16·REF-25 (MC-GRP-01),모든 구성원에게 억지로 대사를 배정하지 않는다. 확립된 절차의 짧은 반복을 실패로 보지 않는다. 원문에 없는 반대·이탈·회의를 추가하지 않는다.,관계·대화,반복 누적형,,,,2026년 8월 2일 오후 9:26,Yes,낮음,높음,,Yes,,활성,"집단 선택, 이견, 실행권, 수정권, 비용 담당, 이탈",,,,감사 규칙,감사 전용,,,,,,R-16,,"집단 장면의 각 발언·행동이 기준·정보·권리·비용 가운데 서로 다른 변수를 바꾸는지, 결론 뒤 실행자·수정권자·비용 담당자가 한 사람에게 다시 몰리지 않는지 감사한다.",회의·파티 결정·조직 협상·대규모 전투 준비처럼 3인 이상이 공동 선택을 만드는 완성본을 감사할 때.,,,REF_MECHANISM_CARDS/MC-GRP-01; 연결 근거 스레드 검증,No,,,,,,,49,,
F16 · 관계마다 다른 충분한 답,"MC-DLG-01 · 발화 의도와 수용 의미 분리 (MC-DLG-01%20%C2%B7%20%EB%B0%9C%ED%99%94%20%EC%9D%98%EB%8F%84%EC%99%80%20%EC%88%98%EC%9A%A9%20%EC%9D%98%EB%AF%B8%20%EB%B6%84%EB%A6%AC%20f7bbaa79eaae83d0a9e4019cbfec6a9c.md), MC-DLG-03 · 청자의 재분류가 대화를 전진시키기 (MC-DLG-03%20%C2%B7%20%EC%B2%AD%EC%9E%90%EC%9D%98%20%EC%9E%AC%EB%B6%84%EB%A5%98%EA%B0%80%20%EB%8C%80%ED%99%94%EB%A5%BC%20%EC%A0%84%EC%A7%84%EC%8B%9C%ED%82%A4%EA%B8%B0%203dabaa79eaae83489ee101d22e82a7d7.md), MC-DLG-05 · 발화와 비언어 정산의 결합 (MC-DLG-05%20%C2%B7%20%EB%B0%9C%ED%99%94%EC%99%80%20%EB%B9%84%EC%96%B8%EC%96%B4%20%EC%A0%95%EC%82%B0%EC%9D%98%20%EA%B2%B0%ED%95%A9%2015cbaa79eaae82ad8b46819456450477.md)",현행 유지,2026-07-31 REF 재정규화. 기존 근거 범위의 REF-01·06·11·14·21을 제거하고 실제 연결 근거 REF-04·18·19·24·25로 정정했다. ‘충분한 답’의 판정을 발화 의도·수용 의미·반응 선택·비언어 정산·책임 이동의 사슬로 확장했다. 세 메커니즘 카드가 모두 CANDIDATE이므로 현장 검증 대기 상태는 유지한다.,정규화 완료·현장 검증 대기,,"V3.1 직접 근거: MC-DLG-01은 REF-18·19·24의 7개 스레드, MC-DLG-03은 REF-19·24의 8개 스레드, MC-DLG-05는 REF-04·19·24·25의 9개 스레드. 긴급 정보 전달·의례 응답·감정 지연 정산은 반례로 보존.","- 어미·욕설·감탄사만 달리해 목소리 차이를 만들지 않는다.
- 모든 말에 숨은 의도를 붙이거나 청자가 늘 정확히 간파하게 하지 않는다.
- 농담·냉소·침묵 중 하나를 만능 반응으로 고정하지 않는다.
- 모든 대사 뒤 표정·한숨·고개 끄덕임을 기계적으로 붙이지 않는다.
- 의례적 확인이나 긴급 명령에 불필요한 해석 분기를 만들지 않는다.
- 참고작의 말버릇·호칭·소품 동작을 복제하지 않는다.",관계·대화,,,,"같은 목표를 가진 인물들의 대사를 자연스럽게 구분하고, 관계 변화가 설명 길이·질문 방식·침묵의 의미에 나타나게 한다.",2026년 8월 2일 오후 9:26,Yes,,,,Yes,R-12,추출 후보,층=대사·인물 목소리 / 발동 증상=목소리가 말끝 차이뿐 / 필수 증거=서로 다른 증거·책임 기준,"핵심 발화 뒤 청자의 반응이 말투 장식에 머물지 않고 정보·책임·관계 거리·업무·위험·다음 선택 중 하나를 실제로 바꾼다. 서로 다른 인물의 반응 차이는 각자의 지식·욕망·관계 권리에서 설명되며, 비언어 행동이나 후속 행동이 수용 의미를 정산한다.","이 카드는 인물별 어미나 말버릇을 만드는 카드가 아니다. 먼저 발화자의 문자 내용과 목적을 분리하고, 청자가 가진 정보·체면·현재 필요·관계 권리로 그 말을 재분류하게 한다. 청자는 문자 답변, 숨은 목적에 대한 답변, 프레임 거부, 오해, 침묵, 지연 수용, 행동 답변 중 자기에게 가능한 반응을 택한다. 깊이는 반응의 화려함이 아니라 그 반응이 어떤 책임·정보·거리·행동을 이동시키는지에서 나온다. 긴급 명령·수치 확인·의례 응답처럼 정확성이 우선인 장면에는 해석 분기를 강제하지 않는다. 농담·침묵·냉소를 만능 반응으로 반복하지 않고, 공동 사건과 관계 이력이 없는 호칭·핀잔을 친밀감으로 오인하지 않는다.","TH-REF24-DLG-04 · 발화 내용과 수용 의미의 분리 (TH-REF24-DLG-04%20%C2%B7%20%EB%B0%9C%ED%99%94%20%EB%82%B4%EC%9A%A9%EA%B3%BC%20%EC%88%98%EC%9A%A9%20%EC%9D%98%EB%AF%B8%EC%9D%98%20%EB%B6%84%EB%A6%AC%200acbaa79eaae82fa858d816f00e835fb.md), TH-REF24-DLG-05 · 청자별 수용 분기와 후속 행동 (TH-REF24-DLG-05%20%C2%B7%20%EC%B2%AD%EC%9E%90%EB%B3%84%20%EC%88%98%EC%9A%A9%20%EB%B6%84%EA%B8%B0%EC%99%80%20%ED%9B%84%EC%86%8D%20%ED%96%89%EB%8F%99%208f0baa79eaae831796c681d9b5bf6421.md), TH-REF19-DLG-01 · 제도적 문장의 이중 기능 (TH-REF19-DLG-01%20%C2%B7%20%EC%A0%9C%EB%8F%84%EC%A0%81%20%EB%AC%B8%EC%9E%A5%EC%9D%98%20%EC%9D%B4%EC%A4%91%20%EA%B8%B0%EB%8A%A5%20e61baa79eaae8348902481f7070cf2ab.md), TH-REF19-DLG-02 · 선택을 묻는 척 거래를 설계하기 (TH-REF19-DLG-02%20%C2%B7%20%EC%84%A0%ED%83%9D%EC%9D%84%20%EB%AC%BB%EB%8A%94%20%EC%B2%99%20%EA%B1%B0%EB%9E%98%EB%A5%BC%20%EC%84%A4%EA%B3%84%ED%95%98%EA%B8%B0%2014cbaa79eaae82b5b75001239a392adc.md), TH-REF19-DLG-03 · 농담·물건·침묵이 함께 정하는 정보 가격 (TH-REF19-DLG-03%20%C2%B7%20%EB%86%8D%EB%8B%B4%C2%B7%EB%AC%BC%EA%B1%B4%C2%B7%EC%B9%A8%EB%AC%B5%EC%9D%B4%20%ED%95%A8%EA%BB%98%20%EC%A0%95%ED%95%98%EB%8A%94%20%EC%A0%95%EB%B3%B4%20%EA%B0%80%EA%B2%A9%20c06baa79eaae82be87d381d435840bf6.md), TH-REF19-DLG-04 · 유머가 질문의 잔여를 지우지 않는 법 (TH-REF19-DLG-04%20%C2%B7%20%EC%9C%A0%EB%A8%B8%EA%B0%80%20%EC%A7%88%EB%AC%B8%EC%9D%98%20%EC%9E%94%EC%97%AC%EB%A5%BC%20%EC%A7%80%EC%9A%B0%EC%A7%80%20%EC%95%8A%EB%8A%94%20%EB%B2%95%20b59baa79eaae8247a854017bba5a07bf.md), TH-REF18-DLG-01 · 해석 격차가 농담과 결정 변화를 동시에 만든다 (TH-REF18-DLG-01%20%C2%B7%20%ED%95%B4%EC%84%9D%20%EA%B2%A9%EC%B0%A8%EA%B0%80%20%EB%86%8D%EB%8B%B4%EA%B3%BC%20%EA%B2%B0%EC%A0%95%20%EB%B3%80%ED%99%94%EB%A5%BC%20%EB%8F%99%EC%8B%9C%EC%97%90%20%EB%A7%8C%EB%93%A0%EB%8B%A4%20261baa79eaae8355aa3c0109570fcadc.md), TH-REF24-DLG-01 · 농담형 공방의 층위 (TH-REF24-DLG-01%20%C2%B7%20%EB%86%8D%EB%8B%B4%ED%98%95%20%EA%B3%B5%EB%B0%A9%EC%9D%98%20%EC%B8%B5%EC%9C%84%20256baa79eaae838293f181b2ebb42627.md), TH-REF24-DLG-02 · 반복 농담의 관계 변주 (TH-REF24-DLG-02%20%C2%B7%20%EB%B0%98%EB%B3%B5%20%EB%86%8D%EB%8B%B4%EC%9D%98%20%EA%B4%80%EA%B3%84%20%EB%B3%80%EC%A3%BC%20847baa79eaae83648bf501d25a33dcb9.md), TH-REF24-DLG-03 · 농담 뒤 진심과 행동 정산 (TH-REF24-DLG-03%20%C2%B7%20%EB%86%8D%EB%8B%B4%20%EB%92%A4%20%EC%A7%84%EC%8B%AC%EA%B3%BC%20%ED%96%89%EB%8F%99%20%EC%A0%95%EC%82%B0%2030abaa79eaae8378882b81d0b768ee52.md), TH-REF19-DLG-05 · 호칭 농담이 누적 관계를 증명하는 순간 (TH-REF19-DLG-05%20%C2%B7%20%ED%98%B8%EC%B9%AD%20%EB%86%8D%EB%8B%B4%EC%9D%B4%20%EB%88%84%EC%A0%81%20%EA%B4%80%EA%B3%84%EB%A5%BC%20%EC%A6%9D%EB%AA%85%ED%95%98%EB%8A%94%20%EC%88%9C%EA%B0%84%20281baa79eaae820482b001a17b7543de.md), TH-REF04-REL-01 · 추상 명제는 관계 행동으로 정산된다 (TH-REF04-REL-01%20%C2%B7%20%EC%B6%94%EC%83%81%20%EB%AA%85%EC%A0%9C%EB%8A%94%20%EA%B4%80%EA%B3%84%20%ED%96%89%EB%8F%99%EC%9C%BC%EB%A1%9C%20%EC%A0%95%EC%82%B0%EB%90%9C%EB%8B%A4%20c23baa79eaae822cb5140142f8937722.md), TH-REF04-EXP-01 · 우주적 개념을 몸과 사후 행동으로 내려놓는다 (TH-REF04-EXP-01%20%C2%B7%20%EC%9A%B0%EC%A3%BC%EC%A0%81%20%EA%B0%9C%EB%85%90%EC%9D%84%20%EB%AA%B8%EA%B3%BC%20%EC%82%AC%ED%9B%84%20%ED%96%89%EB%8F%99%EC%9C%BC%EB%A1%9C%20%EB%82%B4%EB%A0%A4%EB%86%93%EB%8A%94%EB%8B%A4%207ccbaa79eaae8350943a811c36b1dcbc.md), TH-REF25-DLG-01 · 자의식과 현실의 어긋남이 인물형 유머를 만든다 (TH-REF25-DLG-01%20%C2%B7%20%EC%9E%90%EC%9D%98%EC%8B%9D%EA%B3%BC%20%ED%98%84%EC%8B%A4%EC%9D%98%20%EC%96%B4%EA%B8%8B%EB%82%A8%EC%9D%B4%20%EC%9D%B8%EB%AC%BC%ED%98%95%20%EC%9C%A0%EB%A8%B8%EB%A5%BC%20%EB%A7%8C%EB%93%A0%EB%8B%A4%20d2cbaa79eaae8345a317811df42b0365.md)",표현·장면 원리,조건부 생성 후보,,,,,,F16,,"인물의 목소리는 어미나 말버릇보다 무엇을 질문으로 인정하고, 어떤 증거·책임·행동을 충분한 답으로 받아들이는지에서 갈린다. 핵심 발화에서는 발화자의 의도와 청자의 수용 의미를 분리하고, 청자가 자기 목표와 관계 부담에 따라 문자 답변·프레임 거부·오해·침묵·지연 수용·행동 답변 중 하나를 선택하게 한다. 의미는 비언어 행동과 뒤 책임 이동에서 정산한다.","- 인물마다 지식·욕망·직위·두려움·관계 부담이 다르다.
- 같은 발화를 서로 다르게 받아들일 근거가 앞 장면이나 위키에 있다.
- 청자의 반응이 정보·계약·업무·거리·위험·책임 중 하나를 바꾼다.
- 비언어 행동이나 후속 행동이 그 수용 의미를 증명할 수 있다.",,발화자의 표면 내용과 목적 → 청자의 사전 인식·현재 필요 → 청자에게 허용된 반응 선택 → 응답 또는 비언어 행동 → 정보·거리·책임 변화 → 관계 이력에 남는 다음 선택,V3.1 REF_MECHANISM_CARDS/MC-DLG-01 · 발화 의도와 수용 의미 분리; MC-DLG-03 · 청자의 재분류가 대화를 전진시키기; MC-DLG-05 · 발화와 비언어 정산의 결합. 기존 25작품 정규화본은 보조 가설로만 유지.,No,,"권장 조합: F05, F07",,"같은 제안을 들은 동료는 조건을 되묻고, 부하는 침묵한 채 실행을 미루며, 오랜 친구는 농담을 받아주지만 다음 행동으로 위험을 대신 짊어진다. 세 반응은 말투가 아니라 수용 기준과 책임 이동으로 구분된다.",발동 중단: 의례적 동일 응답,,50,,"- 인물마다 직업·생애·두려움·관계상 책임이 다르다.
- 같은 사건에 대해 서로 다른 판단 단위를 사용할 수 있다.
- 관계별로 말할 수 있는 정보와 요구할 수 있는 증거가 누적되었다."
R-08 · 권력 장면의 선택지 폐쇄 감사,,재검증 대기,반례 감사에서 확정된 정규화 수정 명세.,감사 전용,,,원문에 없는 비밀·인질·자원을 추가하지 않는다.,장면 연출,,,,,2026년 8월 2일 오후 9:26,No,,,,Yes,F05,활성,,,,,감사 규칙,감사 전용,,,,,,R-08,,상대의 독립 목표를 세운 뒤 선택지가 닫히는 순서로 권력을 검증한다.,협상 상대를 무능하게 만들어 승리를 쉽게 처리했는지 감사할 때.,,,참고작_잔여15_반례변형적용한계_심층감사_http://v1.md,No,,,,,,,51,,
R-03 · 전문 정보의 행동 연결 감사,,재검증 대기,반례 감사에서 확정된 정규화 수정 명세.,감사 전용,,,모든 설명 뒤 억지 행동을 붙이거나 현재 선택에 불필요한 정보를 늘리지 않는다.,설명·세계관,,,,,2026년 8월 2일 오후 9:26,No,,,,Yes,"F03, F10",활성,,,,,감사 규칙,감사 전용,,,,,,R-03,,정의 뒤에 바뀐 권리·작업·자원·결정 중 하나를 필수 연결한다.,전문·세계관 설명이 장면 행동을 바꾸는지 감사할 때.,,,참고작_잔여15_반례변형적용한계_심층감사_http://v1.md,No,,,,,,,52,,
02 · REF 심층 연구 아카이브,,현행 유지,"공용 실행 카드의 후방 연구 아카이브. 평상시 각색 스킬은 직접 실행하지 않고, 선택 카드의 심층 증거 확인·승격 심사·감사 시에만 조회한다.",운영 규칙 확정,,25개 원문 전체 검색 색인. 실제 작품명은 로컬 비공개 매핑에만 보존.,"작품 이해 전 분류·장르·공용 공식 끼워넣기, 작품명 기록, 근거 없는 카드 자동 적용",,,,,,2026년 8월 2일 오후 9:32,Yes,,,,Yes,,활성,,,,,감사 규칙,자동 적용 금지,,,,,,REF-ONLY,,,,,,,No,,,,,,,53,,
F14 · 코미디와 비용 병존,,재검증 대기,"정규화 완료·현장 검증 대기. 실제 각색 장기 검증 전이며 자동 발동 금지. 장면 패킷과 원문 증거를 먼저 확정하고 0~3개만 검토한다. 주원리 최대 1개, NO_OP 허용.",정규화 완료·현장 검증 대기,,25작품: 핵심 10작품 대표 장면 67건 + 잔여 15작품 반례·변형 45건,"- 참고작의 욕설과 밈을 그대로 옮기지 않는다.
- 원문에 없는 피해를 농담의 재료로 만들지 않는다.
- 강압·성적 권력 비대칭을 매력적인 유머로 포장하지 않는다.
비발동: 농담이 관계 침해",문장·호흡,,,,"장면의 무게를 잃지 않고 온도를 변속하며, 극한 상황에서도 캐릭터의 고유한 생존 언어를 유지한다.",2026년 8월 2일 오후 9:26,Yes,,,,Yes,"R-07, R-15",추출 후보,층=한국어 표현·감사 / 발동 증상=농담이 피해·후유증 삭제 / 필수 증거=인물 고유 회피 언어와 남는 비용,,,,표현·장면 원리,조건부 생성 후보,,,,,,F14,,"생활적 농담·욕설·손익 계산은 위험을 견디는 인물의 목소리로 사용하되, 피해·책임·후유증을 지우지 않는다.","- 화자가 평소 감정을 농담·계산·욕설로 처리하는 습관이 있다.
- 대상의 실제 위험과 피해가 구체적으로 남는다.
- 농담 뒤 행동 선택이나 비용 인수가 이어진다.",,구체적 위험·비정상성 → 화자의 생활적 환산 또는 농담 → 웃음과 무관하게 남는 전투·도주·치료 조건 → 타인의 비용 또는 화자의 책임 → 농담이 멈추는 짧은 선택,참고작_25작품_최종표현원리_정규화본_http://v1.md / 참고작_잔여15_반례변형적용한계_심층감사_http://v1.md,No,,권장 조합: F06,,"- 끔찍한 피해 직후 모두가 재치 있는 대사를 주고받는다.
- 농담이 피해자의 반응과 권력 비대칭을 가린다.
- 장면마다 같은 현대식 속어를 넣어 작가 목소리로 평준화한다.",발동 중단: 농담이 관계 침해,,54,,"- 화자가 평소 감정을 농담·계산·욕설로 처리하는 습관이 있다.
- 대상의 실제 위험과 피해가 구체적으로 남는다.
- 농담 뒤 행동 선택이나 비용 인수가 이어진다."
F15 · 예술·상품·기술의 이중 증명,,재검증 대기,"정규화 완료·현장 검증 대기. 실제 각색 장기 검증 전이며 자동 발동 금지. 장면 패킷과 원문 증거를 먼저 확정하고 0~3개만 검토한다. 주원리 최대 1개, NO_OP 허용.",정규화 완료·현장 검증 대기,,25작품: 핵심 10작품 대표 장면 67건 + 잔여 15작품 반례·변형 45건,"- 원문보다 효능·실력·시장 반응을 확대하지 않는다.
- 전문가를 주인공 칭찬 기능으로만 만들지 않는다.
- 성과의 반대 비용과 한계를 삭제하지 않는다.
비발동: 증거 인물 없음",상업적 재미,,,,"천재성·품질·성능을 독자가 실제 차이로 이해하고, 전문성 인증과 현실 효용을 동시에 확보한다.",2026년 8월 2일 오후 9:26,Yes,,,,Yes,R-09,추출 후보,층=한국어 표현 / 발동 증상=칭찬만으로 가치 증명 / 필수 증거=전문 판정과 사용자·현장 행동 변화,,,,표현·장면 원리,조건부 생성 후보,,,,,,F15,,"가치를 한 종류의 칭찬으로 증명하지 말고, 구체적 전문 판정과 사용자·현장·시장의 행동 변화를 서로 다른 인물에게 분담한다.","- 전문가가 비교할 기준과 경험을 갖고 있다.
- 사용자 또는 현장이 독립된 욕망과 선택을 갖는다.
- 가치가 후속 결정·구매·설계·창작을 바꾼다.",,결과물 또는 시연 → 전문가의 한 가지 구체 판정 → 사용자의 몸·행동 변화 → 현장·시장·팀의 다음 결정 → 남은 한계나 비용,참고작_25작품_최종표현원리_정규화본_http://v1.md / 참고작_잔여15_반례변형적용한계_심층감사_http://v1.md,No,,"권장 조합: F01, F04",,"- 전문가와 일반인이 모두 “대단하다”고 같은 말을 한다.
- 수상·매출·등급만으로 과정과 체험을 대신한다.
- 사용자 반응이 비명·눈물·환호 중 하나로만 반복된다.",발동 중단: 증거 인물 없음,,55,,"- 전문가가 비교할 기준과 경험을 갖고 있다.
- 사용자 또는 현장이 독립된 욕망과 선택을 갖는다.
- 가치가 후속 결정·구매·설계·창작을 바꾼다."
F11 · 중심인물 부재 뒤에도 작동하는 규칙,MC-ABS-01 · 부재를 빈자리의 일·권한·귀환 재협상으로 증명 (MC-ABS-01%20%C2%B7%20%EB%B6%80%EC%9E%AC%EB%A5%BC%20%EB%B9%88%EC%9E%90%EB%A6%AC%EC%9D%98%20%EC%9D%BC%C2%B7%EA%B6%8C%ED%95%9C%C2%B7%EA%B7%80%ED%99%98%20%EC%9E%AC%ED%98%91%EC%83%81%EC%9C%BC%EB%A1%9C%20%EC%A6%9D%EB%AA%85%20cafbaa79eaae83a5a16f817ada71e097.md),재검증 대기,2026-08-02 승격 감사. 다작품에서 반복된 ‘영향의 전승·독립 판단권’은 F17로 분리했다. F11에는 REF-16 단일 작품에서 확인된 실제 부재의 빈자리·임시 권한·귀환 재협상 구조만 남긴다. 비초자연적 부재와 다른 장르의 교차 근거가 확보될 때까지 현행 실행 카드로 사용하지 않는다.,조건부 장편 후보,,V3.1 직접 근거: REF-16 단일 작품 / MC-ABS-01의 심층 증거 스레드 3건. 다른 장르의 장기 출장·실종·구금·은퇴·파면 등 비초자연적 부재 근거가 추가로 필요하다.,"- 회상·칭찬·추모만으로 조직의 자립을 선언하지 않는다.
- 부재자의 계획을 그대로 수행하는 것을 독립성으로 처리하지 않는다.
- 남은 인물의 독립 선택을 곧바로 틀린 선택으로 교정하지 않는다.
- 귀환 즉시 직위·정보 접근·관계 권한을 자동 복원하지 않는다.
- 짧은 부재나 이미 대체 절차가 확립된 상황에 과도한 권한 이동을 만들지 않는다.
- 죽음·환생·기억 파편 같은 참고작 설정을 복제하지 않는다.",회차 설계,,,,"주인공의 영향력과 조직의 자립을 동시에 보여 주고, 조연을 주인공 대기 상태에서 벗어나게 한다.",2026년 8월 2일 오후 9:26,Yes,,,,Yes,"R-10, F17",추출 후보,층=장기 누적 / 발동 증상=부재 장면이 추모뿐 / 필수 증거=누적 규칙과 권한 이동,"부재 전 인물이 실제로 맡던 일·결정권·관계 의무 중 하나가 비고, 남은 인물이 불완전한 정보로 임시 판단과 비용을 부담한다. 귀환이나 재호명이 원문에 존재할 경우에만, 부재 중 생긴 권한·정보 접근·관계 위치가 자동 복원되지 않고 현재 장면에서 재협상된다.","이 카드는 중심인물을 칭찬하거나 회상하는 카드가 아니다. 부재 전에 실제로 하던 일과 권한을 특정하고, 누가 그 빈자리를 맡아 무엇을 다르게 판단했는지 추적한다. 모르는 내면과 미상 정보는 임의로 채우지 않는다. 귀환이 없는 원문에는 귀환을 만들지 않으며, 짧은 부재나 대체 절차가 이미 안정된 조직에는 과도한 권한 이동을 추가하지 않는다. 일반적인 영향의 전승과 조연 독립성은 F17을 별도로 사용한다.","TH-REF16-ABS-01 · 부재가 타인의 일과 귀환 재분류를 만든다 (TH-REF16-ABS-01%20%C2%B7%20%EB%B6%80%EC%9E%AC%EA%B0%80%20%ED%83%80%EC%9D%B8%EC%9D%98%20%EC%9D%BC%EA%B3%BC%20%EA%B7%80%ED%99%98%20%EC%9E%AC%EB%B6%84%EB%A5%98%EB%A5%BC%20%EB%A7%8C%EB%93%A0%EB%8B%A4%2021bbaa79eaae82b39543016d5af39359.md), TH-REF16-TRI-01 · 독자·인물·작가가 상호 책임으로 재배치된다 (TH-REF16-TRI-01%20%C2%B7%20%EB%8F%85%EC%9E%90%C2%B7%EC%9D%B8%EB%AC%BC%C2%B7%EC%9E%91%EA%B0%80%EA%B0%80%20%EC%83%81%ED%98%B8%20%EC%B1%85%EC%9E%84%EC%9C%BC%EB%A1%9C%20%EC%9E%AC%EB%B0%B0%EC%B9%98%EB%90%9C%EB%8B%A4%20b31baa79eaae833f901d01aea4acb70a.md), TH-REF16-GRP-01 · 집단이 부재한 사람을 왜곡 가능성째 복원한다 (TH-REF16-GRP-01%20%C2%B7%20%EC%A7%91%EB%8B%A8%EC%9D%B4%20%EB%B6%80%EC%9E%AC%ED%95%9C%20%EC%82%AC%EB%9E%8C%EC%9D%84%20%EC%99%9C%EA%B3%A1%20%EA%B0%80%EB%8A%A5%EC%84%B1%EC%A7%B8%20%EB%B3%B5%EC%9B%90%ED%95%9C%EB%8B%A4%206bdbaa79eaae83ff96400108887b9ed0.md)",표현·장면 원리,조건부 생성 후보,,,,,,F11,,"중심인물의 부재는 회상량이 아니라 비어진 일·판단권·관계 의무의 재배분으로 증명한다. 남은 인물은 불완전한 정보 속에서 임시 담당·수정·중단·비용 부담 중 하나를 수행하고, 귀환 또는 재호명 뒤에는 부재 중 생긴 권한과 해석을 자동 복원하지 않고 다시 협상한다.","- 부재 전 중심인물이 실제로 맡던 일·결정권·관계 의무가 확인된다.
- 부재가 현재 원문에서 실제 업무·정보·감정·관계의 빈칸을 만든다.
- 남은 인물이 불완전한 정보로 임시 판단과 비용을 부담한다.
- 귀환·재호명이 원문에 있을 때만 권한 재협상을 적용한다.",,부재 전 실제 역할과 권한 → 비어진 일과 정보 공백 → 임시 담당자의 판단과 비용 → 다른 구성원의 수정·거절·분담 → 남은 미상 영역 → 원문에 귀환이 있을 경우 권한·관계 재협상,V3.1 REF_MECHANISM_CARDS/MC-ABS-01 · 부재를 빈자리의 일·권한·귀환 재협상으로 증명.,No,,관련 카드: F17은 영향의 전승과 독립 판단을 다루지만 필수 조합이 아니다. F11은 실제 부재가 원문에 있을 때만 사용한다.,,"주인공이 사라진 뒤 부관이 명령을 그대로 반복하는 대신, 현장 손실을 근거로 계획을 중단하고 다른 인물에게 수정권을 넘긴다. 주인공이 돌아와도 그 결정은 취소되지 않고 새 책임 구조를 두고 협상한다.",발동 중단: 장기 누적 없음,,56,,"- 이전에 중심인물이 만들거나 바꾼 규칙·습관·권한이 누적되었다.
- 조연마다 그 규칙을 유지하는 독립 이유가 있다.
- 부재가 실제 업무·감정·관계의 빈칸을 만든다."
F17 · 영향의 전승을 말투가 아닌 판단권으로 증명,MC-CHR-02 · 영향의 전승을 말투가 아닌 판단권으로 증명 (MC-CHR-02%20%C2%B7%20%EC%98%81%ED%96%A5%EC%9D%98%20%EC%A0%84%EC%8A%B9%EC%9D%84%20%EB%A7%90%ED%88%AC%EA%B0%80%20%EC%95%84%EB%8B%8C%20%ED%8C%90%EB%8B%A8%EA%B6%8C%EC%9C%BC%EB%A1%9C%20%EC%A6%9D%EB%AA%85%209eabaa79eaae83ce98e301cf576763a7.md),현행 유지,"2026-08-02 승격 감사. 기존 F11에 결합돼 있던 ‘부재 구조’와 ‘영향의 전승’을 분리했다. MC-CHR-02는 REF-04·08·16·25의 7개 심층 스레드에서 반복되므로 독립 실행 카드로 승격한다. 단, 최종 독립성·장기 충돌 반례는 추가 현장 검증이 필요하다.",정규화 완료·현장 검증 대기,,"V3.1 직접 근거: REF-04·REF-08·REF-16·REF-25 / MC-CHR-02의 심층 증거 스레드 7건. 부재·귀환은 필수 조건에서 제외하고, 실제 판단권·정보·위험·책임 이전만 공용화한다.","- 후계자·제자·동료에게 원래 인물의 말투·농담·욕설·결론을 복제하지 않는다.
- 원래 인물의 승인 없이는 아무 결정도 못 하게 만들지 않는다.
- 독립 선택이 나오자마자 서사가 틀린 선택으로 교정하지 않는다.
- 원문에 없는 권한·후계 구도·결별·조직 개편을 추가하지 않는다.
- 군사 훈련·의례처럼 의도적 표준화가 필요한 영역까지 억지로 차별화하지 않는다.",캐릭터 구현,단계 발전형,,,주인공의 영향력은 유지하면서도 조연·제자·후계자가 복제물이 아니라 자기 욕망과 책임을 가진 독립 인물로 성장한 감각을 준다.,2026년 8월 2일 오후 9:50,Yes,중간,높음,모방·승인 대기 → 자기 기준으로 변형·독립 판단·책임 부담,Yes,"F11, R-10",추출 후보,층=캐릭터·관계 누적 / 발동 증상=영향받은 인물이 원본의 말투와 결론만 복제 / 필수 증거=독립 욕망·실제 권한·다른 결론의 비용,"영향을 받은 인물이 원래 인물에게서 배운 판단 기준을 자기 욕망·역할·지식에 맞게 변형하고, 단순 모방이나 승인 대기가 아닌 독립 선택을 한다. 그 선택이 정보·권한·위험·책임·관계 중 최소 하나를 실제로 바꾸며, 원래 인물이나 주변 조직의 재반응까지 현재 장면 또는 원문 범위 안에서 확인된다.","먼저 원래 인물이 반복 행동으로 증명한 판단 기준과 수용자가 원래부터 가진 욕망·두려움·책임을 분리한다. 이후 원문에 실제로 권한·정보·위험이 이전되는 지점에서, 수용자가 배운 기준을 그대로 복사하지 않고 자기 위치에서 재해석하게 한다. 깊이는 말투가 닮았다는 감탄이 아니라 같은 기준으로도 다른 질문·우선순위·대가를 택하는 데서 나온다. 독립 선택이 원래 인물의 예상과 다르더라도 즉시 오류로 교정하지 않고, 현재 원문에 존재하는 결과와 재반응을 보존한다. 부재·귀환·후계자 설정은 필수가 아니며, 원문에 후속 전승이 없으면 해당 장면에서 카드 사용을 종료한다.","TH-REF04-ENG-01 · 반복은 정답이 아니라 선택 기준을 바꾼다 (TH-REF04-ENG-01%20%C2%B7%20%EB%B0%98%EB%B3%B5%EC%9D%80%20%EC%A0%95%EB%8B%B5%EC%9D%B4%20%EC%95%84%EB%8B%88%EB%9D%BC%20%EC%84%A0%ED%83%9D%20%EA%B8%B0%EC%A4%80%EC%9D%84%20%EB%B0%94%EA%BE%BC%EB%8B%A4%20fcdbaa79eaae826baf488136f0805e4c.md), TH-REF04-REL-01 · 추상 명제는 관계 행동으로 정산된다 (TH-REF04-REL-01%20%C2%B7%20%EC%B6%94%EC%83%81%20%EB%AA%85%EC%A0%9C%EB%8A%94%20%EA%B4%80%EA%B3%84%20%ED%96%89%EB%8F%99%EC%9C%BC%EB%A1%9C%20%EC%A0%95%EC%82%B0%EB%90%9C%EB%8B%A4%20c23baa79eaae822cb5140142f8937722.md), TH-REF08-ORG-01 · 아이디어가 타인의 이해를 거쳐 제도가 된다 (TH-REF08-ORG-01%20%C2%B7%20%EC%95%84%EC%9D%B4%EB%94%94%EC%96%B4%EA%B0%80%20%ED%83%80%EC%9D%B8%EC%9D%98%20%EC%9D%B4%ED%95%B4%EB%A5%BC%20%EA%B1%B0%EC%B3%90%20%EC%A0%9C%EB%8F%84%EA%B0%80%20%EB%90%9C%EB%8B%A4%206bebaa79eaae82e7860e015d30d6dbcf.md), TH-REF25-ORG-01 · 한 사람의 방식이 집단의 판단 언어로 변형된다 (TH-REF25-ORG-01%20%C2%B7%20%ED%95%9C%20%EC%82%AC%EB%9E%8C%EC%9D%98%20%EB%B0%A9%EC%8B%9D%EC%9D%B4%20%EC%A7%91%EB%8B%A8%EC%9D%98%20%ED%8C%90%EB%8B%A8%20%EC%96%B8%EC%96%B4%EB%A1%9C%20%EB%B3%80%ED%98%95%EB%90%9C%EB%8B%A4%20888baa79eaae839d818381549a35dfd8.md), TH-REF25-ENG-01 · 과거의 후회가 현재의 기초 선택으로 바뀐다 (TH-REF25-ENG-01%20%C2%B7%20%EA%B3%BC%EA%B1%B0%EC%9D%98%20%ED%9B%84%ED%9A%8C%EA%B0%80%20%ED%98%84%EC%9E%AC%EC%9D%98%20%EA%B8%B0%EC%B4%88%20%EC%84%A0%ED%83%9D%EC%9C%BC%EB%A1%9C%20%EB%B0%94%EB%80%90%EB%8B%A4%2011fbaa79eaae8361a470018a52b07771.md), TH-REF16-TRI-01 · 독자·인물·작가가 상호 책임으로 재배치된다 (TH-REF16-TRI-01%20%C2%B7%20%EB%8F%85%EC%9E%90%C2%B7%EC%9D%B8%EB%AC%BC%C2%B7%EC%9E%91%EA%B0%80%EA%B0%80%20%EC%83%81%ED%98%B8%20%EC%B1%85%EC%9E%84%EC%9C%BC%EB%A1%9C%20%EC%9E%AC%EB%B0%B0%EC%B9%98%EB%90%9C%EB%8B%A4%20b31baa79eaae833f901d01aea4acb70a.md), TH-REF16-GRP-01 · 집단이 부재한 사람을 왜곡 가능성째 복원한다 (TH-REF16-GRP-01%20%C2%B7%20%EC%A7%91%EB%8B%A8%EC%9D%B4%20%EB%B6%80%EC%9E%AC%ED%95%9C%20%EC%82%AC%EB%9E%8C%EC%9D%84%20%EC%99%9C%EA%B3%A1%20%EA%B0%80%EB%8A%A5%EC%84%B1%EC%A7%B8%20%EB%B3%B5%EC%9B%90%ED%95%9C%EB%8B%A4%206bdbaa79eaae83ff96400108887b9ed0.md)",장편 깊이 원리,조건부 생성 후보,주도·보조 모두,,,,,F17,,"한 인물의 영향은 다른 인물이 같은 말과 행동을 반복하는 것으로 증명하지 않는다. 영향을 받은 인물이 자기 욕망·역할·지식에 따라 배운 판단 기준을 변형하고, 실제 권한·정보·위험을 넘겨받은 자리에서 원래 인물과 다른 결론까지 감수하게 한다.","- 원래 인물의 판단 습관이 이전 장면에서 행동으로 증명됐다.
- 수용자에게 영향받기 전부터 독립 욕망·두려움·책임 영역이 있다.
- 현재 원문에서 실제 권한·정보·위험·업무 중 하나가 이전된다.
- 수용자의 선택이 주변 인물이나 조직의 행동을 바꿀 수 있다.",,원래 인물의 반복된 판단 기준 → 수용자의 독립 욕망·책임 → 실제 권한·정보·위험 이전 → 수용자의 변형 해석 → 독립 선택과 비용 → 원래 인물·조직의 재반응 → 현재 관계·역할 상태 변화,V3.1 REF_MECHANISM_CARDS/MC-CHR-02 · 영향의 전승을 말투가 아닌 판단권으로 증명.,No,캐릭터,"보조 조합: F10(조직으로 확장될 때), GTC-03(실제 결정권이 이동할 때), F16(수용자의 독립 반응이 대화로 드러날 때). 필수 조합은 아니다.",,"스승이 늘 사람을 살릴 가능성을 먼저 계산했다면, 제자는 같은 문장을 되풀이하지 않는다. 자기 책임 구역에서는 다수를 지키기 위해 스승이 택하지 않았을 제한을 제안하고, 그 결정의 비난과 후속 책임을 직접 맡는다.","발동 중단: 실제 권한 이전 없음, 수용자의 독립 욕망 없음, 의도적 표준화가 핵심인 장면",,57,,"- 영향의 원천이 된 판단 기준이 말이 아니라 행동으로 누적됐다.
- 수용자가 원래부터 독립된 욕망과 손실 가능성을 가진다.
- 현재 원문이 수용자에게 판단할 실제 영역을 제공한다."
폐기 · OPS-01 · 실행 카드 경량 컴파일·조회 계약,,폐기 검토,2026-08-02 사용자 정정: 해당 정리 방식은 기법 연구 프로젝트 내부에서만 유지하며 공용 각색 스킬이나 실행 카드 운영 규칙으로 확장하지 않는다.,사용 중지,,,각색 스킬의 선택·선조회·감사 대상으로 사용하지 않는다.,회차 설계,단발형,,,,2026년 8월 2일 오후 11:58,Yes,낮음,높음,,No,,폐기,폐기 · 프로젝트 범위 오판,,"권장 형식: 적용 조건 1문장, 작동 원리 1문장, 전개 구조 1개 사슬, 완료 조건과 금지 조건은 각 3항 이하. 구체 원문 동작·문장·반례는 심층 증거에만 보존한다.",,실행 엔진,자동 적용 금지,주도·보조 모두,,,,,OPS-01,,프로젝트 범위 오판으로 폐기.,사용하지 않음. 기법 연구 프로젝트의 작성 규칙을 공용 실행 카드로 잘못 등록한 항목이다.,,,사용자 확정 운영 지침 · 2026-08-02,No,골격,,,트리거 / 배열 / 지문 슬롯 / 상태 변화 / 금지,,,58,,"실행 카드가 대표 심층 증거 스레드와 연결되어 있고, 상세 근거는 그 관계를 따라 조회할 수 있어야 한다."
C-DLG-01 · 판정 발화를 수용 반응과 권리 변화로 확정,MC-DLG-01 · 발화 의도와 수용 의미 분리 (MC-DLG-01%20%C2%B7%20%EB%B0%9C%ED%99%94%20%EC%9D%98%EB%8F%84%EC%99%80%20%EC%88%98%EC%9A%A9%20%EC%9D%98%EB%AF%B8%20%EB%B6%84%EB%A6%AC%20f7bbaa79eaae83d0a9e4019cbfec6a9c.md),신규 승격 후보,단일 REF-11 장면의 표현 구조를 복수 REF의 발화·수용 메커니즘과 결합해 컴파일했다. 실제 집필 적용 영수증이 없어 활성 승격하지 않는다.,정규화 완료·현장 검증 대기,S2 · 복수 REF,REF-11 2~5화의 연속 인정 장면 + MC-DLG-01 및 REF-24 발화·수용 스레드,"장문 칭찬, 모든 대사 뒤 표정 지문, ‘놀랐다’ 같은 감정명만으로 수용 대체, 상태 변화 없는 호칭 교체.",관계·대화,단발형,,,말뿐인 칭찬이 아니라 지위가 실제로 바뀌는 보상과 관계 긴장을 동시에 체감한다.,2026년 8월 2일 오후 11:58,Yes,중간,높음,평가 발화 → 수용 확인 → 실제 지위·행동 변화,Yes,MC-DLG-01 · R-12,시험 검증,인정 · 판정 · 짧은 발화 · 수용 반응 · 권리 변화,"대사량 증가 없이 판정 전후의 지위 차이, 청자의 수용 증거, 실제 권리·행동 변화가 모두 보인다.","수용 지문은 판정 직후 한 번이 기본이나, 다음 행동 자체가 수용을 명확히 증명하면 생략할 수 있다. 반응은 현재 인물의 직전 행동과 성격에서 새로 선택하며 참고작의 손·눈·침묵 배열을 복제하지 않는다.","TH-REF11-STR-01 · 서로 다른 권위자의 연속 인정이 보상과 상실을 함께 키운다 (TH-REF11-STR-01%20%C2%B7%20%EC%84%9C%EB%A1%9C%20%EB%8B%A4%EB%A5%B8%20%EA%B6%8C%EC%9C%84%EC%9E%90%EC%9D%98%20%EC%97%B0%EC%86%8D%20%EC%9D%B8%EC%A0%95%EC%9D%B4%20%EB%B3%B4%EC%83%81%EA%B3%BC%20%EC%83%81%EC%8B%A4%EC%9D%84%20%ED%95%A8%EA%BB%98%20%ED%82%A4%EC%9A%B4%EB%8B%A4%203b0baa79eaae81489c10f1d2699c51f2.md), TH-REF24-DLG-05 · 청자별 수용 분기와 후속 행동 (TH-REF24-DLG-05%20%C2%B7%20%EC%B2%AD%EC%9E%90%EB%B3%84%20%EC%88%98%EC%9A%A9%20%EB%B6%84%EA%B8%B0%EC%99%80%20%ED%9B%84%EC%86%8D%20%ED%96%89%EB%8F%99%208f0baa79eaae831796c681d9b5bf6421.md), TH-REF24-DLG-04 · 발화 내용과 수용 의미의 분리 (TH-REF24-DLG-04%20%C2%B7%20%EB%B0%9C%ED%99%94%20%EB%82%B4%EC%9A%A9%EA%B3%BC%20%EC%88%98%EC%9A%A9%20%EC%9D%98%EB%AF%B8%EC%9D%98%20%EB%B6%84%EB%A6%AC%200acbaa79eaae82fa858d816f00e835fb.md)",표현·장면 원리,조건부 생성 후보,보조 문법,,,,,REF-11 · REF-18 · REF-19 · REF-24,"갈등 심화기, 관계 형성기, 회수·보상기","평가를 길게 설명하지 않고 짧은 판정 뒤 청자의 수용을 반응 또는 다음 행동으로 확인한 다음, 관계 권리나 선택지를 실제로 바꾼다.",권위자나 관계 상대의 판정이 생사·소속·접근·명령·제안 중 하나를 실제로 바꿔야 하는 장면.,,기존 지위 표시 → 짧은 판정 → 청자의 수용 신호 → 답변·행동 → 호칭·공격·제안·접근·명령 중 한 상태 변화.,,Yes,"감정, 표현",,,낮은 지위 표시 → 판정 한 줄 → 수용 반응 1회 → 호칭·공격·제안·접근 중 1개 변화.,"이미 행동으로 인정이 확정된 뒤 같은 내용을 다시 대사로 설명하는 장면, 즉시 행동만 가능한 전투 중간, 판정자가 실제 권한을 갖지 않는 상황.",,59,판정자의 권한과 피평가자의 선택권,판정 전의 낮거나 불확실한 지위와 판정자가 실제로 바꿀 수 있는 권리·행동이 장면 안에 존재해야 한다.
C-ENG-01 · 회피하던 악명과 사망 플래그를 최종 해결의 사회적 비용으로 전환한다,,신규 승격 후보,REF-45 내부의 두 VERIFIED_THREAD를 결합한 장편 회수형 S1 후보다. 작품 고유 설정 의존과 자기희생 미화 위험이 커 복수 REF·실전 검증 전 활성화하지 않는다.,조건부 장편 후보,S1 · 단일 REF,"REF-45의 초반 필연적 사망·악역 역할, 중간부의 유용성·신뢰·권한·악명 동시 누적, 결말의 공개 악역화와 책임 인수.",갑작스러운 고귀한 희생으로 대체하지 않는다. 한 사람의 죽음만으로 사회 문제가 자동 해결되게 하지 않는다. 진실 공개 뒤 모든 상처·오해·제도 비용을 삭제하지 않는다.,회차 설계,장기 회수형,,,"오랫동안 피해야 할 위협으로 보였던 플래그가 결말의 선택 비용으로 뒤집히며, 성장 보상과 상실을 동시에 회수하는 충격을 만든다.",2026년 8월 5일 오전 12:26,Yes,높음,중간,회피 대상 플래그 → 악명·능력의 동시 누적 → 공공 계획의 비용 → 타인의 책임 인수,Yes,TH-REF45-02와 TH-REF45-10의 결합 근거. MC 미작성·S2 비교 전.,시험 검증,사망 플래그 회수 · 악명 자원화 · 공개·사적 정보 분리 · 책임 집중 · 장편 클라이맥스,초반 플래그가 결말에서 다른 기능으로 실제 사용된다. 공적 해석과 일부 인물의 사적 목적 인식이 분리된다. 계획의 성공이 주인공의 희생만이 아니라 남은 인물들의 독립 행동과 책임 인수에 달려 있다.,악명을 말로 선언하지 말고 공적 기록·권한·피해·오해로 누적한다. 최종 전환 뒤에도 관계 손실과 제도 복구 비용을 삭제하지 않는다.,"TH-REF45-02 · 예정된 악역의 악명과 죽음을 공공 구원의 자원으로 전환하는 장기 구성 (TH-REF45-02%20%C2%B7%20%EC%98%88%EC%A0%95%EB%90%9C%20%EC%95%85%EC%97%AD%EC%9D%98%20%EC%95%85%EB%AA%85%EA%B3%BC%20%EC%A3%BD%EC%9D%8C%EC%9D%84%20%EA%B3%B5%EA%B3%B5%20%EA%B5%AC%EC%9B%90%EC%9D%98%20%EC%9E%90%EC%9B%90%EC%9C%BC%EB%A1%9C%20%EC%A0%84%ED%99%98%ED%95%98%EB%8A%94%20%EC%9E%A5%EA%B8%B0%20%203b2baa79eaae8104b571e41115b3b492.md), TH-REF45-10 · 위기 책임을 선취해 얻은 관할권이 보호 장치와 신뢰 가능한 최종 위협으로 누적되는 장기 구성 (TH-REF45-10%20%C2%B7%20%EC%9C%84%EA%B8%B0%20%EC%B1%85%EC%9E%84%EC%9D%84%20%EC%84%A0%EC%B7%A8%ED%95%B4%20%EC%96%BB%EC%9D%80%20%EA%B4%80%ED%95%A0%EA%B6%8C%EC%9D%B4%20%EB%B3%B4%ED%98%B8%20%EC%9E%A5%EC%B9%98%EC%99%80%20%EC%8B%A0%EB%A2%B0%20%EA%B0%80%EB%8A%A5%ED%95%9C%20%EC%B5%9C%EC%A2%85%20%203b2baa79eaae81d78c6dc5dca13da57c.md)",장편 깊이 원리,조건부 생성 후보,주도 문법,,,,,REF-45,"갈등 심화기, 도입부, 성장 누적기, 클라이맥스, 회수·보상기","초반부터 회피해 온 악명·사망·배신 가능성을 유용성·권한·신뢰와 함께 누적한 뒤, 공적 해석과 사적 목적을 분리해 최종 공공 문제의 실제 비용으로 사용한다.","장편 초반부터 악명·사망·배신 플래그가 반복되고, 결말의 집단 문제를 해결하려면 특정 인물에게 책임이나 적대를 집중할 구조적 이유가 있는 경우.","게임·빙의, 대체역사, 정치, 판타지, 퓨전, 현대판타지",위험 플래그 공개 → 유용성·신뢰와 악명 동시 누적 → 실제 권한·위협 능력 확보 → 일부에게만 목적 공유 → 공적 악역화 → 악명·사망을 사회적 비용으로 사용 → 남은 인물의 책임 인수.,,Yes,"골격, 종결",,,초반의 죽음·배신 예고를 반복 보존 → 실제 위협 능력 축적 → 결말에서 평판과 책임을 한곳에 모아 집단 문제의 비용으로 지불.,"주인공에게 실제 공적 신뢰·악명·권한이 누적되지 않았거나, 모든 이해관계자가 진실을 알고 있어 공개 적대가 기능하지 않는 경우.",,62,"악명과 책임을 짊어지는 중심 인물, 진의를 부분적으로 아는 협력자, 공적 적대로 남는 조직과 대중","초반 플래그, 장기간의 공적 평판, 실제 위협 능력이나 권한, 진의를 공유할 일부 인물, 희생 이후 책임을 인수할 후속 행위자가 모두 있어야 한다."
C-REL-01 · 손상된 관계를 원상복구하지 않고 권리를 반환한 뒤 다시 선택하게 한다,,현행 유지,"단일 REF 근거이지만 사용자의 명시 승인으로 활성화한다. 자동 적용은 선택 엔진의 조건 일치 시 후보로 선택되는 의미이며, 원문·정사·관계 권리 잠금과 NO_OP 허용을 유지한다.",운영 규칙 확정,S1 · 단일 REF,REF-45의 강제 약혼·진로 통제·공식 관계 해체·독립 목표 선택·새 수호 관계까지 떨어진 구간의 반복과 반례.,희생의 진실로 과거 가해를 면제하지 않는다. 관계 해체 직후 자동 재결합시키지 않는다. 감사·부채·의존을 자유의지와 동일시하지 않는다.,관계·대화,장기 회수형,,,"재결합의 즉각적 안도 대신 상실을 보존하면서, 피해자가 실제 선택권을 되찾는 더 강한 관계 보상을 체감한다.",2026년 8월 5일 오전 12:26,Yes,중간,높음,강요된 관계 권리 → 공식 반환 → 독립 선택 → 새 관계 부여 또는 결별,Yes,"MC-REL-01과 인접하나, 신뢰 갱신이 아니라 기존 관계 권리의 폐기와 재부여를 다룬다.",활성,관계 해체 · 선택권 반환 · 원상복구 거부 · 재선택 · 관계 종결,기존 관계가 주던 간섭·소유·명령권 중 하나 이상이 실제로 소멸한다. 상대가 관계 밖의 독립 목표나 행동을 선택한다. 새 관계가 생기면 피해 당사자의 발화나 행동으로 권리가 다시 부여된다.,"감정 고백보다 권리 변화를 먼저 확정한다. 관계 해체 뒤 상대가 혼자 선택하는 구간을 확보하고, 새 관계가 없다면 결별도 완료로 인정한다.",TH-REF45-09 · 강요된 약혼을 공식 해체한 뒤 상대가 자유의지로 수호 관계를 새로 선택하는 장기 구성 (TH-REF45-09%20%C2%B7%20%EA%B0%95%EC%9A%94%EB%90%9C%20%EC%95%BD%ED%98%BC%EC%9D%84%20%EA%B3%B5%EC%8B%9D%20%ED%95%B4%EC%B2%B4%ED%95%9C%20%EB%92%A4%20%EC%83%81%EB%8C%80%EA%B0%80%20%EC%9E%90%EC%9C%A0%EC%9D%98%EC%A7%80%EB%A1%9C%20%EC%88%98%ED%98%B8%20%EA%B4%80%EA%B3%84%EB%A5%BC%20%EC%83%88%EB%A1%9C%203b2baa79eaae814da0b7faf89d1dfb83.md),장편 깊이 원리,선택 엔진,주도·보조 모두,,,,,REF-45,"갈등 심화기, 관계 형성기, 회수·보상기","가해 측이 기존 관계에서 행사하던 권리를 공식 포기해 상대를 자유 상태로 만든 뒤, 상대가 자기 목표를 먼저 정하고 필요할 때만 새로운 관계 권리를 다시 부여하게 한다.",과거의 통제·강요·의존 조작 때문에 진실 공개나 사과만으로 이전 관계를 복구하면 피해자의 선택권을 다시 침해하는 장면.,"게임·빙의, 기업·경제, 정치, 판타지, 퓨전, 현대판타지",구체적 권리 침해 확인 → 기존 관계 권리 포기 → 자유 상태 확정 → 상대의 독립 목표 선택 → 새 관계 요청·수락 또는 결별.,,No,"감정, 골격, 종결",,,간섭권·소유권 포기 → 상대가 혼자 진로 결정 → 필요하면 전과 다른 관계를 상대가 다시 선택.,"기존 관계에 실질적인 강요나 권리 침해가 없거나, 긴급 생존 행동이 관계 정산보다 우선인 장면.",,60,권리를 반환해야 하는 가해자와 자유 상태에서 삶을 다시 고르는 당사자,"구체적으로 침해된 관계 권리와, 관계 밖에서도 상대가 선택할 수 있는 목표·직업·소속이 확인되어야 한다."
C-REP-01 · 손상된 신뢰를 검증된 사안 단위로만 복구한다,,현행 유지,"단일 REF 근거이지만 사용자의 명시 승인으로 활성화한다. 자동 적용은 평판 손상과 검증 가능한 단일 사안이 동시에 존재할 때 선택 엔진이 조회하는 의미이며, 전면 복권을 금지한다.",운영 규칙 확정,S1 · 단일 REF,"REF-45의 과거 연구 비위 평판, 적대적 질문 준비, 독립 심사, 공개 풀이·반론·시연, 과오 인정과 후반 재비난.",한 번의 압도적 성취로 과거를 세탁하지 않는다. 칭찬 인원수를 증거로 세지 않는다. 모든 관찰자가 같은 범위로 신뢰를 회복하게 하지 않는다.,캐릭터 구현,단계 발전형,,,"압도적 성취로 과거가 세탁되는 불신을 피하면서, 현재 성과를 납득하고 인물의 책임 문제를 계속 긴장으로 보존한다.",2026년 8월 5일 오전 12:26,Yes,중간,높음,전면 불신 → 사안 검증 → 해당 능력·성과만 제한적 신뢰 → 과거 책임 유지,Yes,"R-02와 인접하나, 관찰자별 차이보다 동일 인물에 대한 사실 판정과 도덕 판정의 분리를 다룬다.",활성,평판 회복 · 적대적 검증 · 독립 증거 · 부분 신뢰 · 과오 보존,현재 주장이나 성과가 독립된 증거로 검증된다. 적어도 한 관찰자가 검증된 사안에 한해 행동권·접근권·발언권을 갱신한다. 과거 비위와 도덕 책임은 별도 판정으로 남는다.,"칭찬보다 질문·반론·시험을 먼저 둔다. 설명·기록·시연처럼 서로 다른 증거를 사용하되, 장면 길이에 맞춰 둘 이상만 선택해도 된다.",TH-REF45-08 · 과거 비위가 있는 전문가가 반대자의 질문·공개 증명·책임 인정으로 제한적 신뢰를 재건하는 장기 구성 (TH-REF45-08%20%C2%B7%20%EA%B3%BC%EA%B1%B0%20%EB%B9%84%EC%9C%84%EA%B0%80%20%EC%9E%88%EB%8A%94%20%EC%A0%84%EB%AC%B8%EA%B0%80%EA%B0%80%20%EB%B0%98%EB%8C%80%EC%9E%90%EC%9D%98%20%EC%A7%88%EB%AC%B8%C2%B7%EA%B3%B5%EA%B0%9C%20%EC%A6%9D%EB%AA%85%C2%B7%EC%B1%85%EC%9E%84%20%EC%9D%B8%EC%A0%95%EC%9C%BC%EB%A1%9C%203b2baa79eaae810c8aeceaa7fb7d4bb7.md),장편 깊이 원리,선택 엔진,보조 문법,,,,,REF-45,"갈등 심화기, 성장 누적기, 회수·보상기","현재 주장이나 성과의 사실성은 적대적 질문과 독립 증거로 검증하고, 과거 인물의 도덕 책임은 별도 판정으로 남겨 신뢰를 사안별로만 복구한다.",과거 비위·실패·기만 때문에 유능한 인물의 현재 성과를 자기 선언이나 주변 칭찬만으로 믿게 할 수 없는 장면.,"게임·빙의, 기업·경제, 스포츠, 연예계, 정치, 판타지, 퓨전, 현대판타지",손상된 평판 제시 → 적대적 질문·반론 → 독립 기록·시연·결과 검증 → 해당 사안의 권리 갱신 → 과거 책임 별도 유지.,,No,"캐릭터, 표현",,,과거 비위 재호명 → 반대자의 검증 → 현재 성과만 승인 → 과거 책임은 미해결로 남김.,"검증할 시간이나 독립 증거가 전혀 없는 즉시 생존 장면, 또는 현재 주장과 과거 비위가 동일 사건이라 분리 판정할 수 없는 경우.",,61,현재 능력을 증명해야 하는 문제 인물과 사실·도덕 판정을 분리하는 반대자·조직,"과거 불신의 구체적 원인, 현재 검증할 단일 주장이나 성과, 독립적으로 확인 가능한 증거가 있어야 한다."
R-COST-01 · 진실 공개 뒤에도 이미 발생한 관계·평판·제도 비용을 삭제하지 않는다,,현행 유지,REF-45의 복수 VERIFIED_THREAD에서 반복 확인된 마감 감사 원리다. 장면 생성에는 사용하지 않고 화해·반전·진실 공개·희생 회수 뒤 비용 소거 여부만 검사한다.,감사 전용,S1 · 단일 REF,"REF-45의 희생 의도 공개 뒤 남은 관계 손상, 현재 성과 검증 뒤 남은 과거 비위, 공식 파혼 뒤 사라진 연애 권리, 사적 신뢰 회복 뒤 남은 공개 적대와 명예 손실.",새로운 비극을 억지로 추가하지 않는다. 용서받지 못해야만 현실적이라고 단정하지 않는다. 모든 비용을 영구 상실로 고정하지 않고 원문이 허용한 복구 가능성을 보존한다.,회차 설계,단발형,,,"반전 한 번으로 과거 피해가 세탁되는 허탈감을 막고, 회복된 것과 영구적으로 잃은 것이 함께 남는 결말의 무게를 보존한다.",2026년 8월 5일 오전 12:31,No,낮음,높음,진실 공개·의도 해명 → 복구 항목 확인 → 잔존 비용 확인 → 후속 부담 주체와 행동 확정,Yes,"C-REL-01, C-REP-01, C-REL-02, C-ENG-01의 회수 장면을 사후 감사하되 생성 결정을 대신하지 않는다.",활성,진실 공개 감사 · 화해 비용 · 평판 잔존 · 제도 복구 · 관계 권리 · 피해 세탁 방지,진실 공개 전후로 관계 권리·평판·직위·자원·신체·기억 중 무엇이 복구되고 무엇이 남는지 구분된다. 남은 비용을 부담하는 인물이나 조직과 후속 행동이 최소 하나 확인된다. 모든 피해가 감정적 용서 한 번으로 소거되지 않는다.,"감사 질문은 ‘무엇이 복구됐는가, 무엇은 사라졌는가, 누가 아직 비용을 부담하는가’ 세 가지로 고정한다. 장면에 새 상처를 추가하지 말고 원문과 정사에 이미 발생한 비용만 추적한다.","TH-REF45-02 · 예정된 악역의 악명과 죽음을 공공 구원의 자원으로 전환하는 장기 구성 (TH-REF45-02%20%C2%B7%20%EC%98%88%EC%A0%95%EB%90%9C%20%EC%95%85%EC%97%AD%EC%9D%98%20%EC%95%85%EB%AA%85%EA%B3%BC%20%EC%A3%BD%EC%9D%8C%EC%9D%84%20%EA%B3%B5%EA%B3%B5%20%EA%B5%AC%EC%9B%90%EC%9D%98%20%EC%9E%90%EC%9B%90%EC%9C%BC%EB%A1%9C%20%EC%A0%84%ED%99%98%ED%95%98%EB%8A%94%20%EC%9E%A5%EA%B8%B0%20%203b2baa79eaae8104b571e41115b3b492.md), TH-REF45-08 · 과거 비위가 있는 전문가가 반대자의 질문·공개 증명·책임 인정으로 제한적 신뢰를 재건하는 장기 구성 (TH-REF45-08%20%C2%B7%20%EA%B3%BC%EA%B1%B0%20%EB%B9%84%EC%9C%84%EA%B0%80%20%EC%9E%88%EB%8A%94%20%EC%A0%84%EB%AC%B8%EA%B0%80%EA%B0%80%20%EB%B0%98%EB%8C%80%EC%9E%90%EC%9D%98%20%EC%A7%88%EB%AC%B8%C2%B7%EA%B3%B5%EA%B0%9C%20%EC%A6%9D%EB%AA%85%C2%B7%EC%B1%85%EC%9E%84%20%EC%9D%B8%EC%A0%95%EC%9C%BC%EB%A1%9C%203b2baa79eaae810c8aeceaa7fb7d4bb7.md), TH-REF45-09 · 강요된 약혼을 공식 해체한 뒤 상대가 자유의지로 수호 관계를 새로 선택하는 장기 구성 (TH-REF45-09%20%C2%B7%20%EA%B0%95%EC%9A%94%EB%90%9C%20%EC%95%BD%ED%98%BC%EC%9D%84%20%EA%B3%B5%EC%8B%9D%20%ED%95%B4%EC%B2%B4%ED%95%9C%20%EB%92%A4%20%EC%83%81%EB%8C%80%EA%B0%80%20%EC%9E%90%EC%9C%A0%EC%9D%98%EC%A7%80%EB%A1%9C%20%EC%88%98%ED%98%B8%20%EA%B4%80%EA%B3%84%EB%A5%BC%20%EC%83%88%EB%A1%9C%203b2baa79eaae814da0b7faf89d1dfb83.md), TH-REF45-11 · 사적 신뢰를 회복한 형제 관계가 공적 적대를 유지한 채 보호 작전의 내부 협력으로 전환되는 장기 구성 (TH-REF45-11%20%C2%B7%20%EC%82%AC%EC%A0%81%20%EC%8B%A0%EB%A2%B0%EB%A5%BC%20%ED%9A%8C%EB%B3%B5%ED%95%9C%20%ED%98%95%EC%A0%9C%20%EA%B4%80%EA%B3%84%EA%B0%80%20%EA%B3%B5%EC%A0%81%20%EC%A0%81%EB%8C%80%EB%A5%BC%20%EC%9C%A0%EC%A7%80%ED%95%9C%20%EC%B1%84%20%EB%B3%B4%ED%98%B8%20%EC%9E%91%EC%A0%84%203b2baa79eaae81be851ff7ef057bb33f.md)",감사 규칙,감사 전용,보조 문법,,,,,REF-45,"갈등 심화기, 클라이맥스, 회수·보상기","희생 의도·숨은 진실·오해의 원인이 밝혀진 뒤에도 이미 발생한 관계 권리 상실, 평판 손상, 제도 비용과 피해를 별도 장부로 남겨 복구 범위와 잔존 부담을 구분한다.","화해, 누명 해소, 희생 진실 공개, 정체 공개, 과거 사건의 재해석으로 갈등이 정산되는 초고를 검토할 때.","게임·빙의, 기업·경제, 대체역사, 무협, 스포츠, 연예계, 정치, 판타지, 퓨전, 현대판타지",진실 공개 확인 → 복구된 권리·평판·자원 표시 → 복구 불가·미복구 비용 표시 → 현재 부담 주체 확인 → 후속 선택·제도 조치·관계 거리로 반영.,,No,종결,,,"오해 해소 후 관계·평판·제도 장부를 각각 확인하고, 남은 비용을 다음 행동이나 관계 거리로 남긴다.","비용이 실제로 발생하지 않은 가벼운 오해, 또는 즉시 행동이 필요한 장면에서 정산을 삽입하면 호흡을 깨는 경우.",,65,"진실을 밝히는 인물, 피해와 비용을 실제로 부담한 당사자, 복구 조치를 수행할 관계자·조직","진실 공개 전 이미 발생한 구체적 관계·평판·제도 비용과, 공개 뒤 실제로 바뀔 수 있는 권리나 자원이 확인되어야 한다."
C-EDU-01 · 기준은 낮추지 않고 실패와 재도전의 권리를 보존한다,,현행 유지,단일 REF 근거이지만 사용자의 명시 승인으로 활성화한다. 자동 적용은 교육·평가 장면에서 기준 유지와 참여권 보존이 동시에 필요할 때 선택 엔진이 후보로 조회하는 의미다.,운영 규칙 확정,S1 · 단일 REF,"REF-45의 익명 지원, 공개 징계 방어, 실습 수업, 후반 제자의 재해석과 독립 판정을 연결한 VERIFIED_THREAD.",가혹함을 무조건 사랑으로 미화하지 않는다. 보호를 비밀 특혜나 결과 조작으로 대체하지 않는다. 제자의 최종 판단을 스승 칭송으로만 닫지 않는다.,캐릭터 구현,장기 회수형,,,"약자를 편애해 성공시키는 대신 스스로 실패하고 다시 판단할 자격을 지켜 주는 보호를 체감하며, 제자가 스승을 비판할 수 있을 만큼 독립적으로 성장했음을 납득한다.",2026년 8월 5일 오전 12:31,Yes,중간,높음,배제 위험 → 참여권 보존 → 동일 기준의 과제 → 실패·재시도 → 독립 판단과 비판,Yes,"보호를 성공 보장이나 기준 완화와 분리하고, 교육의 완료를 제자의 독립 판정으로 확인한다.",활성,엄격한 교육 · 실패할 권리 · 재도전 · 참여권 · 독립 판단 · 비판 가능한 제자,약자의 시험·수업·조직 접근권이 실제로 보존된다. 성취 기준과 실패 비용은 다른 인물과 동일하거나 명시적으로 정당한 차이만 둔다. 후속 장면에서 당사자가 스승의 답을 복제하지 않고 자기 판단을 내리며 필요하면 스승의 방식도 비판한다.,보호는 답을 주거나 결과를 조작하는 것이 아니라 판단할 조건과 실패 뒤 다음 선택지를 보존하는 데 둔다. 스승의 가혹함이 만든 공포·오해·낙인은 성공 결과로 자동 정당화하지 않는다.,TH-REF45-05 · 공개적으로 엄격한 교수가 약자의 실패 가능성을 보존하며 독립 판단자를 길러내는 장기 구성 (TH-REF45-05%20%C2%B7%20%EA%B3%B5%EA%B0%9C%EC%A0%81%EC%9C%BC%EB%A1%9C%20%EC%97%84%EA%B2%A9%ED%95%9C%20%EA%B5%90%EC%88%98%EA%B0%80%20%EC%95%BD%EC%9E%90%EC%9D%98%20%EC%8B%A4%ED%8C%A8%20%EA%B0%80%EB%8A%A5%EC%84%B1%EC%9D%84%20%EB%B3%B4%EC%A1%B4%ED%95%98%EB%A9%B0%20%EB%8F%85%EB%A6%BD%20%ED%8C%90%EB%8B%A8%203b2baa79eaae8194a684cd45aa3ca175.md),장편 깊이 원리,선택 엔진,주도·보조 모두,,,,,REF-45,"관계 형성기, 성장 누적기, 회수·보상기","교육자가 성공을 보장하거나 기준을 낮추는 대신 배제와 조기 탈락을 막아 실패·재시도·독립 판단의 권리를 보존하고, 최종적으로 피교육자가 교육자의 방식까지 평가하게 한다.",재능·권력 격차가 큰 교육·시험·조직 장면에서 약자를 보호해야 하지만 편의적 합격이나 답안 제공은 성장과 공정성을 훼손하는 경우.,"게임·빙의, 기업·경제, 무협, 스포츠, 연예계, 판타지, 퓨전, 현대판타지",배제 위험 확인 → 접근·응시·실패 가능성 보호 → 기준은 유지 → 판단 조건만 제공 → 실패·재시도 → 자기 기준 형성 → 스승에 대한 존경과 비판 병존.,,No,"감정, 캐릭터",,,탈락시키려는 압력 차단 → 같은 과제 부여 → 답 대신 판단 조건 제공 → 제자가 실패 뒤 재선택하고 훗날 스승과 다른 결론을 냄.,"즉시 구조가 필요한 생명 위기, 당사자의 동의 없이 반복 실패를 강요하는 상황, 평가 기준 자체가 차별적이거나 부당한 경우.",,63,기준을 유지하면서 참여권을 지키는 교육자와 실패를 거쳐 자기 기준을 만드는 학습자,"배제될 구체적 위험, 유지해야 할 평가 기준, 실패 후에도 남는 재도전 경로, 피교육자가 스스로 판단할 실제 선택지가 있어야 한다."
C-REL-02 · 공개 적대가 필요한 관계는 사적 신뢰를 불리한 협력 행동으로 증명한다,,신규 승격 후보,단일 REF의 VERIFIED_THREAD에서 컴파일했다. 공적 악역화·위장 적대 설정에 의존하며 오해 장기화와 정보 은폐 남용 위험이 있어 복수 REF 및 실전 검증 전 활성화하지 않는다.,조건부 장편 후보,S1 · 단일 REF,"REF-45의 형제 갈등, 가문 운영 협력, 후계 권한 이전, 공개 악역화, 내부 세작·암살 협력, 비공개 애도와 보호 해법 전환.",상대에게 설명 없이 위험한 역할을 강요하지 않는다. 공개 배신 뒤 곧바로 전면 명예 회복시키지 않는다. 사적 사랑이 모든 기만과 피해를 자동 정당화하게 하지 않는다.,관계·대화,장기 회수형,,,"공개 배신의 충격을 유지하면서도, 상대가 자기 평판과 감정을 희생해 계획을 완수하는 행동에서 사적 신뢰의 깊이를 뒤늦게 재해석한다.",2026년 8월 5일 오전 12:31,Yes,높음,중간,관계 회복 → 공개 적대 필요 → 불리한 협력 행동 → 제한된 사적 진실 → 사건 해결 방식 전환,Yes,"C-ENG-01과 결합 가능하지만, 악명 자원화가 아니라 가까운 관계자가 공개 적대 역할을 감당하는 관계 비용에 초점을 둔다.",시험 검증,위장 적대 · 내부 협력자 · 공개 배신 · 사적 신뢰 · 불리한 행동 · 제한 정보,"사적 신뢰가 선행 행동과 권한 이전으로 확인된다. 공개 적대 행동이 실제 계획에 필요한 정보·접근·정당성 중 하나를 제공한다. 상대는 진실 공개나 명예 회복을 즉시 보상받지 않으며, 사적 감정이 후속 사건 해결이나 선택을 바꾼다.",독자에게 모든 진실을 한 번에 설명하지 말고 공적 배신 증거와 제한된 사적 징후를 분리한다. 협력자가 지는 평판·관계·정서 비용을 결과 성공으로 지우지 않는다.,TH-REF45-11 · 사적 신뢰를 회복한 형제 관계가 공적 적대를 유지한 채 보호 작전의 내부 협력으로 전환되는 장기 구성 (TH-REF45-11%20%C2%B7%20%EC%82%AC%EC%A0%81%20%EC%8B%A0%EB%A2%B0%EB%A5%BC%20%ED%9A%8C%EB%B3%B5%ED%95%9C%20%ED%98%95%EC%A0%9C%20%EA%B4%80%EA%B3%84%EA%B0%80%20%EA%B3%B5%EC%A0%81%20%EC%A0%81%EB%8C%80%EB%A5%BC%20%EC%9C%A0%EC%A7%80%ED%95%9C%20%EC%B1%84%20%EB%B3%B4%ED%98%B8%20%EC%9E%91%EC%A0%84%203b2baa79eaae81be851ff7ef057bb33f.md),장편 깊이 원리,조건부 생성 후보,주도 문법,,,,,REF-45,"갈등 심화기, 클라이맥스, 회수·보상기","사적으로 회복된 관계를 공개할 수 없는 계획에서 가까운 인물이 배신·적대자로 보이는 불리한 행동을 실제로 수행하게 하여, 고백이 아니라 계획 완수 비용으로 신뢰를 증명한다.","공적 신뢰를 얻기 위해 가까운 관계자의 적대가 실제로 필요하고, 그 인물이 계획의 일부를 이해하며 자발적으로 불리한 역할을 선택할 수 있는 장편 갈등.","게임·빙의, 대체역사, 정치, 판타지, 퓨전, 현대판타지",손상된 관계의 행동 회복 → 권한·책임 공유 → 공개 적대 필요 발생 → 배신처럼 보이는 실질 협력 → 사적 징후 제한 공개 → 감정 진실이 후속 해법이나 선택을 변경.,,Yes,"감정, 골격, 종결",,,사적 신뢰를 먼저 쌓음 → 공개적으로는 일정 유출·공격·고발 수행 → 혼자 남은 장면에서만 보호 욕망 노출 → 그 욕망이 후속 해결책을 바꿈.,"공개 적대 없이도 계획이 성립하거나, 상대가 계획을 이해·동의하지 않았거나, 진실 은폐가 오직 반전 효과만을 위한 경우.",,64,공적 악역을 수행하는 중심 인물과 그를 지키기 위해 배신자로 보이는 가까운 협력자,"사적 신뢰의 선행 증거, 공개 적대가 필요한 구조적 이유, 협력자의 정보 보유 범위와 자발적 선택, 감당할 실제 비용이 있어야 한다."